week,hour_in_week,hour_of_day,day_in_week,node,demand
1,1,1,1,N0000,54.79363399814427
1,2,2,1,N0000,54.63357431191263
1,3,3,1,N0000,46.31047062786727
1,4,4,1,N0000,40.06814286483324
1,5,5,1,N0000,39.1077847474434
1,6,6,1,N0000,40.70838160975981
1,7,7,1,N0000,44.389754393087564
1,8,8,1,N0000,40.38826223729653
1,9,9,1,N0000,48.071127176415324
1,10,10,1,N0000,56.074111487997406
1,11,11,1,N0000,68.71882670029709
1,12,12,1,N0000,73.68067697347799
1,13,13,1,N0000,65.99781203435919
1,14,14,1,N0000,66.95817015174903
1,15,15,1,N0000,66.47799109305411
1,16,16,1,N0000,69.67918481768695
1,17,17,1,N0000,69.19900575899202
1,18,18,1,N0000,69.03894607276037
1,19,19,1,N0000,69.67918481768695
1,20,20,1,N0000,68.87888638652873
1,21,21,1,N0000,68.71882670029709
1,22,22,1,N0000,65.99781203435919
1,23,23,1,N0000,75.2812738357944
1,24,24,1,N0000,65.83775234812754
1,25,1,2,N0000,61.19602144740993
1,26,2,2,N0000,56.074111487997406
1,27,3,2,N0000,48.231186862646965
1,28,4,2,N0000,45.990351255403986
1,29,5,2,N0000,41.988859099612945
1,30,6,2,N0000,44.06963502062428
1,31,7,2,N0000,36.06665070904221
1,32,8,2,N0000,44.54981407931921
1,33,9,2,N0000,54.953693684375914
1,34,10,2,N0000,61.356081133641574
1,35,11,2,N0000,66.15787172059082
1,36,12,2,N0000,70.15936387638186
1,37,13,2,N0000,64.39721517204276
1,38,14,2,N0000,63.91703611334784
1,39,15,2,N0000,61.19602144740993
1,40,16,2,N0000,67.91852826913889
1,41,17,2,N0000,65.99781203435919
1,42,18,2,N0000,68.87888638652873
1,43,19,2,N0000,68.3987073278338
1,44,20,2,N0000,60.71584238871501
1,45,21,2,N0000,65.6776926618959
1,46,22,2,N0000,69.19900575899202
1,47,23,2,N0000,98.3298686531508
1,48,24,2,N0000,71.27978168000335
1,49,1,3,N0000,61.51614081987322
1,50,2,3,N0000,86.00527281331439
1,51,3,3,N0000,78.96264661912215
1,52,4,3,N0000,79.44282567781708
1,53,5,3,N0000,86.48545187200932
1,54,6,3,N0000,100.2505848879305
1,55,7,3,N0000,114.17577759008331
1,56,8,3,N0000,51.912559645974724
1,57,9,3,N0000,51.59244027351144
1,58,10,3,N0000,54.953693684375914
1,59,11,3,N0000,74.96115446333111
1,60,12,3,N0000,63.27679736842128
1,61,13,3,N0000,67.91852826913889
1,62,14,3,N0000,64.23715548581113
1,63,15,3,N0000,62.47649893726307
1,64,16,3,N0000,70.79960262130844
1,65,17,3,N0000,65.03745391696934
1,66,18,3,N0000,66.63805077928575
1,67,19,3,N0000,71.75996073869828
1,68,20,3,N0000,65.6776926618959
1,69,21,3,N0000,61.03596176117829
1,70,22,3,N0000,67.27828952421231
1,71,23,3,N0000,72.88037854231978
1,72,24,3,N0000,67.5984088966756
1,73,1,4,N0000,62.47649893726307
1,74,2,4,N0000,51.912559645974724
1,75,3,4,N0000,48.71136592134189
1,76,4,4,N0000,52.072619332206365
1,77,5,4,N0000,40.54832192352817
1,78,6,4,N0000,38.307486316285186
1,79,7,4,N0000,40.38826223729653
1,80,8,4,N0000,42.30897847207623
1,81,9,4,N0000,51.11226121481651
1,82,10,4,N0000,64.07709579957948
1,83,11,4,N0000,60.39572301625173
1,84,12,4,N0000,66.95817015174903
1,85,13,4,N0000,67.11822983798068
1,86,14,4,N0000,66.95817015174903
1,87,15,4,N0000,64.87739423073769
1,88,16,4,N0000,66.15787172059082
1,89,17,4,N0000,69.5191251314553
1,90,18,4,N0000,65.6776926618959
1,91,19,4,N0000,70.95966230754007
1,92,20,4,N0000,71.59990105246663
1,93,21,4,N0000,65.6776926618959
1,94,22,4,N0000,68.3987073278338
1,95,23,4,N0000,74.48097540463618
1,96,24,4,N0000,70.47948324884514
1,97,1,5,N0000,63.11673768218964
1,98,2,5,N0000,53.51315650829114
1,99,3,5,N0000,50.31196278365831
1,100,4,5,N0000,46.79064968656219
1,101,5,5,N0000,42.78915753077115
1,102,6,5,N0000,36.38677008150549
1,103,7,5,N0000,38.62760568874847
1,104,8,5,N0000,49.5116643525001
1,105,9,5,N0000,52.71285807713293
1,106,10,5,N0000,59.43536489886188
1,107,11,5,N0000,64.07709579957948
1,108,12,5,N0000,66.31793140682247
1,109,13,5,N0000,72.08008011116156
1,110,14,5,N0000,71.439841366235
1,111,15,5,N0000,68.23864764160217
1,112,16,5,N0000,71.75996073869828
1,113,17,5,N0000,69.83924450391858
1,114,18,5,N0000,69.35906544522366
1,115,19,5,N0000,66.95817015174903
1,116,20,5,N0000,69.83924450391858
1,117,21,5,N0000,63.43685705465292
1,118,22,5,N0000,65.19751360320097
1,119,23,5,N0000,72.24013979739321
1,120,24,5,N0000,75.44133352202604
1,121,1,6,N0000,61.19602144740993
1,122,2,6,N0000,52.55279839090129
1,123,3,6,N0000,39.42790411990668
1,124,4,6,N0000,47.27082874525711
1,125,5,6,N0000,40.86844129599145
1,126,6,6,N0000,40.06814286483324
1,127,7,6,N0000,36.38677008150549
1,128,8,6,N0000,42.46903815830787
1,129,9,6,N0000,44.54981407931921
1,130,10,6,N0000,56.074111487997406
1,131,11,6,N0000,63.11673768218964
1,132,12,6,N0000,64.55727485827441
1,133,13,6,N0000,61.03596176117829
1,134,14,6,N0000,60.55578270248337
1,135,15,6,N0000,57.51464866408218
1,136,16,6,N0000,68.3987073278338
1,137,17,6,N0000,61.67620050610486
1,138,18,6,N0000,61.03596176117829
1,139,19,6,N0000,62.156379564799785
1,140,20,6,N0000,67.27828952421231
1,141,21,6,N0000,65.03745391696934
1,142,22,6,N0000,67.5984088966756
1,143,23,6,N0000,71.439841366235
1,144,24,6,N0000,69.83924450391858
1,145,1,7,N0000,60.55578270248337
1,146,2,7,N0000,52.232679018438006
1,147,3,7,N0000,45.83029156917234
1,148,4,7,N0000,44.389754393087564
1,149,5,7,N0000,47.5909481177204
1,150,6,7,N0000,47.5909481177204
1,151,7,7,N0000,37.50718788512698
1,152,8,7,N0000,35.266352277883996
1,153,9,7,N0000,41.988859099612945
1,154,10,7,N0000,49.35160466626846
1,155,11,7,N0000,55.433872743070836
1,156,12,7,N0000,58.475006781472025
1,157,13,7,N0000,68.23864764160217
1,158,14,7,N0000,61.67620050610486
1,159,15,7,N0000,58.314947095240385
1,160,16,7,N0000,56.71435023292397
1,161,17,7,N0000,59.115245526398596
1,162,18,7,N0000,59.59542458509352
1,163,19,7,N0000,62.156379564799785
1,164,20,7,N0000,61.51614081987322
1,165,21,7,N0000,56.71435023292397
1,166,22,7,N0000,53.3530968220595
1,167,23,7,N0000,71.27978168000335
1,168,24,7,N0000,64.39721517204276
2,1,1,1,N0000,122.65894096036033
2,2,2,1,N0000,117.53703100094779
2,3,3,1,N0000,113.21541947269347
2,4,4,1,N0000,109.37398700313406
2,5,5,1,N0000,110.01422574806064
2,6,6,1,N0000,110.17428543429227
2,7,7,1,N0000,110.81452417921884
2,8,8,1,N0000,111.93494198284033
2,9,9,1,N0000,124.57965719514002
2,10,10,1,N0000,129.061328409626
2,11,11,1,N0000,140.42556613207253
2,12,12,1,N0000,135.14359648642835
2,13,13,1,N0000,140.42556613207253
2,14,14,1,N0000,140.74568550453583
2,15,15,1,N0000,126.98055248861465
2,16,16,1,N0000,127.62079123354121
2,17,17,1,N0000,121.37846347050719
2,18,18,1,N0000,127.78085091977285
2,19,19,1,N0000,133.70305931034358
2,20,20,1,N0000,135.14359648642835
2,21,21,1,N0000,134.82347711396508
2,22,22,1,N0000,136.58413366251312
2,23,23,1,N0000,130.02168652701585
2,24,24,1,N0000,120.73822472558062
2,25,1,2,N0000,118.65744880456928
2,26,2,2,N0000,108.89380794443915
2,27,3,2,N0000,100.09052520169885
2,28,4,2,N0000,97.84968959445587
2,29,5,2,N0000,96.72927179083437
2,30,6,2,N0000,98.00974928068752
2,31,7,2,N0000,104.8923157886481
2,32,8,2,N0000,102.33136080894184
2,33,9,2,N0000,122.49888127412868
2,34,10,2,N0000,126.50037342991972
2,35,11,2,N0000,130.18174621324746
2,36,12,2,N0000,128.58114935093107
2,37,13,2,N0000,129.061328409626
2,38,14,2,N0000,125.21989594006658
2,39,15,2,N0000,118.49738911833764
2,40,16,2,N0000,126.02019437122479
2,41,17,2,N0000,122.65894096036033
2,42,18,2,N0000,128.58114935093107
2,43,19,2,N0000,133.3829399378803
2,44,20,2,N0000,134.18323836903852
2,45,21,2,N0000,136.4240739762815
2,46,22,2,N0000,137.54449177990298
2,47,23,2,N0000,132.74270119295375
2,48,24,2,N0000,127.30067186107793
2,49,1,3,N0000,117.37697131471614
2,50,2,3,N0000,111.61482261037705
2,51,3,3,N0000,104.73225610241646
2,52,4,3,N0000,104.0920173574899
2,53,5,3,N0000,105.21243516111139
2,54,6,3,N0000,102.33136080894184
2,55,7,3,N0000,98.16980896691915
2,56,8,3,N0000,113.21541947269347
2,57,9,3,N0000,113.69559853138838
2,58,10,3,N0000,122.81900064659196
2,59,11,3,N0000,129.22138809585763
2,60,12,3,N0000,127.78085091977285
2,61,13,3,N0000,126.34031374368807
2,62,14,3,N0000,125.21989594006658
2,63,15,3,N0000,117.37697131471614
2,64,16,3,N0000,120.41810535311734
2,65,17,3,N0000,123.7793587639818
2,66,18,3,N0000,127.46073154730956
2,67,19,3,N0000,134.66341742773344
2,68,20,3,N0000,133.86311899657522
2,69,21,3,N0000,129.5415074683209
2,70,22,3,N0000,126.18025405745644
2,71,23,3,N0000,124.8997765676033
2,72,24,3,N0000,119.93792629442241
2,73,1,4,N0000,113.21541947269347
2,74,2,4,N0000,107.93344982704929
2,75,3,4,N0000,101.69112206401527
2,76,4,4,N0000,99.61034614300392
2,77,5,4,N0000,96.72927179083437
2,78,6,4,N0000,96.4091524183711
2,79,7,4,N0000,94.80855555605469
2,80,8,4,N0000,106.33285296473288
2,81,9,4,N0000,110.81452417921884
2,82,10,4,N0000,116.25655351109465
2,83,11,4,N0000,120.25804566688569
2,84,12,4,N0000,117.53703100094779
2,85,13,4,N0000,122.01870221543375
2,86,14,4,N0000,113.69559853138838
2,87,15,4,N0000,112.73524041399854
2,88,16,4,N0000,113.21541947269347
2,89,17,4,N0000,112.89530010023019
2,90,18,4,N0000,119.1376278632642
2,91,19,4,N0000,125.70007499876151
2,92,20,4,N0000,126.98055248861465
2,93,21,4,N0000,125.05983625383494
2,94,22,4,N0000,127.46073154730956
2,95,23,4,N0000,130.02168652701585
2,96,24,4,N0000,130.18174621324746
2,97,1,5,N0000,120.57816503934897
2,98,2,5,N0000,114.17577759008331
2,99,3,5,N0000,110.97458386545048
2,100,4,5,N0000,107.613330454586
2,101,5,5,N0000,115.13613570747316
2,102,6,5,N0000,106.49291265096451
2,103,7,5,N0000,110.97458386545048
2,104,8,5,N0000,116.09649382486302
2,105,9,5,N0000,123.7793587639818
2,106,10,5,N0000,129.8616268407842
2,107,11,5,N0000,137.86461115236628
2,108,12,5,N0000,130.82198495817403
2,109,13,5,N0000,133.86311899657522
2,110,14,5,N0000,127.78085091977285
2,111,15,5,N0000,123.7793587639818
2,112,16,5,N0000,128.90126872339434
2,113,17,5,N0000,129.70156715455255
2,114,18,5,N0000,129.061328409626
2,115,19,5,N0000,139.62526770091432
2,116,20,5,N0000,141.8661033081573
2,117,21,5,N0000,135.94389491758656
2,118,22,5,N0000,138.8249692697561
2,119,23,5,N0000,131.30216401686897
2,120,24,5,N0000,133.86311899657522
2,121,1,6,N0000,127.30067186107793
2,122,2,6,N0000,117.85715037341107
2,123,3,6,N0000,117.69709068717943
2,124,4,6,N0000,110.33434512052392
2,125,5,6,N0000,108.25356919951257
2,126,6,6,N0000,104.8923157886481
2,127,7,6,N0000,102.49142049517347
2,128,8,6,N0000,113.85565821762003
2,129,9,6,N0000,117.05685194225286
2,130,10,6,N0000,124.0994781364451
2,131,11,6,N0000,131.94240276179553
2,132,12,6,N0000,125.54001531252987
2,133,13,6,N0000,132.42258182049045
2,134,14,6,N0000,125.05983625383494
2,135,15,6,N0000,128.26102997846777
2,136,16,6,N0000,125.05983625383494
2,137,17,6,N0000,122.65894096036033
2,138,18,6,N0000,125.21989594006658
2,139,19,6,N0000,136.90425303497642
2,140,20,6,N0000,131.94240276179553
2,141,21,6,N0000,130.3418058994791
2,142,22,6,N0000,129.061328409626
2,143,23,6,N0000,126.820492802383
2,144,24,6,N0000,118.17726974587436
2,145,1,7,N0000,113.69559853138838
2,146,2,7,N0000,111.61482261037705
2,147,3,7,N0000,106.17279327850123
2,148,4,7,N0000,101.85118175024691
2,149,5,7,N0000,103.13165924010005
2,150,6,7,N0000,97.52957022199259
2,151,7,7,N0000,94.64849586982304
2,152,8,7,N0000,93.04789900750663
2,153,9,7,N0000,98.64998802561408
2,154,10,7,N0000,101.53106237778363
2,155,11,7,N0000,116.09649382486302
2,156,12,7,N0000,114.01571790385167
2,157,13,7,N0000,120.25804566688569
2,158,14,7,N0000,113.05535978646182
2,159,15,7,N0000,112.73524041399854
2,160,16,7,N0000,113.69559853138838
2,161,17,7,N0000,117.53703100094779
2,162,18,7,N0000,121.21840378427555
2,163,19,7,N0000,122.1787619016654
2,164,20,7,N0000,122.33882158789703
2,165,21,7,N0000,127.46073154730956
2,166,22,7,N0000,127.62079123354121
2,167,23,7,N0000,121.69858284297047
2,168,24,7,N0000,121.21840378427555
1,1,1,1,N0001,437.2063660018557
1,2,2,1,N0001,436.36642568808736
1,3,3,1,N0001,392.6895293721327
1,4,4,1,N0001,359.93185713516675
1,5,5,1,N0001,354.89221525255664
1,6,6,1,N0001,363.29161839024016
1,7,7,1,N0001,382.61024560691243
1,8,8,1,N0001,361.61173776270346
1,9,9,1,N0001,401.9288728235847
1,10,10,1,N0001,443.9258885120026
1,11,11,1,N0001,510.2811732997029
1,12,12,1,N0001,536.319323026522
1,13,13,1,N0001,496.0021879656408
1,14,14,1,N0001,501.041829848251
1,15,15,1,N0001,498.5220089069459
1,16,16,1,N0001,515.320815182313
1,17,17,1,N0001,512.800994241008
1,18,18,1,N0001,511.9610539272396
1,19,19,1,N0001,515.320815182313
1,20,20,1,N0001,511.12111361347127
1,21,21,1,N0001,510.2811732997029
1,22,22,1,N0001,496.0021879656408
1,23,23,1,N0001,544.7187261642057
1,24,24,1,N0001,495.16224765187246
1,25,1,2,N0001,470.8039785525901
1,26,2,2,N0001,443.9258885120026
1,27,3,2,N0001,402.76881313735305
1,28,4,2,N0001,391.009648744596
1,29,5,2,N0001,370.0111409003871
1,30,6,2,N0001,380.9303649793757
1,31,7,2,N0001,338.93334929095784
1,32,8,2,N0001,383.45018592068084
1,33,9,2,N0001,438.0463063156241
1,34,10,2,N0001,471.64391886635843
1,35,11,2,N0001,496.84212827940917
1,36,12,2,N0001,517.8406361236182
1,37,13,2,N0001,487.60278482795724
1,38,14,2,N0001,485.0829638866522
1,39,15,2,N0001,470.8039785525901
1,40,16,2,N0001,506.08147173086115
1,41,17,2,N0001,496.0021879656408
1,42,18,2,N0001,511.12111361347127
1,43,19,2,N0001,508.6012926721662
1,44,20,2,N0001,468.284157611285
1,45,21,2,N0001,494.3223073381041
1,46,22,2,N0001,512.800994241008
1,47,23,2,N0001,665.6701313468493
1,48,24,2,N0001,523.7202183199967
1,49,1,3,N0001,472.4838591801268
1,50,2,3,N0001,600.9947271866856
1,51,3,3,N0001,564.0373533808779
1,52,4,3,N0001,566.557174322183
1,53,5,3,N0001,603.5145481279908
1,54,6,3,N0001,675.7494151120695
1,55,7,3,N0001,748.8242224099167
1,56,8,3,N0001,422.08744035402526
1,57,9,3,N0001,420.40755972648856
1,58,10,3,N0001,438.0463063156241
1,59,11,3,N0001,543.0388455366689
1,60,12,3,N0001,481.7232026315787
1,61,13,3,N0001,506.08147173086115
1,62,14,3,N0001,486.7628445141889
1,63,15,3,N0001,477.52350106273695
1,64,16,3,N0001,521.2003973786916
1,65,17,3,N0001,490.9625460830307
1,66,18,3,N0001,499.3619492207143
1,67,19,3,N0001,526.2400392613017
1,68,20,3,N0001,494.3223073381041
1,69,21,3,N0001,469.96403823882173
1,70,22,3,N0001,502.7217104757877
1,71,23,3,N0001,532.1196214576803
1,72,24,3,N0001,504.4015911033244
1,73,1,4,N0001,477.52350106273695
1,74,2,4,N0001,422.08744035402526
1,75,3,4,N0001,405.2886340786581
1,76,4,4,N0001,422.92738066779367
1,77,5,4,N0001,362.4516780764718
1,78,6,4,N0001,350.6925136837148
1,79,7,4,N0001,361.61173776270346
1,80,8,4,N0001,371.6910215279238
1,81,9,4,N0001,417.8877387851835
1,82,10,4,N0001,485.92290420042053
1,83,11,4,N0001,466.60427698374826
1,84,12,4,N0001,501.041829848251
1,85,13,4,N0001,501.88177016201934
1,86,14,4,N0001,501.041829848251
1,87,15,4,N0001,490.1226057692623
1,88,16,4,N0001,496.84212827940917
1,89,17,4,N0001,514.4808748685448
1,90,18,4,N0001,494.3223073381041
1,91,19,4,N0001,522.04033769246
1,92,20,4,N0001,525.4000989475334
1,93,21,4,N0001,494.3223073381041
1,94,22,4,N0001,508.6012926721662
1,95,23,4,N0001,540.5190245953638
1,96,24,4,N0001,519.5205167511549
1,97,1,5,N0001,480.88326231781036
1,98,2,5,N0001,430.4868434917089
1,99,3,5,N0001,413.6880372163417
1,100,4,5,N0001,395.2093503134378
1,101,5,5,N0001,374.21084246922885
1,102,6,5,N0001,340.61322991849454
1,103,7,5,N0001,352.3723943112515
1,104,8,5,N0001,409.4883356474999
1,105,9,5,N0001,426.2871419228671
1,106,10,5,N0001,461.56463510113815
1,107,11,5,N0001,485.92290420042053
1,108,12,5,N0001,497.6820685931775
1,109,13,5,N0001,527.9199198888384
1,110,14,5,N0001,524.560158633765
1,111,15,5,N0001,507.76135235839786
1,112,16,5,N0001,526.2400392613017
1,113,17,5,N0001,516.1607554960815
1,114,18,5,N0001,513.6409345547763
1,115,19,5,N0001,501.041829848251
1,116,20,5,N0001,516.1607554960815
1,117,21,5,N0001,482.56314294534707
1,118,22,5,N0001,491.80248639679905
1,119,23,5,N0001,528.7598602026069
1,120,24,5,N0001,545.5586664779739
1,121,1,6,N0001,470.8039785525901
1,122,2,6,N0001,425.4472016090987
1,123,3,6,N0001,356.57209588009334
1,124,4,6,N0001,397.7291712547429
1,125,5,6,N0001,364.13155870400857
1,126,6,6,N0001,359.93185713516675
1,127,7,6,N0001,340.61322991849454
1,128,8,6,N0001,372.53096184169215
1,129,9,6,N0001,383.45018592068084
1,130,10,6,N0001,443.9258885120026
1,131,11,6,N0001,480.88326231781036
1,132,12,6,N0001,488.4427251417256
1,133,13,6,N0001,469.96403823882173
1,134,14,6,N0001,467.4442172975166
1,135,15,6,N0001,451.4853513359178
1,136,16,6,N0001,508.6012926721662
1,137,17,6,N0001,473.32379949389514
1,138,18,6,N0001,469.96403823882173
1,139,19,6,N0001,475.84362043520025
1,140,20,6,N0001,502.7217104757877
1,141,21,6,N0001,490.9625460830307
1,142,22,6,N0001,504.4015911033244
1,143,23,6,N0001,524.560158633765
1,144,24,6,N0001,516.1607554960815
1,145,1,7,N0001,467.4442172975166
1,146,2,7,N0001,423.767320981562
1,147,3,7,N0001,390.16970843082765
1,148,4,7,N0001,382.61024560691243
1,149,5,7,N0001,399.40905188227964
1,150,6,7,N0001,399.40905188227964
1,151,7,7,N0001,346.492812114873
1,152,8,7,N0001,334.733647722116
1,153,9,7,N0001,370.0111409003871
1,154,10,7,N0001,408.64839533373157
1,155,11,7,N0001,440.5661272569292
1,156,12,7,N0001,456.524993218528
1,157,13,7,N0001,507.76135235839786
1,158,14,7,N0001,473.32379949389514
1,159,15,7,N0001,455.68505290475963
1,160,16,7,N0001,447.28564976707605
1,161,17,7,N0001,459.8847544736014
1,162,18,7,N0001,462.4045754149065
1,163,19,7,N0001,475.84362043520025
1,164,20,7,N0001,472.4838591801268
1,165,21,7,N0001,447.28564976707605
1,166,22,7,N0001,429.6469031779405
1,167,23,7,N0001,523.7202183199967
1,168,24,7,N0001,487.60278482795724
2,1,1,1,N0001,793.3410590396397
2,2,2,1,N0001,766.4629689990522
2,3,3,1,N0001,743.7845805273066
2,4,4,1,N0001,723.6260129968659
2,5,5,1,N0001,726.9857742519393
2,6,6,1,N0001,727.8257145657078
2,7,7,1,N0001,731.1854758207812
2,8,8,1,N0001,737.0650580171598
2,9,9,1,N0001,803.42034280486
2,10,10,1,N0001,826.938671590374
2,11,11,1,N0001,886.5744338679276
2,12,12,1,N0001,858.8564035135716
2,13,13,1,N0001,886.5744338679276
2,14,14,1,N0001,888.2543144954643
2,15,15,1,N0001,816.0194475113854
2,16,16,1,N0001,819.3792087664588
2,17,17,1,N0001,786.6215365294929
2,18,18,1,N0001,820.2191490802272
2,19,19,1,N0001,851.2969406896566
2,20,20,1,N0001,858.8564035135716
2,21,21,1,N0001,857.176522886035
2,22,22,1,N0001,866.4158663374869
2,23,23,1,N0001,831.9783134729842
2,24,24,1,N0001,783.2617752744195
2,25,1,2,N0001,772.3425511954308
2,26,2,2,N0001,721.106192055561
2,27,3,2,N0001,674.9094747983013
2,28,4,2,N0001,663.1503104055441
2,29,5,2,N0001,657.2707282091657
2,30,6,2,N0001,663.9902507193126
2,31,7,2,N0001,700.1076842113521
2,32,8,2,N0001,686.6686391910582
2,33,9,2,N0001,792.5011187258715
2,34,10,2,N0001,813.4996265700804
2,35,11,2,N0001,832.8182537867526
2,36,12,2,N0001,824.4188506490691
2,37,13,2,N0001,826.938671590374
2,38,14,2,N0001,806.7801040599336
2,39,15,2,N0001,771.5026108816623
2,40,16,2,N0001,810.9798056287752
2,41,17,2,N0001,793.3410590396397
2,42,18,2,N0001,824.4188506490691
2,43,19,2,N0001,849.6170600621197
2,44,20,2,N0001,853.8167616309615
2,45,21,2,N0001,865.5759260237187
2,46,22,2,N0001,871.455508220097
2,47,23,2,N0001,846.2572988070463
2,48,24,2,N0001,817.699328138922
2,49,1,3,N0001,765.623028685284
2,50,2,3,N0001,735.3851773896231
2,51,3,3,N0001,699.2677438975836
2,52,4,3,N0001,695.9079826425102
2,53,5,3,N0001,701.7875648388888
2,54,6,3,N0001,686.6686391910582
2,55,7,3,N0001,664.8301910330808
2,56,8,3,N0001,743.7845805273066
2,57,9,3,N0001,746.3044014686118
2,58,10,3,N0001,794.1809993534082
2,59,11,3,N0001,827.7786119041425
2,60,12,3,N0001,820.2191490802272
2,61,13,3,N0001,812.6596862563119
2,62,14,3,N0001,806.7801040599336
2,63,15,3,N0001,765.623028685284
2,64,16,3,N0001,781.5818946468828
2,65,17,3,N0001,799.2206412360183
2,66,18,3,N0001,818.5392684526905
2,67,19,3,N0001,856.3365825722667
2,68,20,3,N0001,852.1368810034248
2,69,21,3,N0001,829.4584925316792
2,70,22,3,N0001,811.8197459425437
2,71,23,3,N0001,805.1002234323969
2,72,24,3,N0001,779.0620737055776
2,73,1,4,N0001,743.7845805273066
2,74,2,4,N0001,716.0665501729509
2,75,3,4,N0001,683.3088779359848
2,76,4,4,N0001,672.3896538569961
2,77,5,4,N0001,657.2707282091657
2,78,6,4,N0001,655.590847581629
2,79,7,4,N0001,647.1914444439453
2,80,8,4,N0001,707.6671470352671
2,81,9,4,N0001,731.1854758207812
2,82,10,4,N0001,759.7434464889054
2,83,11,4,N0001,780.7419543331143
2,84,12,4,N0001,766.4629689990522
2,85,13,4,N0001,789.9812977845663
2,86,14,4,N0001,746.3044014686118
2,87,15,4,N0001,741.2647595860014
2,88,16,4,N0001,743.7845805273066
2,89,17,4,N0001,742.1046998997699
2,90,18,4,N0001,774.862372136736
2,91,19,4,N0001,809.2999250012385
2,92,20,4,N0001,816.0194475113854
2,93,21,4,N0001,805.9401637461651
2,94,22,4,N0001,818.5392684526905
2,95,23,4,N0001,831.9783134729842
2,96,24,4,N0001,832.8182537867526
2,97,1,5,N0001,782.421834960651
2,98,2,5,N0001,748.8242224099167
2,99,3,5,N0001,732.0254161345497
2,100,4,5,N0001,714.3866695454142
2,101,5,5,N0001,753.8638642925268
2,102,6,5,N0001,708.5070873490356
2,103,7,5,N0001,732.0254161345497
2,104,8,5,N0001,758.903506175137
2,105,9,5,N0001,799.2206412360183
2,106,10,5,N0001,831.1383731592159
2,107,11,5,N0001,873.1353888476337
2,108,12,5,N0001,836.178015041826
2,109,13,5,N0001,852.1368810034248
2,110,14,5,N0001,820.2191490802272
2,111,15,5,N0001,799.2206412360183
2,112,16,5,N0001,826.0987312766058
2,113,17,5,N0001,830.2984328454475
2,114,18,5,N0001,826.938671590374
2,115,19,5,N0001,882.3747322990857
2,116,20,5,N0001,894.1338966918427
2,117,21,5,N0001,863.0561050824135
2,118,22,5,N0001,878.1750307302439
2,119,23,5,N0001,838.6978359831312
2,120,24,5,N0001,852.1368810034248
2,121,1,6,N0001,817.699328138922
2,122,2,6,N0001,768.1428496265889
2,123,3,6,N0001,767.3029093128207
2,124,4,6,N0001,728.665654879476
2,125,5,6,N0001,717.7464308004876
2,126,6,6,N0001,700.1076842113521
2,127,7,6,N0001,687.5085795048267
2,128,8,6,N0001,747.14434178238
2,129,9,6,N0001,763.9431480577473
2,130,10,6,N0001,800.900521863555
2,131,11,6,N0001,842.0575972382046
2,132,12,6,N0001,808.4599846874703
2,133,13,6,N0001,844.5774181795096
2,134,14,6,N0001,805.9401637461651
2,135,15,6,N0001,822.7389700215324
2,136,16,6,N0001,805.9401637461651
2,137,17,6,N0001,793.3410590396397
2,138,18,6,N0001,806.7801040599336
2,139,19,6,N0001,868.0957469650236
2,140,20,6,N0001,842.0575972382046
2,141,21,6,N0001,833.6581941005209
2,142,22,6,N0001,826.938671590374
2,143,23,6,N0001,815.1795071976171
2,144,24,6,N0001,769.8227302541256
2,145,1,7,N0001,746.3044014686118
2,146,2,7,N0001,735.3851773896231
2,147,3,7,N0001,706.8272067214989
2,148,4,7,N0001,684.1488182497533
2,149,5,7,N0001,690.8683407599001
2,150,6,7,N0001,661.4704297780074
2,151,7,7,N0001,646.3515041301771
2,152,8,7,N0001,637.9521009924935
2,153,9,7,N0001,667.350011974386
2,154,10,7,N0001,682.4689376222163
2,155,11,7,N0001,758.903506175137
2,156,12,7,N0001,747.9842820961485
2,157,13,7,N0001,780.7419543331143
2,158,14,7,N0001,742.9446402135382
2,159,15,7,N0001,741.2647595860014
2,160,16,7,N0001,746.3044014686118
2,161,17,7,N0001,766.4629689990522
2,162,18,7,N0001,785.7815962157244
2,163,19,7,N0001,790.8212380983348
2,164,20,7,N0001,791.661178412103
2,165,21,7,N0001,818.5392684526905
2,166,22,7,N0001,819.3792087664588
2,167,23,7,N0001,788.3014171570296
2,168,24,7,N0001,785.7815962157244
1,1,1,1,N0007,338.0
1,2,2,1,N0007,284.0
1,3,3,1,N0007,258.0
1,4,4,1,N0007,251.0
1,5,5,1,N0007,255.0
1,6,6,1,N0007,232.0
1,7,7,1,N0007,278.0
1,8,8,1,N0007,287.0
1,9,9,1,N0007,351.0
1,10,10,1,N0007,352.0
1,11,11,1,N0007,341.0
1,12,12,1,N0007,341.0
1,13,13,1,N0007,327.0
1,14,14,1,N0007,328.0
1,15,15,1,N0007,307.0
1,16,16,1,N0007,307.0
1,17,17,1,N0007,335.0
1,18,18,1,N0007,367.0
1,19,19,1,N0007,332.0
1,20,20,1,N0007,335.0
1,21,21,1,N0007,347.0
1,22,22,1,N0007,367.0
1,23,23,1,N0007,346.0
1,24,24,1,N0007,369.0
1,25,1,2,N0007,325.0
1,26,2,2,N0007,303.0
1,27,3,2,N0007,299.0
1,28,4,2,N0007,284.0
1,29,5,2,N0007,299.0
1,30,6,2,N0007,279.0
1,31,7,2,N0007,268.0
1,32,8,2,N0007,310.0
1,33,9,2,N0007,326.0
1,34,10,2,N0007,305.0
1,35,11,2,N0007,359.0
1,36,12,2,N0007,319.0
1,37,13,2,N0007,325.0
1,38,14,2,N0007,314.0
1,39,15,2,N0007,312.0
1,40,16,2,N0007,332.0
1,41,17,2,N0007,337.0
1,42,18,2,N0007,347.0
1,43,19,2,N0007,331.0
1,44,20,2,N0007,343.0
1,45,21,2,N0007,370.0
1,46,22,2,N0007,300.0
1,47,23,2,N0007,350.0
1,48,24,2,N0007,356.0
1,49,1,3,N0007,309.0
1,50,2,3,N0007,288.0
1,51,3,3,N0007,303.0
1,52,4,3,N0007,263.0
1,53,5,3,N0007,276.0
1,54,6,3,N0007,233.0
1,55,7,3,N0007,284.0
1,56,8,3,N0007,301.0
1,57,9,3,N0007,344.0
1,58,10,3,N0007,352.0
1,59,11,3,N0007,321.0
1,60,12,3,N0007,339.0
1,61,13,3,N0007,350.0
1,62,14,3,N0007,322.0
1,63,15,3,N0007,314.0
1,64,16,3,N0007,323.0
1,65,17,3,N0007,331.0
1,66,18,3,N0007,328.0
1,67,19,3,N0007,302.0
1,68,20,3,N0007,324.0
1,69,21,3,N0007,342.0
1,70,22,3,N0007,297.0
1,71,23,3,N0007,309.0
1,72,24,3,N0007,372.0
1,73,1,4,N0007,297.0
1,74,2,4,N0007,293.0
1,75,3,4,N0007,309.0
1,76,4,4,N0007,247.0
1,77,5,4,N0007,261.0
1,78,6,4,N0007,260.0
1,79,7,4,N0007,275.0
1,80,8,4,N0007,259.0
1,81,9,4,N0007,314.0
1,82,10,4,N0007,405.0
1,83,11,4,N0007,362.0
1,84,12,4,N0007,357.0
1,85,13,4,N0007,343.0
1,86,14,4,N0007,352.0
1,87,15,4,N0007,306.0
1,88,16,4,N0007,342.0
1,89,17,4,N0007,343.0
1,90,18,4,N0007,342.0
1,91,19,4,N0007,329.0
1,92,20,4,N0007,316.0
1,93,21,4,N0007,355.0
1,94,22,4,N0007,317.0
1,95,23,4,N0007,334.0
1,96,24,4,N0007,321.0
1,97,1,5,N0007,326.0
1,98,2,5,N0007,269.0
1,99,3,5,N0007,291.0
1,100,4,5,N0007,297.0
1,101,5,5,N0007,259.0
1,102,6,5,N0007,262.0
1,103,7,5,N0007,287.0
1,104,8,5,N0007,308.0
1,105,9,5,N0007,346.0
1,106,10,5,N0007,325.0
1,107,11,5,N0007,349.0
1,108,12,5,N0007,334.0
1,109,13,5,N0007,379.0
1,110,14,5,N0007,317.0
1,111,15,5,N0007,342.0
1,112,16,5,N0007,375.0
1,113,17,5,N0007,292.0
1,114,18,5,N0007,340.0
1,115,19,5,N0007,323.0
1,116,20,5,N0007,354.0
1,117,21,5,N0007,334.0
1,118,22,5,N0007,323.0
1,119,23,5,N0007,309.0
1,120,24,5,N0007,349.0
1,121,1,6,N0007,308.0
1,122,2,6,N0007,285.0
1,123,3,6,N0007,281.0
1,124,4,6,N0007,253.0
1,125,5,6,N0007,216.0
1,126,6,6,N0007,251.0
1,127,7,6,N0007,255.0
1,128,8,6,N0007,258.0
1,129,9,6,N0007,282.0
1,130,10,6,N0007,300.0
1,131,11,6,N0007,312.0
1,132,12,6,N0007,327.0
1,133,13,6,N0007,401.0
1,134,14,6,N0007,307.0
1,135,15,6,N0007,290.0
1,136,16,6,N0007,301.0
1,137,17,6,N0007,302.0
1,138,18,6,N0007,315.0
1,139,19,6,N0007,281.0
1,140,20,6,N0007,293.0
1,141,21,6,N0007,318.0
1,142,22,6,N0007,291.0
1,143,23,6,N0007,313.0
1,144,24,6,N0007,361.0
1,145,1,7,N0007,305.0
1,146,2,7,N0007,287.0
1,147,3,7,N0007,269.0
1,148,4,7,N0007,254.0
1,149,5,7,N0007,275.0
1,150,6,7,N0007,245.0
1,151,7,7,N0007,233.0
1,152,8,7,N0007,240.0
1,153,9,7,N0007,257.0
1,154,10,7,N0007,278.0
1,155,11,7,N0007,303.0
1,156,12,7,N0007,299.0
1,157,13,7,N0007,328.0
1,158,14,7,N0007,300.0
1,159,15,7,N0007,274.0
1,160,16,7,N0007,290.0
1,161,17,7,N0007,297.0
1,162,18,7,N0007,293.0
1,163,19,7,N0007,302.0
1,164,20,7,N0007,312.0
1,165,21,7,N0007,311.0
1,166,22,7,N0007,286.0
1,167,23,7,N0007,345.0
1,168,24,7,N0007,352.0
2,1,1,1,N0007,477.0
2,2,2,1,N0007,479.0
2,3,3,1,N0007,429.0
2,4,4,1,N0007,438.0
2,5,5,1,N0007,429.0
2,6,6,1,N0007,494.0
2,7,7,1,N0007,431.0
2,8,8,1,N0007,461.0
2,9,9,1,N0007,544.0
2,10,10,1,N0007,553.0
2,11,11,1,N0007,563.0
2,12,12,1,N0007,561.0
2,13,13,1,N0007,541.0
2,14,14,1,N0007,530.0
2,15,15,1,N0007,503.0
2,16,16,1,N0007,511.0
2,17,17,1,N0007,539.0
2,18,18,1,N0007,552.0
2,19,19,1,N0007,586.0
2,20,20,1,N0007,520.0
2,21,21,1,N0007,572.0
2,22,22,1,N0007,550.0
2,23,23,1,N0007,547.0
2,24,24,1,N0007,501.0
2,25,1,2,N0007,492.0
2,26,2,2,N0007,455.0
2,27,3,2,N0007,420.0
2,28,4,2,N0007,434.0
2,29,5,2,N0007,433.0
2,30,6,2,N0007,437.0
2,31,7,2,N0007,452.0
2,32,8,2,N0007,484.0
2,33,9,2,N0007,552.0
2,34,10,2,N0007,534.0
2,35,11,2,N0007,561.0
2,36,12,2,N0007,556.0
2,37,13,2,N0007,509.0
2,38,14,2,N0007,521.0
2,39,15,2,N0007,552.0
2,40,16,2,N0007,505.0
2,41,17,2,N0007,536.0
2,42,18,2,N0007,549.0
2,43,19,2,N0007,565.0
2,44,20,2,N0007,553.0
2,45,21,2,N0007,536.0
2,46,22,2,N0007,546.0
2,47,23,2,N0007,539.0
2,48,24,2,N0007,521.0
2,49,1,3,N0007,492.0
2,50,2,3,N0007,466.0
2,51,3,3,N0007,444.0
2,52,4,3,N0007,438.0
2,53,5,3,N0007,432.0
2,54,6,3,N0007,448.0
2,55,7,3,N0007,464.0
2,56,8,3,N0007,489.0
2,57,9,3,N0007,498.0
2,58,10,3,N0007,522.0
2,59,11,3,N0007,536.0
2,60,12,3,N0007,523.0
2,61,13,3,N0007,496.0
2,62,14,3,N0007,496.0
2,63,15,3,N0007,455.0
2,64,16,3,N0007,475.0
2,65,17,3,N0007,483.0
2,66,18,3,N0007,495.0
2,67,19,3,N0007,501.0
2,68,20,3,N0007,500.0
2,69,21,3,N0007,550.0
2,70,22,3,N0007,518.0
2,71,23,3,N0007,486.0
2,72,24,3,N0007,551.0
2,73,1,4,N0007,478.0
2,74,2,4,N0007,468.0
2,75,3,4,N0007,414.0
2,76,4,4,N0007,429.0
2,77,5,4,N0007,425.0
2,78,6,4,N0007,438.0
2,79,7,4,N0007,449.0
2,80,8,4,N0007,444.0
2,81,9,4,N0007,503.0
2,82,10,4,N0007,495.0
2,83,11,4,N0007,462.0
2,84,12,4,N0007,502.0
2,85,13,4,N0007,500.0
2,86,14,4,N0007,495.0
2,87,15,4,N0007,488.0
2,88,16,4,N0007,478.0
2,89,17,4,N0007,467.0
2,90,18,4,N0007,492.0
2,91,19,4,N0007,525.0
2,92,20,4,N0007,537.0
2,93,21,4,N0007,523.0
2,94,22,4,N0007,535.0
2,95,23,4,N0007,500.0
2,96,24,4,N0007,546.0
2,97,1,5,N0007,499.0
2,98,2,5,N0007,463.0
2,99,3,5,N0007,416.0
2,100,4,5,N0007,437.0
2,101,5,5,N0007,431.0
2,102,6,5,N0007,412.0
2,103,7,5,N0007,430.0
2,104,8,5,N0007,467.0
2,105,9,5,N0007,500.0
2,106,10,5,N0007,509.0
2,107,11,5,N0007,523.0
2,108,12,5,N0007,508.0
2,109,13,5,N0007,527.0
2,110,14,5,N0007,468.0
2,111,15,5,N0007,479.0
2,112,16,5,N0007,474.0
2,113,17,5,N0007,505.0
2,114,18,5,N0007,461.0
2,115,19,5,N0007,530.0
2,116,20,5,N0007,577.0
2,117,21,5,N0007,572.0
2,118,22,5,N0007,558.0
2,119,23,5,N0007,522.0
2,120,24,5,N0007,538.0
2,121,1,6,N0007,490.0
2,122,2,6,N0007,448.0
2,123,3,6,N0007,448.0
2,124,4,6,N0007,421.0
2,125,5,6,N0007,432.0
2,126,6,6,N0007,445.0
2,127,7,6,N0007,437.0
2,128,8,6,N0007,460.0
2,129,9,6,N0007,489.0
2,130,10,6,N0007,527.0
2,131,11,6,N0007,531.0
2,132,12,6,N0007,500.0
2,133,13,6,N0007,498.0
2,134,14,6,N0007,448.0
2,135,15,6,N0007,464.0
2,136,16,6,N0007,469.0
2,137,17,6,N0007,487.0
2,138,18,6,N0007,509.0
2,139,19,6,N0007,519.0
2,140,20,6,N0007,550.0
2,141,21,6,N0007,532.0
2,142,22,6,N0007,529.0
2,143,23,6,N0007,526.0
2,144,24,6,N0007,501.0
2,145,1,7,N0007,478.0
2,146,2,7,N0007,479.0
2,147,3,7,N0007,407.0
2,148,4,7,N0007,412.0
2,149,5,7,N0007,397.0
2,150,6,7,N0007,408.0
2,151,7,7,N0007,408.0
2,152,8,7,N0007,410.0
2,153,9,7,N0007,436.0
2,154,10,7,N0007,442.0
2,155,11,7,N0007,494.0
2,156,12,7,N0007,483.0
2,157,13,7,N0007,481.0
2,158,14,7,N0007,438.0
2,159,15,7,N0007,438.0
2,160,16,7,N0007,446.0
2,161,17,7,N0007,447.0
2,162,18,7,N0007,503.0
2,163,19,7,N0007,540.0
2,164,20,7,N0007,507.0
2,165,21,7,N0007,500.0
2,166,22,7,N0007,534.0
2,167,23,7,N0007,546.0
2,168,24,7,N0007,511.0
1,1,1,1,N1002,193.0
1,2,2,1,N1002,171.0
1,3,3,1,N1002,154.0
1,4,4,1,N1002,144.0
1,5,5,1,N1002,141.0
1,6,6,1,N1002,135.0
1,7,7,1,N1002,137.0
1,8,8,1,N1002,135.0
1,9,9,1,N1002,142.0
1,10,10,1,N1002,153.0
1,11,11,1,N1002,167.0
1,12,12,1,N1002,183.0
1,13,13,1,N1002,188.0
1,14,14,1,N1002,195.0
1,15,15,1,N1002,190.0
1,16,16,1,N1002,191.0
1,17,17,1,N1002,190.0
1,18,18,1,N1002,189.0
1,19,19,1,N1002,187.0
1,20,20,1,N1002,192.0
1,21,21,1,N1002,185.0
1,22,22,1,N1002,183.0
1,23,23,1,N1002,175.0
1,24,24,1,N1002,196.0
1,25,1,2,N1002,189.0
1,26,2,2,N1002,172.0
1,27,3,2,N1002,150.0
1,28,4,2,N1002,146.0
1,29,5,2,N1002,141.0
1,30,6,2,N1002,139.0
1,31,7,2,N1002,132.0
1,32,8,2,N1002,136.0
1,33,9,2,N1002,140.0
1,34,10,2,N1002,151.0
1,35,11,2,N1002,170.0
1,36,12,2,N1002,184.0
1,37,13,2,N1002,195.0
1,38,14,2,N1002,200.0
1,39,15,2,N1002,198.0
1,40,16,2,N1002,197.0
1,41,17,2,N1002,199.0
1,42,18,2,N1002,199.0
1,43,19,2,N1002,192.0
1,44,20,2,N1002,199.0
1,45,21,2,N1002,189.0
1,46,22,2,N1002,184.0
1,47,23,2,N1002,192.0
1,48,24,2,N1002,201.0
1,49,1,3,N1002,198.0
1,50,2,3,N1002,173.0
1,51,3,3,N1002,157.0
1,52,4,3,N1002,145.0
1,53,5,3,N1002,143.0
1,54,6,3,N1002,143.0
1,55,7,3,N1002,140.0
1,56,8,3,N1002,141.0
1,57,9,3,N1002,146.0
1,58,10,3,N1002,156.0
1,59,11,3,N1002,177.0
1,60,12,3,N1002,179.0
1,61,13,3,N1002,195.0
1,62,14,3,N1002,196.0
1,63,15,3,N1002,195.0
1,64,16,3,N1002,189.0
1,65,17,3,N1002,191.0
1,66,18,3,N1002,190.0
1,67,19,3,N1002,189.0
1,68,20,3,N1002,186.0
1,69,21,3,N1002,183.0
1,70,22,3,N1002,187.0
1,71,23,3,N1002,187.0
1,72,24,3,N1002,186.0
1,73,1,4,N1002,183.0
1,74,2,4,N1002,163.0
1,75,3,4,N1002,149.0
1,76,4,4,N1002,145.0
1,77,5,4,N1002,140.0
1,78,6,4,N1002,138.0
1,79,7,4,N1002,137.0
1,80,8,4,N1002,137.0
1,81,9,4,N1002,139.0
1,82,10,4,N1002,152.0
1,83,11,4,N1002,163.0
1,84,12,4,N1002,171.0
1,85,13,4,N1002,182.0
1,86,14,4,N1002,189.0
1,87,15,4,N1002,181.0
1,88,16,4,N1002,186.0
1,89,17,4,N1002,189.0
1,90,18,4,N1002,188.0
1,91,19,4,N1002,186.0
1,92,20,4,N1002,183.0
1,93,21,4,N1002,180.0
1,94,22,4,N1002,174.0
1,95,23,4,N1002,181.0
1,96,24,4,N1002,186.0
1,97,1,5,N1002,188.0
1,98,2,5,N1002,171.0
1,99,3,5,N1002,152.0
1,100,4,5,N1002,148.0
1,101,5,5,N1002,141.0
1,102,6,5,N1002,138.0
1,103,7,5,N1002,136.0
1,104,8,5,N1002,132.0
1,105,9,5,N1002,164.0
1,106,10,5,N1002,169.0
1,107,11,5,N1002,164.0
1,108,12,5,N1002,167.0
1,109,13,5,N1002,185.0
1,110,14,5,N1002,189.0
1,111,15,5,N1002,193.0
1,112,16,5,N1002,192.0
1,113,17,5,N1002,193.0
1,114,18,5,N1002,197.0
1,115,19,5,N1002,184.0
1,116,20,5,N1002,209.0
1,117,21,5,N1002,203.0
1,118,22,5,N1002,177.0
1,119,23,5,N1002,175.0
1,120,24,5,N1002,171.0
1,121,1,6,N1002,183.0
1,122,2,6,N1002,166.0
1,123,3,6,N1002,149.0
1,124,4,6,N1002,144.0
1,125,5,6,N1002,137.0
1,126,6,6,N1002,133.0
1,127,7,6,N1002,136.0
1,128,8,6,N1002,138.0
1,129,9,6,N1002,150.0
1,130,10,6,N1002,149.0
1,131,11,6,N1002,156.0
1,132,12,6,N1002,164.0
1,133,13,6,N1002,175.0
1,134,14,6,N1002,184.0
1,135,15,6,N1002,180.0
1,136,16,6,N1002,180.0
1,137,17,6,N1002,177.0
1,138,18,6,N1002,179.0
1,139,19,6,N1002,180.0
1,140,20,6,N1002,181.0
1,141,21,6,N1002,176.0
1,142,22,6,N1002,179.0
1,143,23,6,N1002,170.0
1,144,24,6,N1002,190.0
1,145,1,7,N1002,182.0
1,146,2,7,N1002,170.0
1,147,3,7,N1002,151.0
1,148,4,7,N1002,145.0
1,149,5,7,N1002,140.0
1,150,6,7,N1002,136.0
1,151,7,7,N1002,133.0
1,152,8,7,N1002,134.0
1,153,9,7,N1002,133.0
1,154,10,7,N1002,140.0
1,155,11,7,N1002,147.0
1,156,12,7,N1002,158.0
1,157,13,7,N1002,177.0
1,158,14,7,N1002,176.0
1,159,15,7,N1002,172.0
1,160,16,7,N1002,169.0
1,161,17,7,N1002,173.0
1,162,18,7,N1002,172.0
1,163,19,7,N1002,173.0
1,164,20,7,N1002,175.0
1,165,21,7,N1002,176.0
1,166,22,7,N1002,177.0
1,167,23,7,N1002,178.0
1,168,24,7,N1002,184.0
2,1,1,1,N1002,242.0
2,2,2,1,N1002,221.0
2,3,3,1,N1002,210.0
2,4,4,1,N1002,203.0
2,5,5,1,N1002,199.0
2,6,6,1,N1002,193.0
2,7,7,1,N1002,193.0
2,8,8,1,N1002,201.0
2,9,9,1,N1002,214.0
2,10,10,1,N1002,234.0
2,11,11,1,N1002,249.0
2,12,12,1,N1002,248.0
2,13,13,1,N1002,249.0
2,14,14,1,N1002,241.0
2,15,15,1,N1002,229.0
2,16,16,1,N1002,229.0
2,17,17,1,N1002,233.0
2,18,18,1,N1002,228.0
2,19,19,1,N1002,224.0
2,20,20,1,N1002,248.0
2,21,21,1,N1002,260.0
2,22,22,1,N1002,258.0
2,23,23,1,N1002,251.0
2,24,24,1,N1002,245.0
2,25,1,2,N1002,238.0
2,26,2,2,N1002,216.0
2,27,3,2,N1002,202.0
2,28,4,2,N1002,196.0
2,29,5,2,N1002,185.0
2,30,6,2,N1002,190.0
2,31,7,2,N1002,193.0
2,32,8,2,N1002,194.0
2,33,9,2,N1002,207.0
2,34,10,2,N1002,235.0
2,35,11,2,N1002,246.0
2,36,12,2,N1002,251.0
2,37,13,2,N1002,250.0
2,38,14,2,N1002,250.0
2,39,15,2,N1002,242.0
2,40,16,2,N1002,239.0
2,41,17,2,N1002,238.0
2,42,18,2,N1002,246.0
2,43,19,2,N1002,248.0
2,44,20,2,N1002,263.0
2,45,21,2,N1002,271.0
2,46,22,2,N1002,269.0
2,47,23,2,N1002,274.0
2,48,24,2,N1002,248.0
2,49,1,3,N1002,241.0
2,50,2,3,N1002,219.0
2,51,3,3,N1002,214.0
2,52,4,3,N1002,204.0
2,53,5,3,N1002,199.0
2,54,6,3,N1002,197.0
2,55,7,3,N1002,198.0
2,56,8,3,N1002,200.0
2,57,9,3,N1002,210.0
2,58,10,3,N1002,234.0
2,59,11,3,N1002,248.0
2,60,12,3,N1002,243.0
2,61,13,3,N1002,240.0
2,62,14,3,N1002,233.0
2,63,15,3,N1002,232.0
2,64,16,3,N1002,229.0
2,65,17,3,N1002,227.0
2,66,18,3,N1002,228.0
2,67,19,3,N1002,228.0
2,68,20,3,N1002,254.0
2,69,21,3,N1002,262.0
2,70,22,3,N1002,266.0
2,71,23,3,N1002,264.0
2,72,24,3,N1002,253.0
2,73,1,4,N1002,240.0
2,74,2,4,N1002,227.0
2,75,3,4,N1002,216.0
2,76,4,4,N1002,206.0
2,77,5,4,N1002,202.0
2,78,6,4,N1002,199.0
2,79,7,4,N1002,197.0
2,80,8,4,N1002,200.0
2,81,9,4,N1002,204.0
2,82,10,4,N1002,228.0
2,83,11,4,N1002,242.0
2,84,12,4,N1002,240.0
2,85,13,4,N1002,253.0
2,86,14,4,N1002,251.0
2,87,15,4,N1002,243.0
2,88,16,4,N1002,242.0
2,89,17,4,N1002,238.0
2,90,18,4,N1002,239.0
2,91,19,4,N1002,241.0
2,92,20,4,N1002,262.0
2,93,21,4,N1002,274.0
2,94,22,4,N1002,271.0
2,95,23,4,N1002,265.0
2,96,24,4,N1002,259.0
2,97,1,5,N1002,247.0
2,98,2,5,N1002,235.0
2,99,3,5,N1002,226.0
2,100,4,5,N1002,218.0
2,101,5,5,N1002,213.0
2,102,6,5,N1002,212.0
2,103,7,5,N1002,212.0
2,104,8,5,N1002,212.0
2,105,9,5,N1002,227.0
2,106,10,5,N1002,249.0
2,107,11,5,N1002,265.0
2,108,12,5,N1002,265.0
2,109,13,5,N1002,255.0
2,110,14,5,N1002,253.0
2,111,15,5,N1002,252.0
2,112,16,5,N1002,246.0
2,113,17,5,N1002,251.0
2,114,18,5,N1002,249.0
2,115,19,5,N1002,252.0
2,116,20,5,N1002,270.0
2,117,21,5,N1002,280.0
2,118,22,5,N1002,271.0
2,119,23,5,N1002,272.0
2,120,24,5,N1002,265.0
2,121,1,6,N1002,252.0
2,122,2,6,N1002,237.0
2,123,3,6,N1002,221.0
2,124,4,6,N1002,212.0
2,125,5,6,N1002,206.0
2,126,6,6,N1002,206.0
2,127,7,6,N1002,202.0
2,128,8,6,N1002,206.0
2,129,9,6,N1002,214.0
2,130,10,6,N1002,231.0
2,131,11,6,N1002,247.0
2,132,12,6,N1002,251.0
2,133,13,6,N1002,253.0
2,134,14,6,N1002,239.0
2,135,15,6,N1002,230.0
2,136,16,6,N1002,230.0
2,137,17,6,N1002,228.0
2,138,18,6,N1002,232.0
2,139,19,6,N1002,221.0
2,140,20,6,N1002,249.0
2,141,21,6,N1002,260.0
2,142,22,6,N1002,257.0
2,143,23,6,N1002,255.0
2,144,24,6,N1002,236.0
2,145,1,7,N1002,230.0
2,146,2,7,N1002,214.0
2,147,3,7,N1002,211.0
2,148,4,7,N1002,195.0
2,149,5,7,N1002,217.0
2,150,6,7,N1002,188.0
2,151,7,7,N1002,192.0
2,152,8,7,N1002,192.0
2,153,9,7,N1002,216.0
2,154,10,7,N1002,200.0
2,155,11,7,N1002,212.0
2,156,12,7,N1002,211.0
2,157,13,7,N1002,210.0
2,158,14,7,N1002,205.0
2,159,15,7,N1002,206.0
2,160,16,7,N1002,199.0
2,161,17,7,N1002,204.0
2,162,18,7,N1002,204.0
2,163,19,7,N1002,194.0
2,164,20,7,N1002,214.0
2,165,21,7,N1002,224.0
2,166,22,7,N1002,225.0
2,167,23,7,N1002,240.0
2,168,24,7,N1002,232.0
1,1,1,1,N1003,444.0
1,2,2,1,N1003,423.0
1,3,3,1,N1003,407.0
1,4,4,1,N1003,402.0
1,5,5,1,N1003,407.0
1,6,6,1,N1003,382.0
1,7,7,1,N1003,392.0
1,8,8,1,N1003,382.0
1,9,9,1,N1003,372.0
1,10,10,1,N1003,400.0
1,11,11,1,N1003,403.0
1,12,12,1,N1003,425.0
1,13,13,1,N1003,430.0
1,14,14,1,N1003,442.0
1,15,15,1,N1003,428.0
1,16,16,1,N1003,434.0
1,17,17,1,N1003,421.0
1,18,18,1,N1003,434.0
1,19,19,1,N1003,430.0
1,20,20,1,N1003,434.0
1,21,21,1,N1003,389.0
1,22,22,1,N1003,431.0
1,23,23,1,N1003,413.0
1,24,24,1,N1003,465.0
1,25,1,2,N1003,440.0
1,26,2,2,N1003,428.0
1,27,3,2,N1003,403.0
1,28,4,2,N1003,400.0
1,29,5,2,N1003,408.0
1,30,6,2,N1003,397.0
1,31,7,2,N1003,370.0
1,32,8,2,N1003,387.0
1,33,9,2,N1003,369.0
1,34,10,2,N1003,406.0
1,35,11,2,N1003,407.0
1,36,12,2,N1003,413.0
1,37,13,2,N1003,428.0
1,38,14,2,N1003,422.0
1,39,15,2,N1003,401.0
1,40,16,2,N1003,438.0
1,41,17,2,N1003,392.0
1,42,18,2,N1003,426.0
1,43,19,2,N1003,424.0
1,44,20,2,N1003,424.0
1,45,21,2,N1003,426.0
1,46,22,2,N1003,421.0
1,47,23,2,N1003,414.0
1,48,24,2,N1003,459.0
1,49,1,3,N1003,452.0
1,50,2,3,N1003,439.0
1,51,3,3,N1003,399.0
1,52,4,3,N1003,405.0
1,53,5,3,N1003,395.0
1,54,6,3,N1003,390.0
1,55,7,3,N1003,384.0
1,56,8,3,N1003,396.0
1,57,9,3,N1003,388.0
1,58,10,3,N1003,395.0
1,59,11,3,N1003,388.0
1,60,12,3,N1003,418.0
1,61,13,3,N1003,425.0
1,62,14,3,N1003,414.0
1,63,15,3,N1003,428.0
1,64,16,3,N1003,416.0
1,65,17,3,N1003,406.0
1,66,18,3,N1003,418.0
1,67,19,3,N1003,397.0
1,68,20,3,N1003,434.0
1,69,21,3,N1003,427.0
1,70,22,3,N1003,425.0
1,71,23,3,N1003,418.0
1,72,24,3,N1003,446.0
1,73,1,4,N1003,444.0
1,74,2,4,N1003,431.0
1,75,3,4,N1003,405.0
1,76,4,4,N1003,406.0
1,77,5,4,N1003,403.0
1,78,6,4,N1003,392.0
1,79,7,4,N1003,363.0
1,80,8,4,N1003,371.0
1,81,9,4,N1003,378.0
1,82,10,4,N1003,399.0
1,83,11,4,N1003,422.0
1,84,12,4,N1003,415.0
1,85,13,4,N1003,429.0
1,86,14,4,N1003,422.0
1,87,15,4,N1003,422.0
1,88,16,4,N1003,416.0
1,89,17,4,N1003,409.0
1,90,18,4,N1003,418.0
1,91,19,4,N1003,415.0
1,92,20,4,N1003,433.0
1,93,21,4,N1003,425.0
1,94,22,4,N1003,425.0
1,95,23,4,N1003,437.0
1,96,24,4,N1003,466.0
1,97,1,5,N1003,444.0
1,98,2,5,N1003,426.0
1,99,3,5,N1003,407.0
1,100,4,5,N1003,400.0
1,101,5,5,N1003,404.0
1,102,6,5,N1003,378.0
1,103,7,5,N1003,388.0
1,104,8,5,N1003,377.0
1,105,9,5,N1003,378.0
1,106,10,5,N1003,399.0
1,107,11,5,N1003,408.0
1,108,12,5,N1003,412.0
1,109,13,5,N1003,427.0
1,110,14,5,N1003,423.0
1,111,15,5,N1003,427.0
1,112,16,5,N1003,422.0
1,113,17,5,N1003,399.0
1,114,18,5,N1003,428.0
1,115,19,5,N1003,417.0
1,116,20,5,N1003,407.0
1,117,21,5,N1003,414.0
1,118,22,5,N1003,418.0
1,119,23,5,N1003,423.0
1,120,24,5,N1003,460.0
1,121,1,6,N1003,448.0
1,122,2,6,N1003,426.0
1,123,3,6,N1003,387.0
1,124,4,6,N1003,381.0
1,125,5,6,N1003,403.0
1,126,6,6,N1003,398.0
1,127,7,6,N1003,381.0
1,128,8,6,N1003,368.0
1,129,9,6,N1003,371.0
1,130,10,6,N1003,405.0
1,131,11,6,N1003,420.0
1,132,12,6,N1003,419.0
1,133,13,6,N1003,420.0
1,134,14,6,N1003,431.0
1,135,15,6,N1003,417.0
1,136,16,6,N1003,425.0
1,137,17,6,N1003,411.0
1,138,18,6,N1003,422.0
1,139,19,6,N1003,404.0
1,140,20,6,N1003,432.0
1,141,21,6,N1003,424.0
1,142,22,6,N1003,429.0
1,143,23,6,N1003,434.0
1,144,24,6,N1003,456.0
1,145,1,7,N1003,438.0
1,146,2,7,N1003,426.0
1,147,3,7,N1003,387.0
1,148,4,7,N1003,411.0
1,149,5,7,N1003,405.0
1,150,6,7,N1003,386.0
1,151,7,7,N1003,390.0
1,152,8,7,N1003,381.0
1,153,9,7,N1003,369.0
1,154,10,7,N1003,397.0
1,155,11,7,N1003,398.0
1,156,12,7,N1003,417.0
1,157,13,7,N1003,427.0
1,158,14,7,N1003,401.0
1,159,15,7,N1003,415.0
1,160,16,7,N1003,425.0
1,161,17,7,N1003,396.0
1,162,18,7,N1003,417.0
1,163,19,7,N1003,403.0
1,164,20,7,N1003,407.0
1,165,21,7,N1003,426.0
1,166,22,7,N1003,427.0
1,167,23,7,N1003,424.0
1,168,24,7,N1003,470.0
2,1,1,1,N1003,537.0
2,2,2,1,N1003,524.0
2,3,3,1,N1003,507.0
2,4,4,1,N1003,500.0
2,5,5,1,N1003,500.0
2,6,6,1,N1003,503.0
2,7,7,1,N1003,502.0
2,8,8,1,N1003,502.0
2,9,9,1,N1003,514.0
2,10,10,1,N1003,518.0
2,11,11,1,N1003,518.0
2,12,12,1,N1003,529.0
2,13,13,1,N1003,536.0
2,14,14,1,N1003,539.0
2,15,15,1,N1003,526.0
2,16,16,1,N1003,530.0
2,17,17,1,N1003,534.0
2,18,18,1,N1003,505.0
2,19,19,1,N1003,549.0
2,20,20,1,N1003,563.0
2,21,21,1,N1003,588.0
2,22,22,1,N1003,569.0
2,23,23,1,N1003,592.0
2,24,24,1,N1003,573.0
2,25,1,2,N1003,537.0
2,26,2,2,N1003,527.0
2,27,3,2,N1003,495.0
2,28,4,2,N1003,514.0
2,29,5,2,N1003,515.0
2,30,6,2,N1003,507.0
2,31,7,2,N1003,500.0
2,32,8,2,N1003,502.0
2,33,9,2,N1003,507.0
2,34,10,2,N1003,509.0
2,35,11,2,N1003,540.0
2,36,12,2,N1003,516.0
2,37,13,2,N1003,530.0
2,38,14,2,N1003,531.0
2,39,15,2,N1003,520.0
2,40,16,2,N1003,535.0
2,41,17,2,N1003,516.0
2,42,18,2,N1003,523.0
2,43,19,2,N1003,529.0
2,44,20,2,N1003,552.0
2,45,21,2,N1003,559.0
2,46,22,2,N1003,579.0
2,47,23,2,N1003,560.0
2,48,24,2,N1003,551.0
2,49,1,3,N1003,552.0
2,50,2,3,N1003,533.0
2,51,3,3,N1003,498.0
2,52,4,3,N1003,498.0
2,53,5,3,N1003,498.0
2,54,6,3,N1003,491.0
2,55,7,3,N1003,475.0
2,56,8,3,N1003,484.0
2,57,9,3,N1003,487.0
2,58,10,3,N1003,520.0
2,59,11,3,N1003,539.0
2,60,12,3,N1003,498.0
2,61,13,3,N1003,513.0
2,62,14,3,N1003,507.0
2,63,15,3,N1003,495.0
2,64,16,3,N1003,539.0
2,65,17,3,N1003,491.0
2,66,18,3,N1003,534.0
2,67,19,3,N1003,541.0
2,68,20,3,N1003,569.0
2,69,21,3,N1003,581.0
2,70,22,3,N1003,574.0
2,71,23,3,N1003,573.0
2,72,24,3,N1003,555.0
2,73,1,4,N1003,504.0
2,74,2,4,N1003,531.0
2,75,3,4,N1003,481.0
2,76,4,4,N1003,504.0
2,77,5,4,N1003,484.0
2,78,6,4,N1003,481.0
2,79,7,4,N1003,481.0
2,80,8,4,N1003,476.0
2,81,9,4,N1003,501.0
2,82,10,4,N1003,536.0
2,83,11,4,N1003,509.0
2,84,12,4,N1003,520.0
2,85,13,4,N1003,515.0
2,86,14,4,N1003,500.0
2,87,15,4,N1003,500.0
2,88,16,4,N1003,518.0
2,89,17,4,N1003,515.0
2,90,18,4,N1003,493.0
2,91,19,4,N1003,490.0
2,92,20,4,N1003,559.0
2,93,21,4,N1003,581.0
2,94,22,4,N1003,574.0
2,95,23,4,N1003,566.0
2,96,24,4,N1003,571.0
2,97,1,5,N1003,542.0
2,98,2,5,N1003,533.0
2,99,3,5,N1003,516.0
2,100,4,5,N1003,481.0
2,101,5,5,N1003,490.0
2,102,6,5,N1003,489.0
2,103,7,5,N1003,495.0
2,104,8,5,N1003,488.0
2,105,9,5,N1003,491.0
2,106,10,5,N1003,532.0
2,107,11,5,N1003,541.0
2,108,12,5,N1003,542.0
2,109,13,5,N1003,548.0
2,110,14,5,N1003,521.0
2,111,15,5,N1003,533.0
2,112,16,5,N1003,524.0
2,113,17,5,N1003,529.0
2,114,18,5,N1003,529.0
2,115,19,5,N1003,521.0
2,116,20,5,N1003,567.0
2,117,21,5,N1003,582.0
2,118,22,5,N1003,558.0
2,119,23,5,N1003,577.0
2,120,24,5,N1003,565.0
2,121,1,6,N1003,539.0
2,122,2,6,N1003,528.0
2,123,3,6,N1003,514.0
2,124,4,6,N1003,513.0
2,125,5,6,N1003,496.0
2,126,6,6,N1003,507.0
2,127,7,6,N1003,494.0
2,128,8,6,N1003,496.0
2,129,9,6,N1003,509.0
2,130,10,6,N1003,531.0
2,131,11,6,N1003,527.0
2,132,12,6,N1003,535.0
2,133,13,6,N1003,542.0
2,134,14,6,N1003,527.0
2,135,15,6,N1003,528.0
2,136,16,6,N1003,526.0
2,137,17,6,N1003,535.0
2,138,18,6,N1003,533.0
2,139,19,6,N1003,535.0
2,140,20,6,N1003,571.0
2,141,21,6,N1003,586.0
2,142,22,6,N1003,571.0
2,143,23,6,N1003,569.0
2,144,24,6,N1003,575.0
2,145,1,7,N1003,528.0
2,146,2,7,N1003,533.0
2,147,3,7,N1003,511.0
2,148,4,7,N1003,501.0
2,149,5,7,N1003,499.0
2,150,6,7,N1003,494.0
2,151,7,7,N1003,480.0
2,152,8,7,N1003,501.0
2,153,9,7,N1003,486.0
2,154,10,7,N1003,506.0
2,155,11,7,N1003,508.0
2,156,12,7,N1003,518.0
2,157,13,7,N1003,531.0
2,158,14,7,N1003,525.0
2,159,15,7,N1003,507.0
2,160,16,7,N1003,519.0
2,161,17,7,N1003,496.0
2,162,18,7,N1003,512.0
2,163,19,7,N1003,521.0
2,164,20,7,N1003,565.0
2,165,21,7,N1003,574.0
2,166,22,7,N1003,545.0
2,167,23,7,N1003,565.0
2,168,24,7,N1003,557.0
1,1,1,1,N2004,13.84518201671269
1,2,2,1,N2004,13.84518201671269
1,3,3,1,N2004,13.84518201671269
1,4,4,1,N2004,13.84518201671269
1,5,5,1,N2004,13.84518201671269
1,6,6,1,N2004,13.84518201671269
1,7,7,1,N2004,13.84518201671269
1,8,8,1,N2004,13.84518201671269
1,9,9,1,N2004,13.84518201671269
1,10,10,1,N2004,13.84518201671269
1,11,11,1,N2004,13.84518201671269
1,12,12,1,N2004,13.84518201671269
1,13,13,1,N2004,13.84518201671269
1,14,14,1,N2004,13.84518201671269
1,15,15,1,N2004,13.84518201671269
1,16,16,1,N2004,13.84518201671269
1,17,17,1,N2004,13.84518201671269
1,18,18,1,N2004,13.84518201671269
1,19,19,1,N2004,13.84518201671269
1,20,20,1,N2004,13.84518201671269
1,21,21,1,N2004,13.84518201671269
1,22,22,1,N2004,13.84518201671269
1,23,23,1,N2004,13.84518201671269
1,24,24,1,N2004,13.84518201671269
1,25,1,2,N2004,13.84518201671269
1,26,2,2,N2004,13.84518201671269
1,27,3,2,N2004,13.84518201671269
1,28,4,2,N2004,13.84518201671269
1,29,5,2,N2004,13.84518201671269
1,30,6,2,N2004,13.84518201671269
1,31,7,2,N2004,13.84518201671269
1,32,8,2,N2004,13.84518201671269
1,33,9,2,N2004,13.84518201671269
1,34,10,2,N2004,13.84518201671269
1,35,11,2,N2004,13.84518201671269
1,36,12,2,N2004,13.84518201671269
1,37,13,2,N2004,13.84518201671269
1,38,14,2,N2004,13.84518201671269
1,39,15,2,N2004,13.84518201671269
1,40,16,2,N2004,13.84518201671269
1,41,17,2,N2004,13.84518201671269
1,42,18,2,N2004,13.84518201671269
1,43,19,2,N2004,13.84518201671269
1,44,20,2,N2004,13.84518201671269
1,45,21,2,N2004,13.84518201671269
1,46,22,2,N2004,13.84518201671269
1,47,23,2,N2004,13.84518201671269
1,48,24,2,N2004,13.84518201671269
1,49,1,3,N2004,13.84518201671269
1,50,2,3,N2004,13.84518201671269
1,51,3,3,N2004,13.84518201671269
1,52,4,3,N2004,13.84518201671269
1,53,5,3,N2004,13.84518201671269
1,54,6,3,N2004,13.84518201671269
1,55,7,3,N2004,13.84518201671269
1,56,8,3,N2004,13.84518201671269
1,57,9,3,N2004,13.84518201671269
1,58,10,3,N2004,13.84518201671269
1,59,11,3,N2004,13.84518201671269
1,60,12,3,N2004,13.84518201671269
1,61,13,3,N2004,13.84518201671269
1,62,14,3,N2004,13.84518201671269
1,63,15,3,N2004,13.84518201671269
1,64,16,3,N2004,13.84518201671269
1,65,17,3,N2004,13.84518201671269
1,66,18,3,N2004,13.84518201671269
1,67,19,3,N2004,13.84518201671269
1,68,20,3,N2004,13.84518201671269
1,69,21,3,N2004,13.84518201671269
1,70,22,3,N2004,13.84518201671269
1,71,23,3,N2004,13.84518201671269
1,72,24,3,N2004,13.84518201671269
1,73,1,4,N2004,13.84518201671269
1,74,2,4,N2004,13.84518201671269
1,75,3,4,N2004,13.84518201671269
1,76,4,4,N2004,13.84518201671269
1,77,5,4,N2004,13.84518201671269
1,78,6,4,N2004,13.84518201671269
1,79,7,4,N2004,13.84518201671269
1,80,8,4,N2004,13.84518201671269
1,81,9,4,N2004,13.84518201671269
1,82,10,4,N2004,13.84518201671269
1,83,11,4,N2004,13.84518201671269
1,84,12,4,N2004,13.84518201671269
1,85,13,4,N2004,13.84518201671269
1,86,14,4,N2004,13.84518201671269
1,87,15,4,N2004,13.84518201671269
1,88,16,4,N2004,13.84518201671269
1,89,17,4,N2004,13.84518201671269
1,90,18,4,N2004,13.84518201671269
1,91,19,4,N2004,13.84518201671269
1,92,20,4,N2004,13.84518201671269
1,93,21,4,N2004,13.84518201671269
1,94,22,4,N2004,13.84518201671269
1,95,23,4,N2004,13.84518201671269
1,96,24,4,N2004,13.84518201671269
1,97,1,5,N2004,13.84518201671269
1,98,2,5,N2004,13.84518201671269
1,99,3,5,N2004,13.84518201671269
1,100,4,5,N2004,13.84518201671269
1,101,5,5,N2004,13.84518201671269
1,102,6,5,N2004,13.84518201671269
1,103,7,5,N2004,13.84518201671269
1,104,8,5,N2004,13.84518201671269
1,105,9,5,N2004,13.84518201671269
1,106,10,5,N2004,13.84518201671269
1,107,11,5,N2004,13.84518201671269
1,108,12,5,N2004,13.84518201671269
1,109,13,5,N2004,13.84518201671269
1,110,14,5,N2004,13.84518201671269
1,111,15,5,N2004,13.84518201671269
1,112,16,5,N2004,13.84518201671269
1,113,17,5,N2004,13.84518201671269
1,114,18,5,N2004,13.84518201671269
1,115,19,5,N2004,13.84518201671269
1,116,20,5,N2004,13.84518201671269
1,117,21,5,N2004,13.84518201671269
1,118,22,5,N2004,13.84518201671269
1,119,23,5,N2004,13.84518201671269
1,120,24,5,N2004,13.84518201671269
1,121,1,6,N2004,13.84518201671269
1,122,2,6,N2004,13.84518201671269
1,123,3,6,N2004,13.84518201671269
1,124,4,6,N2004,13.84518201671269
1,125,5,6,N2004,13.84518201671269
1,126,6,6,N2004,13.84518201671269
1,127,7,6,N2004,13.84518201671269
1,128,8,6,N2004,13.84518201671269
1,129,9,6,N2004,13.84518201671269
1,130,10,6,N2004,13.84518201671269
1,131,11,6,N2004,13.84518201671269
1,132,12,6,N2004,13.84518201671269
1,133,13,6,N2004,13.84518201671269
1,134,14,6,N2004,13.84518201671269
1,135,15,6,N2004,13.84518201671269
1,136,16,6,N2004,13.84518201671269
1,137,17,6,N2004,13.84518201671269
1,138,18,6,N2004,13.84518201671269
1,139,19,6,N2004,13.84518201671269
1,140,20,6,N2004,13.84518201671269
1,141,21,6,N2004,13.84518201671269
1,142,22,6,N2004,13.84518201671269
1,143,23,6,N2004,13.84518201671269
1,144,24,6,N2004,13.84518201671269
1,145,1,7,N2004,13.84518201671269
1,146,2,7,N2004,13.84518201671269
1,147,3,7,N2004,13.84518201671269
1,148,4,7,N2004,13.84518201671269
1,149,5,7,N2004,13.84518201671269
1,150,6,7,N2004,13.84518201671269
1,151,7,7,N2004,13.84518201671269
1,152,8,7,N2004,13.84518201671269
1,153,9,7,N2004,13.84518201671269
1,154,10,7,N2004,13.84518201671269
1,155,11,7,N2004,13.84518201671269
1,156,12,7,N2004,13.84518201671269
1,157,13,7,N2004,13.84518201671269
1,158,14,7,N2004,13.84518201671269
1,159,15,7,N2004,13.84518201671269
1,160,16,7,N2004,13.84518201671269
1,161,17,7,N2004,13.84518201671269
1,162,18,7,N2004,13.84518201671269
1,163,19,7,N2004,13.84518201671269
1,164,20,7,N2004,13.84518201671269
1,165,21,7,N2004,13.84518201671269
1,166,22,7,N2004,13.84518201671269
1,167,23,7,N2004,13.84518201671269
1,168,24,7,N2004,13.84518201671269
2,1,1,1,N2004,13.84518201671269
2,2,2,1,N2004,13.84518201671269
2,3,3,1,N2004,13.84518201671269
2,4,4,1,N2004,13.84518201671269
2,5,5,1,N2004,13.84518201671269
2,6,6,1,N2004,13.84518201671269
2,7,7,1,N2004,13.84518201671269
2,8,8,1,N2004,13.84518201671269
2,9,9,1,N2004,13.84518201671269
2,10,10,1,N2004,13.84518201671269
2,11,11,1,N2004,13.84518201671269
2,12,12,1,N2004,13.84518201671269
2,13,13,1,N2004,13.84518201671269
2,14,14,1,N2004,13.84518201671269
2,15,15,1,N2004,13.84518201671269
2,16,16,1,N2004,13.84518201671269
2,17,17,1,N2004,13.84518201671269
2,18,18,1,N2004,13.84518201671269
2,19,19,1,N2004,13.84518201671269
2,20,20,1,N2004,13.84518201671269
2,21,21,1,N2004,13.84518201671269
2,22,22,1,N2004,13.84518201671269
2,23,23,1,N2004,13.84518201671269
2,24,24,1,N2004,13.84518201671269
2,25,1,2,N2004,13.84518201671269
2,26,2,2,N2004,13.84518201671269
2,27,3,2,N2004,13.84518201671269
2,28,4,2,N2004,13.84518201671269
2,29,5,2,N2004,13.84518201671269
2,30,6,2,N2004,13.84518201671269
2,31,7,2,N2004,13.84518201671269
2,32,8,2,N2004,13.84518201671269
2,33,9,2,N2004,13.84518201671269
2,34,10,2,N2004,13.84518201671269
2,35,11,2,N2004,13.84518201671269
2,36,12,2,N2004,13.84518201671269
2,37,13,2,N2004,13.84518201671269
2,38,14,2,N2004,13.84518201671269
2,39,15,2,N2004,13.84518201671269
2,40,16,2,N2004,13.84518201671269
2,41,17,2,N2004,13.84518201671269
2,42,18,2,N2004,13.84518201671269
2,43,19,2,N2004,13.84518201671269
2,44,20,2,N2004,13.84518201671269
2,45,21,2,N2004,13.84518201671269
2,46,22,2,N2004,13.84518201671269
2,47,23,2,N2004,13.84518201671269
2,48,24,2,N2004,13.84518201671269
2,49,1,3,N2004,13.84518201671269
2,50,2,3,N2004,13.84518201671269
2,51,3,3,N2004,13.84518201671269
2,52,4,3,N2004,13.84518201671269
2,53,5,3,N2004,13.84518201671269
2,54,6,3,N2004,13.84518201671269
2,55,7,3,N2004,13.84518201671269
2,56,8,3,N2004,13.84518201671269
2,57,9,3,N2004,13.84518201671269
2,58,10,3,N2004,13.84518201671269
2,59,11,3,N2004,13.84518201671269
2,60,12,3,N2004,13.84518201671269
2,61,13,3,N2004,13.84518201671269
2,62,14,3,N2004,13.84518201671269
2,63,15,3,N2004,13.84518201671269
2,64,16,3,N2004,13.84518201671269
2,65,17,3,N2004,13.84518201671269
2,66,18,3,N2004,13.84518201671269
2,67,19,3,N2004,13.84518201671269
2,68,20,3,N2004,13.84518201671269
2,69,21,3,N2004,13.84518201671269
2,70,22,3,N2004,13.84518201671269
2,71,23,3,N2004,13.84518201671269
2,72,24,3,N2004,13.84518201671269
2,73,1,4,N2004,13.84518201671269
2,74,2,4,N2004,13.84518201671269
2,75,3,4,N2004,13.84518201671269
2,76,4,4,N2004,13.84518201671269
2,77,5,4,N2004,13.84518201671269
2,78,6,4,N2004,13.84518201671269
2,79,7,4,N2004,13.84518201671269
2,80,8,4,N2004,13.84518201671269
2,81,9,4,N2004,13.84518201671269
2,82,10,4,N2004,13.84518201671269
2,83,11,4,N2004,13.84518201671269
2,84,12,4,N2004,13.84518201671269
2,85,13,4,N2004,13.84518201671269
2,86,14,4,N2004,13.84518201671269
2,87,15,4,N2004,13.84518201671269
2,88,16,4,N2004,13.84518201671269
2,89,17,4,N2004,13.84518201671269
2,90,18,4,N2004,13.84518201671269
2,91,19,4,N2004,13.84518201671269
2,92,20,4,N2004,13.84518201671269
2,93,21,4,N2004,13.84518201671269
2,94,22,4,N2004,13.84518201671269
2,95,23,4,N2004,13.84518201671269
2,96,24,4,N2004,13.84518201671269
2,97,1,5,N2004,13.84518201671269
2,98,2,5,N2004,13.84518201671269
2,99,3,5,N2004,13.84518201671269
2,100,4,5,N2004,13.84518201671269
2,101,5,5,N2004,13.84518201671269
2,102,6,5,N2004,13.84518201671269
2,103,7,5,N2004,13.84518201671269
2,104,8,5,N2004,13.84518201671269
2,105,9,5,N2004,13.84518201671269
2,106,10,5,N2004,13.84518201671269
2,107,11,5,N2004,13.84518201671269
2,108,12,5,N2004,13.84518201671269
2,109,13,5,N2004,13.84518201671269
2,110,14,5,N2004,13.84518201671269
2,111,15,5,N2004,13.84518201671269
2,112,16,5,N2004,13.84518201671269
2,113,17,5,N2004,13.84518201671269
2,114,18,5,N2004,13.84518201671269
2,115,19,5,N2004,13.84518201671269
2,116,20,5,N2004,13.84518201671269
2,117,21,5,N2004,13.84518201671269
2,118,22,5,N2004,13.84518201671269
2,119,23,5,N2004,13.84518201671269
2,120,24,5,N2004,13.84518201671269
2,121,1,6,N2004,13.84518201671269
2,122,2,6,N2004,13.84518201671269
2,123,3,6,N2004,13.84518201671269
2,124,4,6,N2004,13.84518201671269
2,125,5,6,N2004,13.84518201671269
2,126,6,6,N2004,13.84518201671269
2,127,7,6,N2004,13.84518201671269
2,128,8,6,N2004,13.84518201671269
2,129,9,6,N2004,13.84518201671269
2,130,10,6,N2004,13.84518201671269
2,131,11,6,N2004,13.84518201671269
2,132,12,6,N2004,13.84518201671269
2,133,13,6,N2004,13.84518201671269
2,134,14,6,N2004,13.84518201671269
2,135,15,6,N2004,13.84518201671269
2,136,16,6,N2004,13.84518201671269
2,137,17,6,N2004,13.84518201671269
2,138,18,6,N2004,13.84518201671269
2,139,19,6,N2004,13.84518201671269
2,140,20,6,N2004,13.84518201671269
2,141,21,6,N2004,13.84518201671269
2,142,22,6,N2004,13.84518201671269
2,143,23,6,N2004,13.84518201671269
2,144,24,6,N2004,13.84518201671269
2,145,1,7,N2004,13.84518201671269
2,146,2,7,N2004,13.84518201671269
2,147,3,7,N2004,13.84518201671269
2,148,4,7,N2004,13.84518201671269
2,149,5,7,N2004,13.84518201671269
2,150,6,7,N2004,13.84518201671269
2,151,7,7,N2004,13.84518201671269
2,152,8,7,N2004,13.84518201671269
2,153,9,7,N2004,13.84518201671269
2,154,10,7,N2004,13.84518201671269
2,155,11,7,N2004,13.84518201671269
2,156,12,7,N2004,13.84518201671269
2,157,13,7,N2004,13.84518201671269
2,158,14,7,N2004,13.84518201671269
2,159,15,7,N2004,13.84518201671269
2,160,16,7,N2004,13.84518201671269
2,161,17,7,N2004,13.84518201671269
2,162,18,7,N2004,13.84518201671269
2,163,19,7,N2004,13.84518201671269
2,164,20,7,N2004,13.84518201671269
2,165,21,7,N2004,13.84518201671269
2,166,22,7,N2004,13.84518201671269
2,167,23,7,N2004,13.84518201671269
2,168,24,7,N2004,13.84518201671269
1,1,1,1,N2008,59.01961412664033
1,2,2,1,N2008,47.999345403509885
1,3,3,1,N2008,46.52570481844012
1,4,4,1,N2008,43.386209658943656
1,5,5,1,N2008,40.95149912708926
1,6,6,1,N2008,40.88742779730361
1,7,7,1,N2008,43.129924339801086
1,8,8,1,N2008,46.01313418015498
1,9,9,1,N2008,51.77955386086277
1,10,10,1,N2008,60.62139737128139
1,11,11,1,N2008,66.51595971156046
1,12,12,1,N2008,68.95067024341486
1,13,13,1,N2008,67.3488869987738
1,14,14,1,N2008,65.0423191264907
1,15,15,1,N2008,68.63031359448664
1,16,16,1,N2008,64.78603380734812
1,17,17,1,N2008,61.90282396699423
1,18,18,1,N2008,66.25967439241789
1,19,19,1,N2008,61.96689529677987
1,20,20,1,N2008,63.76089253077785
1,21,21,1,N2008,62.41539460527936
1,22,22,1,N2008,69.71952620084255
1,23,23,1,N2008,73.05123534969596
1,24,24,1,N2008,63.05610790313578
1,25,1,2,N2008,61.005825349995234
1,26,2,2,N2008,53.189123116146895
1,27,3,2,N2008,47.10234678651089
1,28,4,2,N2008,46.01313418015498
1,29,5,2,N2008,44.53949359508522
1,30,6,2,N2008,43.193995669586734
1,31,7,2,N2008,44.92392157379906
1,32,8,2,N2008,52.7406238076474
1,33,9,2,N2008,57.99447285007005
1,34,10,2,N2008,63.696821200992204
1,35,11,2,N2008,66.64410237113174
1,36,12,2,N2008,70.29616816891334
1,37,13,2,N2008,66.00338907327532
1,38,14,2,N2008,65.29860444563326
1,39,15,2,N2008,66.06746040306096
1,40,16,2,N2008,65.87524641370403
1,41,17,2,N2008,64.40160582863426
1,42,18,2,N2008,61.005825349995234
1,43,19,2,N2008,61.96689529677987
1,44,20,2,N2008,53.189123116146895
1,45,21,2,N2008,63.12017923292142
1,46,22,2,N2008,68.82252758384358
1,47,23,2,N2008,71.96202274334003
1,48,24,2,N2008,64.9141764669194
1,49,1,3,N2008,55.880118967143865
1,50,2,3,N2008,50.56219859493557
1,51,3,3,N2008,46.39756215886884
1,52,4,3,N2008,46.14127683972627
1,53,5,3,N2008,43.578423648300586
1,54,6,3,N2008,42.745496361087234
1,55,7,3,N2008,45.11613556315599
1,56,8,3,N2008,50.626269924721214
1,57,9,3,N2008,52.7406238076474
1,58,10,3,N2008,61.069896679780875
1,59,11,3,N2008,64.52974848820554
1,60,12,3,N2008,66.83631636048867
1,61,13,3,N2008,67.09260167963123
1,62,14,3,N2008,59.85254141385368
1,63,15,3,N2008,68.566242264701
1,64,16,3,N2008,68.88659891362921
1,65,17,3,N2008,67.09260167963123
1,66,18,3,N2008,66.19560306263224
1,67,19,3,N2008,65.8111750839184
1,68,20,3,N2008,66.70817370091738
1,69,21,3,N2008,64.1453205094917
1,70,22,3,N2008,72.53866471141082
1,71,23,3,N2008,68.11774295620151
1,72,24,3,N2008,63.184250562707064
1,73,1,4,N2008,53.381337105503825
1,74,2,4,N2008,49.21670066943708
1,75,3,4,N2008,46.97420412693961
1,76,4,4,N2008,46.71791880779705
1,77,5,4,N2008,44.47542226529957
1,78,6,4,N2008,45.692777531226774
1,79,7,4,N2008,39.09343056330564
1,80,8,4,N2008,33.90365285066863
1,81,9,4,N2008,53.957979073574606
1,82,10,4,N2008,59.78847008406804
1,83,11,4,N2008,65.17046178606198
1,84,12,4,N2008,62.479465935065
1,85,13,4,N2008,65.29860444563326
1,86,14,4,N2008,65.6830324243471
1,87,15,4,N2008,66.38781705198917
1,88,16,4,N2008,64.97824779670505
1,89,17,4,N2008,68.18181428598716
1,90,18,4,N2008,65.74710375413275
1,91,19,4,N2008,67.15667300941688
1,92,20,4,N2008,62.99203657335014
1,93,21,4,N2008,63.632749871206556
1,94,22,4,N2008,69.84766886041385
1,95,23,4,N2008,73.62787731776673
1,96,24,4,N2008,65.10639045627633
1,97,1,5,N2008,55.49569098843002
1,98,2,5,N2008,50.04962795665043
1,99,3,5,N2008,47.03827545672525
1,100,4,5,N2008,45.30834955251292
1,101,5,5,N2008,44.6676362546565
1,102,6,5,N2008,42.937710350444156
1,103,7,5,N2008,44.53949359508522
1,104,8,5,N2008,50.946626573649425
1,105,9,5,N2008,55.1753343395018
1,106,10,5,N2008,59.53218476492546
1,107,11,5,N2008,64.85010513713377
1,108,12,5,N2008,65.93931774348968
1,109,13,5,N2008,67.3488869987738
1,110,14,5,N2008,65.42674710520454
1,111,15,5,N2008,67.0285303498456
1,112,16,5,N2008,67.28481566898816
1,113,17,5,N2008,69.97581151998513
1,114,18,5,N2008,66.32374572220353
1,115,19,5,N2008,64.40160582863426
1,116,20,5,N2008,63.889035190349134
1,117,21,5,N2008,65.17046178606198
1,118,22,5,N2008,69.71952620084255
1,119,23,5,N2008,70.42431082848462
1,120,24,5,N2008,65.17046178606198
1,121,1,6,N2008,53.893907743788965
1,122,2,6,N2008,52.35619582893355
1,123,3,6,N2008,44.34727960572829
1,124,4,6,N2008,46.14127683972627
1,125,5,6,N2008,45.436492212084204
1,126,6,6,N2008,42.61735370151595
1,127,7,6,N2008,43.001781680229804
1,128,8,6,N2008,46.58977614822576
1,129,9,6,N2008,47.67898875458168
1,130,10,6,N2008,57.61004487135621
1,131,11,6,N2008,65.93931774348968
1,132,12,6,N2008,67.09260167963123
1,133,13,6,N2008,64.27346316906298
1,134,14,6,N2008,63.31239322227835
1,135,15,6,N2008,63.632749871206556
1,136,16,6,N2008,63.05610790313578
1,137,17,6,N2008,65.42674710520454
1,138,18,6,N2008,64.01717784992042
1,139,19,6,N2008,62.54353726485064
1,140,20,6,N2008,60.42918338192445
1,141,21,6,N2008,59.78847008406804
1,142,22,6,N2008,66.38781705198917
1,143,23,6,N2008,71.70573742419747
1,144,24,6,N2008,67.15667300941688
1,145,1,7,N2008,56.71304625435722
1,146,2,7,N2008,48.575987371580666
1,147,3,7,N2008,46.01313418015498
1,148,4,7,N2008,43.514352318514945
1,149,5,7,N2008,43.129924339801086
1,150,6,7,N2008,41.33592710580311
1,151,7,7,N2008,40.054500510090264
1,152,8,7,N2008,41.33592710580311
1,153,9,7,N2008,44.987992903584704
1,154,10,7,N2008,51.010697903435066
1,155,11,7,N2008,56.520832265000294
1,156,12,7,N2008,61.710609977637304
1,157,13,7,N2008,60.36511205213881
1,158,14,7,N2008,61.326181998923445
1,159,15,7,N2008,64.08124917970606
1,160,16,7,N2008,60.17289806278189
1,161,17,7,N2008,61.005825349995234
1,162,18,7,N2008,59.46811343513982
1,163,19,7,N2008,64.01717784992042
1,164,20,7,N2008,62.41539460527936
1,165,21,7,N2008,54.34240705228845
1,166,22,7,N2008,60.62139737128139
1,167,23,7,N2008,72.09016540291131
1,168,24,7,N2008,64.08124917970606
2,1,1,1,N2008,85.92957263661002
2,2,2,1,N2008,79.26615433890323
2,3,3,1,N2008,75.03744657305086
2,4,4,1,N2008,74.39673327519442
2,5,5,1,N2008,74.26859061562314
2,6,6,1,N2008,73.37159199862417
2,7,7,1,N2008,74.71708992412265
2,8,8,1,N2008,84.26371806218332
2,9,9,1,N2008,88.9409251365352
2,10,10,1,N2008,92.72113359388807
2,11,11,1,N2008,98.42348194481022
2,12,12,1,N2008,96.05284274274146
2,13,13,1,N2008,95.92470008317018
2,14,14,1,N2008,96.5654133810266
2,15,15,1,N2008,92.97741891303065
2,16,16,1,N2008,94.00256018960091
2,17,17,1,N2008,93.16963290238758
2,18,18,1,N2008,95.92470008317018
2,19,19,1,N2008,106.3042555084442
2,20,20,1,N2008,105.59947088080214
2,21,21,1,N2008,104.06175896594674
2,22,22,1,N2008,104.57432960423186
2,23,23,1,N2008,98.29533928523894
2,24,24,1,N2008,93.55406088110142
2,25,1,2,N2008,87.65949854082236
2,26,2,2,N2008,81.06015157290122
2,27,3,2,N2008,75.93444519004984
2,28,4,2,N2008,72.98716401991031
2,29,5,2,N2008,75.74223120069291
2,30,6,2,N2008,74.90930391347958
2,31,7,2,N2008,77.98472774319039
2,32,8,2,N2008,85.54514465789616
2,33,9,2,N2008,90.35049439181931
2,34,10,2,N2008,94.38698816831477
2,35,11,2,N2008,99.64083721073743
2,36,12,2,N2008,97.4624119980256
2,37,13,2,N2008,96.11691407252711
2,38,14,2,N2008,97.71869731716816
2,39,15,2,N2008,94.96363013638556
2,40,16,2,N2008,95.0277014661712
2,41,17,2,N2008,96.24505673209839
2,42,18,2,N2008,98.67976726395278
2,43,19,2,N2008,100.02526518945128
2,44,20,2,N2008,101.94740508302054
2,45,21,2,N2008,102.90847502980516
2,46,22,2,N2008,101.94740508302054
2,47,23,2,N2008,98.23126795545329
2,48,24,2,N2008,94.64327348745734
2,49,1,3,N2008,86.69842859403771
2,50,2,3,N2008,81.82900753032892
2,51,3,3,N2008,78.36915572190424
2,52,4,3,N2008,76.83144380704884
2,53,5,3,N2008,75.67815987090728
2,54,6,3,N2008,75.93444519004984
2,55,7,3,N2008,76.89551513683448
2,56,8,3,N2008,83.75114742389819
2,57,9,3,N2008,88.30021183867876
2,58,10,3,N2008,96.11691407252711
2,59,11,3,N2008,96.30912806188404
2,60,12,3,N2008,99.57676588095178
2,61,13,3,N2008,97.27019800866867
2,62,14,3,N2008,94.32291683852912
2,63,15,3,N2008,93.0414902428163
2,64,16,3,N2008,93.87441753002963
2,65,17,3,N2008,93.810346200244
2,66,18,3,N2008,93.68220354067272
2,67,19,3,N2008,104.12583029573237
2,68,20,3,N2008,106.24018417865857
2,69,21,3,N2008,105.59947088080214
2,70,22,3,N2008,99.64083721073743
2,71,23,3,N2008,96.69355604059788
2,72,24,3,N2008,93.48998955131579
2,73,1,4,N2008,90.73492237053317
2,74,2,4,N2008,81.1882942324725
2,75,3,4,N2008,78.43322705168988
2,76,4,4,N2008,76.31887316876369
2,77,5,4,N2008,78.24101306233295
2,78,6,4,N2008,74.71708992412265
2,79,7,4,N2008,73.94823396669494
2,80,8,4,N2008,82.72600614732792
2,81,9,4,N2008,90.9271363598901
2,82,10,4,N2008,95.0277014661712
2,83,11,4,N2008,97.84683997673945
2,84,12,4,N2008,93.810346200244
2,85,13,4,N2008,93.93848885981528
2,86,14,4,N2008,90.7989937003188
2,87,15,4,N2008,92.20856295560294
2,88,16,4,N2008,90.99120768967575
2,89,17,4,N2008,92.1444916258173
2,90,18,4,N2008,96.05284274274146
2,91,19,4,N2008,101.24262045537849
2,92,20,4,N2008,101.75519109366361
2,93,21,4,N2008,102.26776173194875
2,94,22,4,N2008,100.28155050859384
2,95,23,4,N2008,95.3480581150994
2,96,24,4,N2008,90.60677971096189
2,97,1,5,N2008,81.31643689204378
2,98,2,5,N2008,79.00986901976067
2,99,3,5,N2008,77.15180045597705
2,100,4,5,N2008,72.28237939226824
2,101,5,5,N2008,72.28237939226824
2,102,6,5,N2008,71.64166609441182
2,103,7,5,N2008,73.30752066883852
2,104,8,5,N2008,79.33022566868888
2,105,9,5,N2008,91.24749300881831
2,106,10,5,N2008,92.59299093431679
2,107,11,5,N2008,97.07798401931174
2,108,12,5,N2008,96.11691407252711
2,109,13,5,N2008,92.4648482747455
2,110,14,5,N2008,93.55406088110142
2,111,15,5,N2008,93.23370423217322
2,112,16,5,N2008,92.01634896624601
2,113,17,5,N2008,91.18342167903268
2,114,18,5,N2008,95.09177279595684
2,115,19,5,N2008,103.16476034894775
2,116,20,5,N2008,102.45997572130568
2,117,21,5,N2008,101.69111976387798
2,118,22,5,N2008,101.69111976387798
2,119,23,5,N2008,98.03905396609638
2,120,24,5,N2008,94.77141614702862
2,121,1,6,N2008,90.28642306203368
2,122,2,6,N2008,79.5224396580458
2,123,3,6,N2008,77.85658508361911
2,124,4,6,N2008,73.94823396669494
2,125,5,6,N2008,72.85902136033903
2,126,6,6,N2008,74.07637662626622
2,127,7,6,N2008,78.04879907297604
2,128,8,6,N2008,83.04636279625612
2,129,9,6,N2008,85.35293066853924
2,130,10,6,N2008,94.64327348745734
2,131,11,6,N2008,98.16719662566766
2,132,12,6,N2008,98.42348194481022
2,133,13,6,N2008,96.69355604059788
2,134,14,6,N2008,97.65462598738252
2,135,15,6,N2008,94.64327348745734
2,136,16,6,N2008,97.65462598738252
2,137,17,6,N2008,95.41212944488505
2,138,18,6,N2008,97.59055465759688
2,139,19,6,N2008,102.84440370001953
2,140,20,6,N2008,105.47132822123086
2,141,21,6,N2008,103.35697433830467
2,142,22,6,N2008,100.6659784873077
2,143,23,6,N2008,99.06419524266666
2,144,24,6,N2008,95.92470008317018
2,145,1,7,N2008,88.74871114717826
2,146,2,7,N2008,84.58407471111153
2,147,3,7,N2008,80.48350960483043
2,148,4,7,N2008,79.07394034954632
2,149,5,7,N2008,78.04879907297604
2,150,6,7,N2008,78.75358370061811
2,151,7,7,N2008,76.63922981769191
2,152,8,7,N2008,77.66437109426218
2,153,9,7,N2008,79.77872497718838
2,154,10,7,N2008,88.23614050889313
2,155,11,7,N2008,88.62056848760697
2,156,12,7,N2008,92.33670561517422
2,157,13,7,N2008,90.73492237053317
2,158,14,7,N2008,85.60921598768181
2,159,15,7,N2008,88.68463981739262
2,160,16,7,N2008,85.03257401961103
2,161,17,7,N2008,88.49242582803569
2,162,18,7,N2008,90.99120768967575
2,163,19,7,N2008,101.17854912559284
2,164,20,7,N2008,100.2174791788082
2,165,21,7,N2008,101.5629771043067
2,166,22,7,N2008,102.39590439152003
2,167,23,7,N2008,98.23126795545329
2,168,24,7,N2008,92.27263428538858
1,1,1,1,N2009,177.058842379921
1,2,2,1,N2009,143.99803621052968
1,3,3,1,N2009,139.57711445532038
1,4,4,1,N2009,130.15862897683098
1,5,5,1,N2009,122.85449738126776
1,6,6,1,N2009,122.66228339191085
1,7,7,1,N2009,129.38977301940326
1,8,8,1,N2009,138.03940254046495
1,9,9,1,N2009,155.33866158258832
1,10,10,1,N2009,181.86419211384418
1,11,11,1,N2009,199.54787913468138
1,12,12,1,N2009,206.8520107302446
1,13,13,1,N2009,202.04666099632144
1,14,14,1,N2009,195.1269573794721
1,15,15,1,N2009,205.89094078345994
1,16,16,1,N2009,194.35810142204437
1,17,17,1,N2009,185.7084719009827
1,18,18,1,N2009,198.77902317725366
1,19,19,1,N2009,185.90068589033962
1,20,20,1,N2009,191.28267759233356
1,21,21,1,N2009,187.2461838158381
1,22,22,1,N2009,209.15857860252768
1,23,23,1,N2009,219.15370604908787
1,24,24,1,N2009,189.16832370940736
1,25,1,2,N2009,183.01747604998573
1,26,2,2,N2009,159.5673693484407
1,27,3,2,N2009,141.3070403595327
1,28,4,2,N2009,138.03940254046495
1,29,5,2,N2009,133.61848078525566
1,30,6,2,N2009,129.58198700876022
1,31,7,2,N2009,134.7717647213972
1,32,8,2,N2009,158.22187142294223
1,33,9,2,N2009,173.9834185502102
1,34,10,2,N2009,191.09046360297663
1,35,11,2,N2009,199.93230711339524
1,36,12,2,N2009,210.88850450674005
1,37,13,2,N2009,198.01016721982597
1,38,14,2,N2009,195.89581333689978
1,39,15,2,N2009,198.2023812091829
1,40,16,2,N2009,197.62573924111211
1,41,17,2,N2009,193.20481748590282
1,42,18,2,N2009,183.01747604998573
1,43,19,2,N2009,185.90068589033962
1,44,20,2,N2009,159.5673693484407
1,45,21,2,N2009,189.3605376987643
1,46,22,2,N2009,206.46758275153073
1,47,23,2,N2009,215.8860682300201
1,48,24,2,N2009,194.74252940075823
1,49,1,3,N2009,167.6403569014316
1,50,2,3,N2009,151.68659578480674
1,51,3,3,N2009,139.19268647660653
1,52,4,3,N2009,138.4238305191788
1,53,5,3,N2009,130.73527094490177
1,54,6,3,N2009,128.23648908326172
1,55,7,3,N2009,135.348406689468
1,56,8,3,N2009,151.87880977416367
1,57,9,3,N2009,158.22187142294223
1,58,10,3,N2009,183.20969003934263
1,59,11,3,N2009,193.58924546461665
1,60,12,3,N2009,200.50894908146603
1,61,13,3,N2009,201.27780503889372
1,62,14,3,N2009,179.55762424156106
1,63,15,3,N2009,205.698726794103
1,64,16,3,N2009,206.65979674088766
1,65,17,3,N2009,201.27780503889372
1,66,18,3,N2009,198.58680918789676
1,67,19,3,N2009,197.4335252517552
1,68,20,3,N2009,200.12452110275214
1,69,21,3,N2009,192.4359615284751
1,70,22,3,N2009,217.61599413423247
1,71,23,3,N2009,204.35322886860453
1,72,24,3,N2009,189.55275168812122
1,73,1,4,N2009,160.14401131651147
1,74,2,4,N2009,147.65010200831125
1,75,3,4,N2009,140.92261238081883
1,76,4,4,N2009,140.15375642339114
1,77,5,4,N2009,133.42626679589873
1,78,6,4,N2009,137.07833259368033
1,79,7,4,N2009,117.28029168991692
1,80,8,4,N2009,101.71095855200588
1,81,9,4,N2009,161.87393722072383
1,82,10,4,N2009,179.36541025220413
1,83,11,4,N2009,195.51138535818592
1,84,12,4,N2009,187.43839780519502
1,85,13,4,N2009,195.89581333689978
1,86,14,4,N2009,197.04909727304133
1,87,15,4,N2009,199.16345115596752
1,88,16,4,N2009,194.93474339011516
1,89,17,4,N2009,204.54544285796146
1,90,18,4,N2009,197.24131126239828
1,91,19,4,N2009,201.47001902825065
1,92,20,4,N2009,188.97610972005043
1,93,21,4,N2009,190.8982496136197
1,94,22,4,N2009,209.54300658124157
1,95,23,4,N2009,220.8836319533002
1,96,24,4,N2009,195.31917136882902
1,97,1,5,N2009,166.48707296529005
1,98,2,5,N2009,150.1488838699513
1,99,3,5,N2009,141.11482637017576
1,100,4,5,N2009,135.92504865753878
1,101,5,5,N2009,134.00290876396951
1,102,6,5,N2009,128.81313105133248
1,103,7,5,N2009,133.61848078525566
1,104,8,5,N2009,152.8398797209483
1,105,9,5,N2009,165.5260030185054
1,106,10,5,N2009,178.5965542947764
1,107,11,5,N2009,194.5503154114013
1,108,12,5,N2009,197.81795323046904
1,109,13,5,N2009,202.04666099632144
1,110,14,5,N2009,196.28024131561364
1,111,15,5,N2009,201.0855910495368
1,112,16,5,N2009,201.8544470069645
1,113,17,5,N2009,209.9274345599554
1,114,18,5,N2009,198.9712371666106
1,115,19,5,N2009,193.20481748590282
1,116,20,5,N2009,191.66710557104741
1,117,21,5,N2009,195.51138535818592
1,118,22,5,N2009,209.15857860252768
1,119,23,5,N2009,211.27293248545388
1,120,24,5,N2009,195.51138535818592
1,121,1,6,N2009,161.6817232313669
1,122,2,6,N2009,157.06858748680065
1,123,3,6,N2009,133.04183881718487
1,124,4,6,N2009,138.4238305191788
1,125,5,6,N2009,136.30947663625264
1,126,6,6,N2009,127.85206110454786
1,127,7,6,N2009,129.0053450406894
1,128,8,6,N2009,139.76932844467729
1,129,9,6,N2009,143.03696626374506
1,130,10,6,N2009,172.83013461406864
1,131,11,6,N2009,197.81795323046904
1,132,12,6,N2009,201.27780503889372
1,133,13,6,N2009,192.82038950718896
1,134,14,6,N2009,189.93717966683505
1,135,15,6,N2009,190.8982496136197
1,136,16,6,N2009,189.16832370940736
1,137,17,6,N2009,196.28024131561364
1,138,18,6,N2009,192.05153354976125
1,139,19,6,N2009,187.63061179455195
1,140,20,6,N2009,181.28755014577337
1,141,21,6,N2009,179.36541025220413
1,142,22,6,N2009,199.16345115596752
1,143,23,6,N2009,215.1172122725924
1,144,24,6,N2009,201.47001902825065
1,145,1,7,N2009,170.13913876307166
1,146,2,7,N2009,145.727962114742
1,147,3,7,N2009,138.03940254046495
1,148,4,7,N2009,130.54305695554484
1,149,5,7,N2009,129.38977301940326
1,150,6,7,N2009,124.00778131740934
1,151,7,7,N2009,120.16350153027079
1,152,8,7,N2009,124.00778131740934
1,153,9,7,N2009,134.96397871075413
1,154,10,7,N2009,153.03209371030522
1,155,11,7,N2009,169.5624967950009
1,156,12,7,N2009,185.13182993291193
1,157,13,7,N2009,181.09533615641644
1,158,14,7,N2009,183.97854599677035
1,159,15,7,N2009,192.24374753911817
1,160,16,7,N2009,180.51869418834568
1,161,17,7,N2009,183.01747604998573
1,162,18,7,N2009,178.40434030541948
1,163,19,7,N2009,192.05153354976125
1,164,20,7,N2009,187.2461838158381
1,165,21,7,N2009,163.02722115686538
1,166,22,7,N2009,181.86419211384418
1,167,23,7,N2009,216.27049620873396
1,168,24,7,N2009,192.24374753911817
2,1,1,1,N2009,257.78871790983004
2,2,2,1,N2009,237.79846301670972
2,3,3,1,N2009,225.1123397191526
2,4,4,1,N2009,223.1901998255833
2,5,5,1,N2009,222.80577184686945
2,6,6,1,N2009,220.1147759958725
2,7,7,1,N2009,224.15126977236798
2,8,8,1,N2009,252.79115418654996
2,9,9,1,N2009,266.82277540960564
2,10,10,1,N2009,278.1634007816642
2,11,11,1,N2009,295.2704458344307
2,12,12,1,N2009,288.15852822822444
2,13,13,1,N2009,287.7741002495106
2,14,14,1,N2009,289.6962401430798
2,15,15,1,N2009,278.932256739092
2,16,16,1,N2009,282.00768056880275
2,17,17,1,N2009,279.50889870716276
2,18,18,1,N2009,287.7741002495106
2,19,19,1,N2009,318.91276652533264
2,20,20,1,N2009,316.79841264240645
2,21,21,1,N2009,312.1852768978402
2,22,22,1,N2009,313.72298881269563
2,23,23,1,N2009,294.88601785571683
2,24,24,1,N2009,280.6621826433043
2,25,1,2,N2009,262.97849562246705
2,26,2,2,N2009,243.1804547187037
2,27,3,2,N2009,227.80333557014953
2,28,4,2,N2009,218.96149205973094
2,29,5,2,N2009,227.22669360207877
2,30,6,2,N2009,224.72791174043874
2,31,7,2,N2009,233.95418322957119
2,32,8,2,N2009,256.6354339736885
2,33,9,2,N2009,271.051483175458
2,34,10,2,N2009,283.16096450494433
2,35,11,2,N2009,298.9225116322123
2,36,12,2,N2009,292.38723599407683
2,37,13,2,N2009,288.35074221758134
2,38,14,2,N2009,293.1560919515045
2,39,15,2,N2009,284.89089040915667
2,40,16,2,N2009,285.0831043985136
2,41,17,2,N2009,288.7351701962952
2,42,18,2,N2009,296.0393017918584
2,43,19,2,N2009,300.07579556835384
2,44,20,2,N2009,305.84221524906167
2,45,21,2,N2009,308.7254250894155
2,46,22,2,N2009,305.84221524906167
2,47,23,2,N2009,294.69380386635993
2,48,24,2,N2009,283.92982046237205
2,49,1,3,N2009,260.09528578211314
2,50,2,3,N2009,245.48702259098678
2,51,3,3,N2009,235.10746716571273
2,52,4,3,N2009,230.49433142114654
2,53,5,3,N2009,227.03447961272184
2,54,6,3,N2009,227.80333557014953
2,55,7,3,N2009,230.68654541050347
2,56,8,3,N2009,251.25344227169455
2,57,9,3,N2009,264.90063551603635
2,58,10,3,N2009,288.35074221758134
2,59,11,3,N2009,288.9273841856521
2,60,12,3,N2009,298.73029764285536
2,61,13,3,N2009,291.810594026006
2,62,14,3,N2009,282.9687505155874
2,63,15,3,N2009,279.1244707284489
2,64,16,3,N2009,281.62325259008895
2,65,17,3,N2009,281.431038600732
2,66,18,3,N2009,281.04661062201814
2,67,19,3,N2009,312.37749088719715
2,68,20,3,N2009,318.7205525359757
2,69,21,3,N2009,316.79841264240645
2,70,22,3,N2009,298.9225116322123
2,71,23,3,N2009,290.0806681217937
2,72,24,3,N2009,280.4699686539474
2,73,1,4,N2009,272.2047671115995
2,74,2,4,N2009,243.56488269741752
2,75,3,4,N2009,235.29968115506966
2,76,4,4,N2009,228.9566195062911
2,77,5,4,N2009,234.72303918699888
2,78,6,4,N2009,224.15126977236798
2,79,7,4,N2009,221.84470190008483
2,80,8,4,N2009,248.17801844198377
2,81,9,4,N2009,272.7814090796703
2,82,10,4,N2009,285.0831043985136
2,83,11,4,N2009,293.54051993021835
2,84,12,4,N2009,281.431038600732
2,85,13,4,N2009,281.81546657944585
2,86,14,4,N2009,272.39698110095645
2,87,15,4,N2009,276.62568886680884
2,88,16,4,N2009,272.97362306902727
2,89,17,4,N2009,276.4334748774519
2,90,18,4,N2009,288.15852822822444
2,91,19,4,N2009,303.72786136613547
2,92,20,4,N2009,305.26557328099085
2,93,21,4,N2009,306.8032851958463
2,94,22,4,N2009,300.84465152578156
2,95,23,4,N2009,286.04417434529825
2,96,24,4,N2009,271.8203391328857
2,97,1,5,N2009,243.94931067613138
2,98,2,5,N2009,237.02960705928203
2,99,3,5,N2009,231.45540136793116
2,100,4,5,N2009,216.84713817680472
2,101,5,5,N2009,216.84713817680472
2,102,6,5,N2009,214.92499828323548
2,103,7,5,N2009,219.92256200651556
2,104,8,5,N2009,237.99067700606665
2,105,9,5,N2009,273.742479026455
2,106,10,5,N2009,277.77897280295036
2,107,11,5,N2009,291.23395205793526
2,108,12,5,N2009,288.35074221758134
2,109,13,5,N2009,277.3945448242365
2,110,14,5,N2009,280.6621826433043
2,111,15,5,N2009,279.70111269651966
2,112,16,5,N2009,276.0490468987381
2,113,17,5,N2009,273.55026503709803
2,114,18,5,N2009,285.2753183878705
2,115,19,5,N2009,309.49428104684324
2,116,20,5,N2009,307.37992716391705
2,117,21,5,N2009,305.07335929163395
2,118,22,5,N2009,305.07335929163395
2,119,23,5,N2009,294.1171618982891
2,120,24,5,N2009,284.31424844108585
2,121,1,6,N2009,270.859269186101
2,122,2,6,N2009,238.56731897413744
2,123,3,6,N2009,233.56975525085733
2,124,4,6,N2009,221.84470190008483
2,125,5,6,N2009,218.5770640810171
2,126,6,6,N2009,222.2291298787987
2,127,7,6,N2009,234.14639721892812
2,128,8,6,N2009,249.13908838876839
2,129,9,6,N2009,256.0587920056177
2,130,10,6,N2009,283.92982046237205
2,131,11,6,N2009,294.50158987700297
2,132,12,6,N2009,295.2704458344307
2,133,13,6,N2009,290.0806681217937
2,134,14,6,N2009,292.9638779621476
2,135,15,6,N2009,283.92982046237205
2,136,16,6,N2009,292.9638779621476
2,137,17,6,N2009,286.23638833465515
2,138,18,6,N2009,292.7716639727907
2,139,19,6,N2009,308.5332111000586
2,140,20,6,N2009,316.4139846636926
2,141,21,6,N2009,310.07092301491406
2,142,22,6,N2009,301.9979354619231
2,143,23,6,N2009,297.192585728
2,144,24,6,N2009,287.7741002495106
2,145,1,7,N2009,266.2461334415348
2,146,2,7,N2009,253.75222413333458
2,147,3,7,N2009,241.4505288144913
2,148,4,7,N2009,237.22182104863896
2,149,5,7,N2009,234.14639721892812
2,150,6,7,N2009,236.26075110185434
2,151,7,7,N2009,229.91768945307575
2,152,8,7,N2009,232.99311328278657
2,153,9,7,N2009,239.33617493156513
2,154,10,7,N2009,264.7084215266794
2,155,11,7,N2009,265.86170546282096
2,156,12,7,N2009,277.0101168455227
2,157,13,7,N2009,272.2047671115995
2,158,14,7,N2009,256.8276479630454
2,159,15,7,N2009,266.05391945217787
2,160,16,7,N2009,255.0977220588331
2,161,17,7,N2009,265.4772774841071
2,162,18,7,N2009,272.97362306902727
2,163,19,7,N2009,303.53564737677857
2,164,20,7,N2009,300.65243753642466
2,165,21,7,N2009,304.6889313129201
2,166,22,7,N2009,307.18771317456014
2,167,23,7,N2009,294.69380386635993
2,168,24,7,N2009,276.81790285616574
1,1,1,1,N2011,39.34640941776022
1,2,2,1,N2011,31.999563602339926
1,3,3,1,N2011,31.017136545626748
1,4,4,1,N2011,28.924139772629104
1,5,5,1,N2011,27.3009994180595
1,6,6,1,N2011,27.258285198202408
1,7,7,1,N2011,28.753282893200723
1,8,8,1,N2011,30.675422786769985
1,9,9,1,N2011,34.51970257390852
1,10,10,1,N2011,40.41426491418759
1,11,11,1,N2011,44.3439731410403
1,12,12,1,N2011,45.96711349560991
1,13,13,1,N2011,44.89925799918254
1,14,14,1,N2011,43.361546084327124
1,15,15,1,N2011,45.75354239632443
1,16,16,1,N2011,43.190689204898746
1,17,17,1,N2011,41.26854931132949
1,18,18,1,N2011,44.17311626161192
1,19,19,1,N2011,41.311263531186576
1,20,20,1,N2011,42.507261687185235
1,21,21,1,N2011,41.61026307018624
1,22,22,1,N2011,46.47968413389504
1,23,23,1,N2011,48.70082356646397
1,24,24,1,N2011,42.03740526875719
1,25,1,2,N2011,40.67055023333016
1,26,2,2,N2011,35.4594154107646
1,27,3,2,N2011,31.401564524340596
1,28,4,2,N2011,30.675422786769985
1,29,5,2,N2011,29.69299573005681
1,30,6,2,N2011,28.795997113057823
1,31,7,2,N2011,29.949281049199378
1,32,8,2,N2011,35.16041587176494
1,33,9,2,N2011,38.6629819000467
1,34,10,2,N2011,42.46454746732814
1,35,11,2,N2011,44.429401580754494
1,36,12,2,N2011,46.86411211260889
1,37,13,2,N2011,44.002259382183546
1,38,14,2,N2011,43.5324029637555
1,39,15,2,N2011,44.04497360204064
1,40,16,2,N2011,43.91683094246936
1,41,17,2,N2011,42.934403885756176
1,42,18,2,N2011,40.67055023333016
1,43,19,2,N2011,41.311263531186576
1,44,20,2,N2011,35.4594154107646
1,45,21,2,N2011,42.08011948861429
1,46,22,2,N2011,45.881685055895716
1,47,23,2,N2011,47.97468182889335
1,48,24,2,N2011,43.27611764461294
1,49,1,3,N2011,37.25341264476258
1,50,2,3,N2011,33.70813239662372
1,51,3,3,N2011,30.93170810591256
1,52,4,3,N2011,30.760851226484174
1,53,5,3,N2011,29.05228243220039
1,54,6,3,N2011,28.496997574058156
1,55,7,3,N2011,30.07742370877066
1,56,8,3,N2011,33.750846616480814
1,57,9,3,N2011,35.16041587176494
1,58,10,3,N2011,40.71326445318725
1,59,11,3,N2011,43.01983232547037
1,60,12,3,N2011,44.55754424032578
1,61,13,3,N2011,44.72840111975416
1,62,14,3,N2011,39.90169427590245
1,63,15,3,N2011,45.71082817646734
1,64,16,3,N2011,45.92439927575281
1,65,17,3,N2011,44.72840111975416
1,66,18,3,N2011,44.13040204175483
1,67,19,3,N2011,43.874116722612264
1,68,20,3,N2011,44.47211580061158
1,69,21,3,N2011,42.7635470063278
1,70,22,3,N2011,48.35910980760721
1,71,23,3,N2011,45.41182863746767
1,72,24,3,N2011,42.122833708471376
1,73,1,4,N2011,35.58755807033588
1,74,2,4,N2011,32.811133779624726
1,75,3,4,N2011,31.316136084626407
1,76,4,4,N2011,31.14527920519803
1,77,5,4,N2011,29.650281510199715
1,78,6,4,N2011,30.461851687484515
1,79,7,4,N2011,26.06228704220376
1,80,8,4,N2011,22.602435233779083
1,81,9,4,N2011,35.97198604904973
1,82,10,4,N2011,39.85898005604536
1,83,11,4,N2011,43.446974524041316
1,84,12,4,N2011,41.65297729004333
1,85,13,4,N2011,43.5324029637555
1,86,14,4,N2011,43.78868828289807
1,87,15,4,N2011,44.258544701326116
1,88,16,4,N2011,43.318831864470035
1,89,17,4,N2011,45.45454285732477
1,90,18,4,N2011,43.83140250275517
1,91,19,4,N2011,44.77111533961125
1,92,20,4,N2011,41.994691048900094
1,93,21,4,N2011,42.421833247471035
1,94,22,4,N2011,46.565112573609234
1,95,23,4,N2011,49.08525154517782
1,96,24,4,N2011,43.40426030418422
1,97,1,5,N2011,36.99712732562001
1,98,2,5,N2011,33.366418637766955
1,99,3,5,N2011,31.358850304483504
1,100,4,5,N2011,30.205566368341948
1,101,5,5,N2011,29.778424169771
1,102,6,5,N2011,28.62514023362944
1,103,7,5,N2011,29.69299573005681
1,104,8,5,N2011,33.96441771576628
1,105,9,5,N2011,36.78355622633453
1,106,10,5,N2011,39.688123176616976
1,107,11,5,N2011,43.23340342475584
1,108,12,5,N2011,43.95954516232646
1,109,13,5,N2011,44.89925799918254
1,110,14,5,N2011,43.617831403469694
1,111,15,5,N2011,44.685686899897064
1,112,16,5,N2011,44.85654377932544
1,113,17,5,N2011,46.65054101332342
1,114,18,5,N2011,44.21583048146902
1,115,19,5,N2011,42.934403885756176
1,116,20,5,N2011,42.59269012689942
1,117,21,5,N2011,43.446974524041316
1,118,22,5,N2011,46.47968413389504
1,119,23,5,N2011,46.949540552323086
1,120,24,5,N2011,43.446974524041316
1,121,1,6,N2011,35.92927182919264
1,122,2,6,N2011,34.90413055262236
1,123,3,6,N2011,29.564853070485526
1,124,4,6,N2011,30.760851226484174
1,125,5,6,N2011,30.290994808056137
1,126,6,6,N2011,28.411569134343967
1,127,7,6,N2011,28.667854453486534
1,128,8,6,N2011,31.05985076548384
1,129,9,6,N2011,31.78599250305445
1,130,10,6,N2011,38.40669658090414
1,131,11,6,N2011,43.95954516232646
1,132,12,6,N2011,44.72840111975416
1,133,13,6,N2011,42.84897544604199
1,134,14,6,N2011,42.20826214818557
1,135,15,6,N2011,42.421833247471035
1,136,16,6,N2011,42.03740526875719
1,137,17,6,N2011,43.617831403469694
1,138,18,6,N2011,42.67811856661361
1,139,19,6,N2011,41.69569150990043
1,140,20,6,N2011,40.2861222546163
1,141,21,6,N2011,39.85898005604536
1,142,22,6,N2011,44.258544701326116
1,143,23,6,N2011,47.803824949464975
1,144,24,6,N2011,44.77111533961125
1,145,1,7,N2011,37.80869750290481
1,146,2,7,N2011,32.38399158105378
1,147,3,7,N2011,30.675422786769985
1,148,4,7,N2011,29.009568212343293
1,149,5,7,N2011,28.753282893200723
1,150,6,7,N2011,27.557284737202075
1,151,7,7,N2011,26.703000340060175
1,152,8,7,N2011,27.557284737202075
1,153,9,7,N2011,29.99199526905647
1,154,10,7,N2011,34.00713193562338
1,155,11,7,N2011,37.680554843333525
1,156,12,7,N2011,41.1404066517582
1,157,13,7,N2011,40.243408034759206
1,158,14,7,N2011,40.88412133261563
1,159,15,7,N2011,42.7208327864707
1,160,16,7,N2011,40.115265375187924
1,161,17,7,N2011,40.67055023333016
1,162,18,7,N2011,39.64540895675988
1,163,19,7,N2011,42.67811856661361
1,164,20,7,N2011,41.61026307018624
1,165,21,7,N2011,36.2282713681923
1,166,22,7,N2011,40.41426491418759
1,167,23,7,N2011,48.060110268607545
1,168,24,7,N2011,42.7208327864707
2,1,1,1,N2011,57.28638175774001
2,2,2,1,N2011,52.84410289260216
2,3,3,1,N2011,50.02496438203391
2,4,4,1,N2011,49.59782218346295
2,5,5,1,N2011,49.51239374374876
2,6,6,1,N2011,48.91439466574944
2,7,7,1,N2011,49.81139328274843
2,8,8,1,N2011,56.17581204145554
2,9,9,1,N2011,59.29395009102347
2,10,10,1,N2011,61.814089062592046
2,11,11,1,N2011,65.61565462987348
2,12,12,1,N2011,64.03522849516098
2,13,13,1,N2011,63.94980005544679
2,14,14,1,N2011,64.37694225401773
2,15,15,1,N2011,61.98494594202044
2,16,16,1,N2011,62.66837345973395
2,17,17,1,N2011,62.11308860159172
2,18,18,1,N2011,63.94980005544679
2,19,19,1,N2011,70.86950367229613
2,20,20,1,N2011,70.3996472538681
2,21,21,1,N2011,69.37450597729782
2,22,22,1,N2011,69.71621973615457
2,23,23,1,N2011,65.5302261901593
2,24,24,1,N2011,62.36937392073428
2,25,1,2,N2011,58.439665693881565
2,26,2,2,N2011,54.04010104860081
2,27,3,2,N2011,50.622963460033226
2,28,4,2,N2011,48.65810934660688
2,29,5,2,N2011,50.494820800461945
2,30,6,2,N2011,49.939535942319715
2,31,7,2,N2011,51.98981849546026
2,32,8,2,N2011,57.03009643859744
2,33,9,2,N2011,60.23366292787954
2,34,10,2,N2011,62.92465877887651
2,35,11,2,N2011,66.42722480715828
2,36,12,2,N2011,64.97494133201707
2,37,13,2,N2011,64.07794271501807
2,38,14,2,N2011,65.14579821144544
2,39,15,2,N2011,63.30908675759037
2,40,16,2,N2011,63.35180097744747
2,41,17,2,N2011,64.16337115473226
2,42,18,2,N2011,65.78651150930186
2,43,19,2,N2011,66.68351012630085
2,44,20,2,N2011,67.96493672201369
2,45,21,2,N2011,68.60565001987011
2,46,22,2,N2011,67.96493672201369
2,47,23,2,N2011,65.4875119703022
2,48,24,2,N2011,63.09551565830489
2,49,1,3,N2011,57.79895239602514
2,50,2,3,N2011,54.552671686885944
2,51,3,3,N2011,52.246103814602826
2,52,4,3,N2011,51.22096253803256
2,53,5,3,N2011,50.45210658060485
2,54,6,3,N2011,50.622963460033226
2,55,7,3,N2011,51.263676757889655
2,56,8,3,N2011,55.83409828259879
2,57,9,3,N2011,58.86680789245251
2,58,10,3,N2011,64.07794271501807
2,59,11,3,N2011,64.20608537458935
2,60,12,3,N2011,66.3845105873012
2,61,13,3,N2011,64.84679867244579
2,62,14,3,N2011,62.881944559019416
2,63,15,3,N2011,62.02766016187753
2,64,16,3,N2011,62.58294502001976
2,65,17,3,N2011,62.54023080016266
2,66,18,3,N2011,62.454802360448475
2,67,19,3,N2011,69.41722019715492
2,68,20,3,N2011,70.82678945243904
2,69,21,3,N2011,70.3996472538681
2,70,22,3,N2011,66.42722480715828
2,71,23,3,N2011,64.46237069373193
2,72,24,3,N2011,62.326659700877194
2,73,1,4,N2011,60.48994824702211
2,74,2,4,N2011,54.125529488315
2,75,3,4,N2011,52.28881803445992
2,76,4,4,N2011,50.879248779175796
2,77,5,4,N2011,52.16067537488864
2,78,6,4,N2011,49.81139328274843
2,79,7,4,N2011,49.29882264446329
2,80,8,4,N2011,55.15067076488528
2,81,9,4,N2011,60.6180909065934
2,82,10,4,N2011,63.35180097744747
2,83,11,4,N2011,65.23122665115963
2,84,12,4,N2011,62.54023080016266
2,85,13,4,N2011,62.62565923987685
2,86,14,4,N2011,60.5326624668792
2,87,15,4,N2011,61.47237530373529
2,88,16,4,N2011,60.6608051264505
2,89,17,4,N2011,61.429661083878194
2,90,18,4,N2011,64.03522849516098
2,91,19,4,N2011,67.49508030358565
2,92,20,4,N2011,67.83679406244241
2,93,21,4,N2011,68.17850782129916
2,94,22,4,N2011,66.85436700572923
2,95,23,4,N2011,63.56537207673294
2,96,24,4,N2011,60.40451980730792
2,97,1,5,N2011,54.21095792802919
2,98,2,5,N2011,52.67324601317378
2,99,3,5,N2011,51.43453363731803
2,100,4,5,N2011,48.18825292817883
2,101,5,5,N2011,48.18825292817883
2,102,6,5,N2011,47.76111072960788
2,103,7,5,N2011,48.871680445892345
2,104,8,5,N2011,52.886817112459255
2,105,9,5,N2011,60.831662005878876
2,106,10,5,N2011,61.72866062287786
2,107,11,5,N2011,64.7186560128745
2,108,12,5,N2011,64.07794271501807
2,109,13,5,N2011,61.64323218316367
2,110,14,5,N2011,62.36937392073428
2,111,15,5,N2011,62.155802821448816
2,112,16,5,N2011,61.34423264416401
2,113,17,5,N2011,60.78894778602178
2,114,18,5,N2011,63.394515197304564
2,115,19,5,N2011,68.7765068992985
2,116,20,5,N2011,68.30665048087045
2,117,21,5,N2011,67.79407984258532
2,118,22,5,N2011,67.79407984258532
2,119,23,5,N2011,65.35936931073091
2,120,24,5,N2011,63.180944098019076
2,121,1,6,N2011,60.19094870802245
2,122,2,6,N2011,53.01495977203054
2,123,3,6,N2011,51.90439005574607
2,124,4,6,N2011,49.29882264446329
2,125,5,6,N2011,48.572680906892685
2,126,6,6,N2011,49.38425108417748
2,127,7,6,N2011,52.03253271531735
2,128,8,6,N2011,55.36424186417075
2,129,9,6,N2011,56.90195377902616
2,130,10,6,N2011,63.09551565830489
2,131,11,6,N2011,65.4447977504451
2,132,12,6,N2011,65.61565462987348
2,133,13,6,N2011,64.46237069373193
2,134,14,6,N2011,65.10308399158835
2,135,15,6,N2011,63.09551565830489
2,136,16,6,N2011,65.10308399158835
2,137,17,6,N2011,63.60808629659003
2,138,18,6,N2011,65.06036977173126
2,139,19,6,N2011,68.56293580001302
2,140,20,6,N2011,70.3142188141539
2,141,21,6,N2011,68.90464955886978
2,142,22,6,N2011,67.1106523248718
2,143,23,6,N2011,66.04279682844444
2,144,24,6,N2011,63.94980005544679
2,145,1,7,N2011,59.16580743145217
2,146,2,7,N2011,56.38938314074102
2,147,3,7,N2011,53.65567306988695
2,148,4,7,N2011,52.71596023303088
2,149,5,7,N2011,52.03253271531735
2,150,6,7,N2011,52.5023891337454
2,151,7,7,N2011,51.09281987846128
2,152,8,7,N2011,51.77624739617479
2,153,9,7,N2011,53.185816651458914
2,154,10,7,N2011,58.82409367259542
2,155,11,7,N2011,59.08037899173799
2,156,12,7,N2011,61.55780374344948
2,157,13,7,N2011,60.48994824702211
2,158,14,7,N2011,57.072810658454536
2,159,15,7,N2011,59.12309321159508
2,160,16,7,N2011,56.688382679740684
2,161,17,7,N2011,58.994950552023795
2,162,18,7,N2011,60.6608051264505
2,163,19,7,N2011,67.45236608372856
2,164,20,7,N2011,66.81165278587214
2,165,21,7,N2011,67.70865140287113
2,166,22,7,N2011,68.26393626101336
2,167,23,7,N2011,65.4875119703022
2,168,24,7,N2011,61.51508952359239
1,1,1,1,N2012,275.4248659243216
1,2,2,1,N2012,223.9969452163795
1,3,3,1,N2012,217.11995581938726
1,4,4,1,N2012,202.46897840840376
1,5,5,1,N2012,191.10699592641654
1,6,6,1,N2012,190.80799638741686
1,7,7,1,N2012,201.27298025240506
1,8,8,1,N2012,214.72795950738993
1,9,9,1,N2012,241.63791801735962
1,10,10,1,N2012,282.89985439931314
1,11,11,1,N2012,310.4078119872822
1,12,12,1,N2012,321.76979446926936
1,13,13,1,N2012,314.2948059942778
1,14,14,1,N2012,303.5308225902899
1,15,15,1,N2012,320.274796774271
1,16,16,1,N2012,302.33482443429125
1,17,17,1,N2012,288.8798451793064
1,18,18,1,N2012,309.2118138312835
1,19,19,1,N2012,289.1788447183061
1,20,20,1,N2012,297.55083181029664
1,21,21,1,N2012,291.2718414913037
1,22,22,1,N2012,325.3577889372653
1,23,23,1,N2012,340.90576496524784
1,24,24,1,N2012,294.2618368813003
1,25,1,2,N2012,284.6938516333111
1,26,2,2,N2012,248.2159078753522
1,27,3,2,N2012,219.81095167038418
1,28,4,2,N2012,214.72795950738993
1,29,5,2,N2012,207.8509701103977
1,30,6,2,N2012,201.57197979140477
1,31,7,2,N2012,209.64496734439567
1,32,8,2,N2012,246.12291110235458
1,33,9,2,N2012,270.640873300327
1,34,10,2,N2012,297.251832271297
1,35,11,2,N2012,311.0058110652815
1,36,12,2,N2012,328.0487847882623
1,37,13,2,N2012,308.01581567528484
1,38,14,2,N2012,304.7268207462885
1,39,15,2,N2012,308.3148152142845
1,40,16,2,N2012,307.41781659728554
1,41,17,2,N2012,300.5408272002933
1,42,18,2,N2012,284.6938516333111
1,43,19,2,N2012,289.1788447183061
1,44,20,2,N2012,248.2159078753522
1,45,21,2,N2012,294.5608364203
1,46,22,2,N2012,321.17179539127005
1,47,23,2,N2012,335.8227728022535
1,48,24,2,N2012,302.9328235122906
1,49,1,3,N2012,260.7738885133381
1,50,2,3,N2012,235.95692677636603
1,51,3,3,N2012,216.52195674138792
1,52,4,3,N2012,215.32595858538926
1,53,5,3,N2012,203.36597702540274
1,54,6,3,N2012,199.47898301840712
1,55,7,3,N2012,210.54196596139462
1,56,8,3,N2012,236.25592631536568
1,57,9,3,N2012,246.12291110235458
1,58,10,3,N2012,284.9928511723108
1,59,11,3,N2012,301.1388262782926
1,60,12,3,N2012,311.90280968228046
1,61,13,3,N2012,313.09880783827913
1,62,14,3,N2012,279.3118599313172
1,63,15,3,N2012,319.9757972352714
1,64,16,3,N2012,321.47079493026973
1,65,17,3,N2012,313.09880783827913
1,66,18,3,N2012,308.9128142922838
1,67,19,3,N2012,307.11881705828586
1,68,20,3,N2012,311.3048106042811
1,69,21,3,N2012,299.3448290442946
1,70,22,3,N2012,338.5137686532505
1,71,23,3,N2012,317.88280046227374
1,72,24,3,N2012,294.8598359592997
1,73,1,4,N2012,249.1129064923512
1,74,2,4,N2012,229.67793645737308
1,75,3,4,N2012,219.21295259238488
1,76,4,4,N2012,218.01695443638624
1,77,5,4,N2012,207.55197057139802
1,78,6,4,N2012,213.23296181239164
1,79,7,4,N2012,182.43600929542632
1,80,8,4,N2012,158.2170466364536
1,81,9,4,N2012,251.80390234334817
1,82,10,4,N2012,279.0128603923175
1,83,11,4,N2012,304.1288216682892
1,84,12,4,N2012,291.57084103030337
1,85,13,4,N2012,304.7268207462885
1,86,14,4,N2012,306.5208179802865
1,87,15,4,N2012,309.8098129092828
1,88,16,4,N2012,303.23182305129023
1,89,17,4,N2012,318.1818000012734
1,90,18,4,N2012,306.81981751928623
1,91,19,4,N2012,313.3978073772788
1,92,20,4,N2012,293.9628373423007
1,93,21,4,N2012,296.9528327322973
1,94,22,4,N2012,325.95578801526466
1,95,23,4,N2012,343.59676081624474
1,96,24,4,N2012,303.8298221292896
1,97,1,5,N2012,258.9798912793401
1,98,2,5,N2012,233.5649304643687
1,99,3,5,N2012,219.51195213138453
1,100,4,5,N2012,211.43896457839367
1,101,5,5,N2012,208.448969188397
1,102,6,5,N2012,200.3759816354061
1,103,7,5,N2012,207.8509701103977
1,104,8,5,N2012,237.750924010364
1,105,9,5,N2012,257.48489358434176
1,106,10,5,N2012,277.81686223631885
1,107,11,5,N2012,302.63382397329093
1,108,12,5,N2012,307.7168161362852
1,109,13,5,N2012,314.2948059942778
1,110,14,5,N2012,305.3248198242879
1,111,15,5,N2012,312.79980829927945
1,112,16,5,N2012,313.9958064552781
1,113,17,5,N2012,326.55378709326396
1,114,18,5,N2012,309.5108133702832
1,115,19,5,N2012,300.5408272002933
1,116,20,5,N2012,298.148830888296
1,117,21,5,N2012,304.1288216682892
1,118,22,5,N2012,325.3577889372653
1,119,23,5,N2012,328.6467838662616
1,120,24,5,N2012,304.1288216682892
1,121,1,6,N2012,251.50490280434852
1,122,2,6,N2012,244.32891386835658
1,123,3,6,N2012,206.9539714933987
1,124,4,6,N2012,215.32595858538926
1,125,5,6,N2012,212.03696365639297
1,126,6,6,N2012,198.8809839404078
1,127,7,6,N2012,200.67498117440576
1,128,8,6,N2012,217.4189553583869
1,129,9,6,N2012,222.5019475213812
1,130,10,6,N2012,268.846876066329
1,131,11,6,N2012,307.7168161362852
1,132,12,6,N2012,313.09880783827913
1,133,13,6,N2012,299.9428281222939
1,134,14,6,N2012,295.457835037299
1,135,15,6,N2012,296.9528327322973
1,136,16,6,N2012,294.2618368813003
1,137,17,6,N2012,305.3248198242879
1,138,18,6,N2012,298.7468299662953
1,139,19,6,N2012,291.86984056930305
1,140,20,6,N2012,282.00285578231416
1,141,21,6,N2012,279.0128603923175
1,142,22,6,N2012,309.8098129092828
1,143,23,6,N2012,334.6267746462549
1,144,24,6,N2012,313.3978073772788
1,145,1,7,N2012,264.6608825203337
1,146,2,7,N2012,226.68794106737647
1,147,3,7,N2012,214.72795950738993
1,148,4,7,N2012,203.0669774864031
1,149,5,7,N2012,201.27298025240506
1,150,6,7,N2012,192.90099316041454
1,151,7,7,N2012,186.92100238042124
1,152,8,7,N2012,192.90099316041454
1,153,9,7,N2012,209.94396688339532
1,154,10,7,N2012,238.04992354936365
1,155,11,7,N2012,263.7638839033347
1,156,12,7,N2012,287.98284656230743
1,157,13,7,N2012,281.7038562433145
1,158,14,7,N2012,286.1888493283094
1,159,15,7,N2012,299.04582950529493
1,160,16,7,N2012,280.8068576263155
1,161,17,7,N2012,284.6938516333111
1,162,18,7,N2012,277.5178626973192
1,163,19,7,N2012,298.7468299662953
1,164,20,7,N2012,291.2718414913037
1,165,21,7,N2012,253.59789957734614
1,166,22,7,N2012,282.89985439931314
1,167,23,7,N2012,336.4207718802528
1,168,24,7,N2012,299.04582950529493
2,1,1,1,N2012,401.0046723041801
2,2,2,1,N2012,369.90872024821516
2,3,3,1,N2012,350.1747506742374
2,4,4,1,N2012,347.1847552842407
2,5,5,1,N2012,346.5867562062414
2,6,6,1,N2012,342.40076266024613
2,7,7,1,N2012,348.6797529792391
2,8,8,1,N2012,393.23068429018883
2,9,9,1,N2012,415.05765063716433
2,10,10,1,N2012,432.69862343814435
2,11,11,1,N2012,459.3095824091144
2,12,12,1,N2012,448.2465994661269
2,13,13,1,N2012,447.64860038812753
2,14,14,1,N2012,450.63859577812417
2,15,15,1,N2012,433.8946215941431
2,16,16,1,N2012,438.6786142181377
2,17,17,1,N2012,434.79162021114206
2,18,18,1,N2012,447.64860038812753
2,19,19,1,N2012,496.086525706073
2,20,20,1,N2012,492.7975307770767
2,21,21,1,N2012,485.62154184108476
2,22,22,1,N2012,488.0135381530821
2,23,23,1,N2012,458.7115833311151
2,24,24,1,N2012,436.58561744514003
2,25,1,2,N2012,409.077659857171
2,26,2,2,N2012,378.2807073402057
2,27,3,2,N2012,354.3607442202326
2,28,4,2,N2012,340.60676542624816
2,29,5,2,N2012,353.46374560323363
2,30,6,2,N2012,349.57675159623807
2,31,7,2,N2012,363.92872946822183
2,32,8,2,N2012,399.2106750701821
2,33,9,2,N2012,421.63564049515685
2,34,10,2,N2012,440.47261145213565
2,35,11,2,N2012,464.99057365010805
2,36,12,2,N2012,454.8245893241195
2,37,13,2,N2012,448.5455990051265
2,38,14,2,N2012,456.02058748011814
2,39,15,2,N2012,443.16360730313266
2,40,16,2,N2012,443.4626068421323
2,41,17,2,N2012,449.1435980831259
2,42,18,2,N2012,460.50558056511306
2,43,19,2,N2012,466.784570884106
2,44,20,2,N2012,475.7545570540959
2,45,21,2,N2012,480.2395501390908
2,46,22,2,N2012,475.7545570540959
2,47,23,2,N2012,458.4125837921154
2,48,24,2,N2012,441.66860960813426
2,49,1,3,N2012,404.592666772176
2,50,2,3,N2012,381.86870180820165
2,51,3,3,N2012,365.7227267022198
2,52,4,3,N2012,358.546737766228
2,53,5,3,N2012,353.164746064234
2,54,6,3,N2012,354.3607442202326
2,55,7,3,N2012,358.8457373052276
2,56,8,3,N2012,390.83868797819156
2,57,9,3,N2012,412.06765524716764
2,58,10,3,N2012,448.5455990051265
2,59,11,3,N2012,449.4425976221255
2,60,12,3,N2012,464.69157411110837
2,61,13,3,N2012,453.9275907071205
2,62,14,3,N2012,440.17361191313597
2,63,15,3,N2012,434.19362113314276
2,64,16,3,N2012,438.0806151401383
2,65,17,3,N2012,437.7816156011387
2,66,18,3,N2012,437.18361652313934
2,67,19,3,N2012,485.92054138008444
2,68,20,3,N2012,495.78752616707334
2,69,21,3,N2012,492.7975307770767
2,70,22,3,N2012,464.99057365010805
2,71,23,3,N2012,451.2365948561235
2,72,24,3,N2012,436.28661790614035
2,73,1,4,N2012,423.4296377291548
2,74,2,4,N2012,378.878706418205
2,75,3,4,N2012,366.0217262412195
2,76,4,4,N2012,356.1547414542306
2,77,5,4,N2012,365.1247276242205
2,78,6,4,N2012,348.6797529792391
2,79,7,4,N2012,345.0917585112431
2,80,8,4,N2012,386.05469535419695
2,81,9,4,N2012,424.32663634615386
2,82,10,4,N2012,443.4626068421323
2,83,11,4,N2012,456.61858655811744
2,84,12,4,N2012,437.7816156011387
2,85,13,4,N2012,438.379614679138
2,86,14,4,N2012,423.72863726815444
2,87,15,4,N2012,430.3066271261471
2,88,16,4,N2012,424.62563588515354
2,89,17,4,N2012,430.0076275871474
2,90,18,4,N2012,448.2465994661269
2,91,19,4,N2012,472.4655621250996
2,92,20,4,N2012,474.85755843709694
2,93,21,4,N2012,477.2495547490942
2,94,22,4,N2012,467.9805690401046
2,95,23,4,N2012,444.95760453713063
2,96,24,4,N2012,422.83163865115546
2,97,1,5,N2012,379.4767054962044
2,98,2,5,N2012,368.7127220922165
2,99,3,5,N2012,360.0
2,100,4,5,N2012,337.3177704972518
2,101,5,5,N2012,337.3177704972518
2,102,6,5,N2012,334.3277751072552
2,103,7,5,N2012,342.10176312124645
2,104,8,5,N2012,370.2077197872148
2,105,9,5,N2012,425.82163404115215
2,106,10,5,N2012,432.10062436014505
2,107,11,5,N2012,453.0305920901215
2,108,12,5,N2012,448.5455990051265
2,109,13,5,N2012,431.50262528214574
2,110,14,5,N2012,436.58561744514003
2,111,15,5,N2012,435.09061975014174
2,112,16,5,N2012,429.4096285091481
2,113,17,5,N2012,425.5226345021525
2,114,18,5,N2012,443.76160638113197
2,115,19,5,N2012,481.4355482950895
2,116,20,5,N2012,478.1465533660932
2,117,21,5,N2012,474.55855889809726
2,118,22,5,N2012,474.55855889809726
2,119,23,5,N2012,457.5155851751164
2,120,24,5,N2012,442.26660868613357
2,121,1,6,N2012,421.33664095615717
2,122,2,6,N2012,371.10471840421377
2,123,3,6,N2012,363.3307303902225
2,124,4,6,N2012,345.0917585112431
2,125,5,6,N2012,340.00876634824886
2,126,6,6,N2012,345.6897575892424
2,127,7,6,N2012,364.2277290072215
2,128,8,6,N2012,387.5496930491953
2,129,9,6,N2012,398.3136764531831
2,130,10,6,N2012,441.66860960813426
2,131,11,6,N2012,458.1135842531158
2,132,12,6,N2012,459.3095824091144
2,133,13,6,N2012,451.2365948561235
2,134,14,6,N2012,455.72158794111846
2,135,15,6,N2012,441.66860960813426
2,136,16,6,N2012,455.72158794111846
2,137,17,6,N2012,445.25660407613026
2,138,18,6,N2012,455.42258840211883
2,139,19,6,N2012,479.94055060009117
2,140,20,6,N2012,492.1995316990774
2,141,21,6,N2012,482.3325469120885
2,142,22,6,N2012,469.7745662741026
2,143,23,6,N2012,462.2995777991111
2,144,24,6,N2012,447.64860038812753
2,145,1,7,N2012,414.16065202016523
2,146,2,7,N2012,394.7256819851871
2,147,3,7,N2012,375.5897114892087
2,148,4,7,N2012,369.0117216312162
2,149,5,7,N2012,364.2277290072215
2,150,6,7,N2012,367.51672393621783
2,151,7,7,N2012,357.649739149229
2,152,8,7,N2012,362.43373177322354
2,153,9,7,N2012,372.30071656021244
2,154,10,7,N2012,411.76865570816796
2,155,11,7,N2012,413.5626529421659
2,156,12,7,N2012,430.9046262041464
2,157,13,7,N2012,423.4296377291548
2,158,14,7,N2012,399.5096746091818
2,159,15,7,N2012,413.8616524811656
2,160,16,7,N2012,396.81867875818483
2,161,17,7,N2012,412.9646538641666
2,162,18,7,N2012,424.62563588515354
2,163,19,7,N2012,472.1665625861
2,164,20,7,N2012,467.681569501105
2,165,21,7,N2012,473.96055982009796
2,166,22,7,N2012,477.8475538270935
2,167,23,7,N2012,458.4125837921154
2,168,24,7,N2012,430.60562666514676
1,1,1,1,N2013,295.09807063320164
1,2,2,1,N2013,239.99672701754943
1,3,3,1,N2013,232.62852409220062
1,4,4,1,N2013,216.9310482947183
1,5,5,1,N2013,204.75749563544628
1,6,6,1,N2013,204.43713898651808
1,7,7,1,N2013,215.64962169900542
1,8,8,1,N2013,230.0656709007749
1,9,9,1,N2013,258.8977693043139
1,10,10,1,N2013,303.10698685640693
1,11,11,1,N2013,332.5797985578023
1,12,12,1,N2013,344.7533512170743
1,13,13,1,N2013,336.74443499386905
1,14,14,1,N2013,325.21159563245345
1,15,15,1,N2013,343.1515679724332
1,16,16,1,N2013,323.9301690367406
1,17,17,1,N2013,309.51411983497115
1,18,18,1,N2013,331.29837196208945
1,19,19,1,N2013,309.8344764838994
1,20,20,1,N2013,318.80446265388923
1,21,21,1,N2013,312.0769730263968
1,22,22,1,N2013,348.5976310042128
1,23,23,1,N2013,365.2561767484798
1,24,24,1,N2013,315.2805395156789
1,25,1,2,N2013,305.0291267499762
1,26,2,2,N2013,265.9456155807345
1,27,3,2,N2013,235.51173393255448
1,28,4,2,N2013,230.0656709007749
1,29,5,2,N2013,222.6974679754261
1,30,6,2,N2013,215.96997834793368
1,31,7,2,N2013,224.61960786899533
1,32,8,2,N2013,263.70311903823705
1,33,9,2,N2013,289.97236425035027
1,34,10,2,N2013,318.48410600496106
1,35,11,2,N2013,333.2205118556587
1,36,12,2,N2013,351.4808408445667
1,37,13,2,N2013,330.0169453663766
1,38,14,2,N2013,326.4930222281663
1,39,15,2,N2013,330.33730201530483
1,40,16,2,N2013,329.3762320685202
1,41,17,2,N2013,322.0080291431713
1,42,18,2,N2013,305.0291267499762
1,43,19,2,N2013,309.8344764838994
1,44,20,2,N2013,265.9456155807345
1,45,21,2,N2013,315.60089616460715
1,46,22,2,N2013,344.1126379192179
1,47,23,2,N2013,359.8101137167002
1,48,24,2,N2013,324.57088233459706
1,49,1,3,N2013,279.40059483571935
1,50,2,3,N2013,252.81099297467787
1,51,3,3,N2013,231.9878107943442
1,52,4,3,N2013,230.70638419863133
1,53,5,3,N2013,217.8921182415029
1,54,6,3,N2013,213.72748180543618
1,55,7,3,N2013,225.58067781577995
1,56,8,3,N2013,253.1313496236061
1,57,9,3,N2013,263.70311903823705
1,58,10,3,N2013,305.3494833989044
1,59,11,3,N2013,322.64874244102776
1,60,12,3,N2013,334.18158180244336
1,61,13,3,N2013,335.4630083981562
1,62,14,3,N2013,299.2627070692684
1,63,15,3,N2013,342.83121132350504
1,64,16,3,N2013,344.4329945681461
1,65,17,3,N2013,335.4630083981562
1,66,18,3,N2013,330.9780153131612
1,67,19,3,N2013,329.055875419592
1,68,20,3,N2013,333.5408685045869
1,69,21,3,N2013,320.7266025474585
1,70,22,3,N2013,362.6933235570541
1,71,23,3,N2013,340.5887147810076
1,72,24,3,N2013,315.9212528135353
1,73,1,4,N2013,266.90668552751913
1,74,2,4,N2013,246.08350334718543
1,75,3,4,N2013,234.87102063469808
1,76,4,4,N2013,233.58959403898524
1,77,5,4,N2013,222.37711132649787
1,78,6,4,N2013,228.46388765613386
1,79,7,4,N2013,195.4671528165282
1,80,8,4,N2013,169.51826425334312
1,81,9,4,N2013,269.78989536787304
1,82,10,4,N2013,298.9423504203402
1,83,11,4,N2013,325.8523089303099
1,84,12,4,N2013,312.397329675325
1,85,13,4,N2013,326.4930222281663
1,86,14,4,N2013,328.41516212173553
1,87,15,4,N2013,331.93908525994584
1,88,16,4,N2013,324.8912389835252
1,89,17,4,N2013,340.90907142993575
1,90,18,4,N2013,328.73551877066376
1,91,19,4,N2013,335.78336504708443
1,92,20,4,N2013,314.9601828667507
1,93,21,4,N2013,318.1637493560328
1,94,22,4,N2013,349.23834430206927
1,95,23,4,N2013,368.13938658883364
1,96,24,4,N2013,325.5319522813817
1,97,1,5,N2013,277.4784549421501
1,98,2,5,N2013,250.24813978325218
1,99,3,5,N2013,235.19137728362628
1,100,4,5,N2013,226.54174776256463
1,101,5,5,N2013,223.33818127328252
1,102,6,5,N2013,214.6885517522208
1,103,7,5,N2013,222.6974679754261
1,104,8,5,N2013,254.73313286824714
1,105,9,5,N2013,275.87667169750904
1,106,10,5,N2013,297.66092382462733
1,107,11,5,N2013,324.25052568566883
1,108,12,5,N2013,329.69658871744844
1,109,13,5,N2013,336.74443499386905
1,110,14,5,N2013,327.1337355260227
1,111,15,5,N2013,335.142651749228
1,112,16,5,N2013,336.4240783449408
1,113,17,5,N2013,349.87905759992566
1,114,18,5,N2013,331.6187286110177
1,115,19,5,N2013,322.0080291431713
1,116,20,5,N2013,319.4451759517457
1,117,21,5,N2013,325.8523089303099
1,118,22,5,N2013,348.5976310042128
1,119,23,5,N2013,352.1215541424231
1,120,24,5,N2013,325.8523089303099
1,121,1,6,N2013,269.4695387189448
1,122,2,6,N2013,261.78097914466775
1,123,3,6,N2013,221.73639802864147
1,124,4,6,N2013,230.70638419863133
1,125,5,6,N2013,227.18246106042105
1,126,6,6,N2013,213.08676850757976
1,127,7,6,N2013,215.008908401149
1,128,8,6,N2013,232.94888074112882
1,129,9,6,N2013,238.3949437729084
1,130,10,6,N2013,288.05022435678103
1,131,11,6,N2013,329.69658871744844
1,132,12,6,N2013,335.4630083981562
1,133,13,6,N2013,321.3673158453149
1,134,14,6,N2013,316.56196611139177
1,135,15,6,N2013,318.1637493560328
1,136,16,6,N2013,315.2805395156789
1,137,17,6,N2013,327.1337355260227
1,138,18,6,N2013,320.0858892496021
1,139,19,6,N2013,312.71768632425324
1,140,20,6,N2013,302.14591690962226
1,141,21,6,N2013,298.9423504203402
1,142,22,6,N2013,331.93908525994584
1,143,23,6,N2013,358.52868712098734
1,144,24,6,N2013,335.78336504708443
1,145,1,7,N2013,283.5652312717861
1,146,2,7,N2013,242.87993685790335
1,147,3,7,N2013,230.0656709007749
1,148,4,7,N2013,217.57176159257472
1,149,5,7,N2013,215.64962169900542
1,150,6,7,N2013,206.67963552901557
1,151,7,7,N2013,200.27250255045132
1,152,8,7,N2013,206.67963552901557
1,153,9,7,N2013,224.93996451792356
1,154,10,7,N2013,255.05348951717534
1,155,11,7,N2013,282.6041613250015
1,156,12,7,N2013,308.55304988818654
1,157,13,7,N2013,301.8255602606941
1,158,14,7,N2013,306.63090999461724
1,159,15,7,N2013,320.4062458985303
1,160,16,7,N2013,300.86449031390947
1,161,17,7,N2013,305.0291267499762
1,162,18,7,N2013,297.3405671756991
1,163,19,7,N2013,320.0858892496021
1,164,20,7,N2013,312.0769730263968
1,165,21,7,N2013,271.7120352614423
1,166,22,7,N2013,303.10698685640693
1,167,23,7,N2013,360.4508270145566
1,168,24,7,N2013,320.4062458985303
2,1,1,1,N2013,429.6478631830501
2,2,2,1,N2013,396.3307716945162
2,3,3,1,N2013,375.1872328652543
2,4,4,1,N2013,371.9836663759722
2,5,5,1,N2013,371.3429530781157
2,6,6,1,N2013,366.8579599931208
2,7,7,1,N2013,373.58544962061325
2,8,8,1,N2013,421.3185903109166
2,9,9,1,N2013,444.704625682676
2,10,10,1,N2013,463.6056679694404
2,11,11,1,N2013,492.11740972405113
2,12,12,1,N2013,480.26421371370736
2,13,13,1,N2013,479.6235004158509
2,14,14,1,N2013,482.827066905133
2,15,15,1,N2013,464.8870945651533
2,16,16,1,N2013,470.0128009480046
2,17,17,1,N2013,465.8481645119379
2,18,18,1,N2013,479.6235004158509
2,19,19,1,N2013,531.521277542221
2,20,20,1,N2013,527.9973544040107
2,21,21,1,N2013,520.3087948297336
2,22,22,1,N2013,522.8716480211593
2,23,23,1,N2013,491.47669642619474
2,24,24,1,N2013,467.77030440550715
2,25,1,2,N2013,438.2974927041118
2,26,2,2,N2013,405.3007578645061
2,27,3,2,N2013,379.67222595024924
2,28,4,2,N2013,364.93582009955156
2,29,5,2,N2013,378.7111560034646
2,30,6,2,N2013,374.5465195673979
2,31,7,2,N2013,389.92363871595194
2,32,8,2,N2013,427.7257232894808
2,33,9,2,N2013,451.7524719590966
2,34,10,2,N2013,471.93494084157385
2,35,11,2,N2013,498.2041860536872
2,36,12,2,N2013,487.31205999012803
2,37,13,2,N2013,480.58457036263553
2,38,14,2,N2013,488.5934865858408
2,39,15,2,N2013,474.8181506819278
2,40,16,2,N2013,475.13850733085604
2,41,17,2,N2013,481.225283660492
2,42,18,2,N2013,493.398836319764
2,43,19,2,N2013,500.1263259472564
2,44,20,2,N2013,509.7370254151027
2,45,21,2,N2013,514.5423751490258
2,46,22,2,N2013,509.7370254151027
2,47,23,2,N2013,491.1563397772665
2,48,24,2,N2013,473.2163674372867
2,49,1,3,N2013,433.4921429701886
2,50,2,3,N2013,409.1450376516446
2,51,3,3,N2013,391.84577860952123
2,52,4,3,N2013,384.1572190352442
2,53,5,3,N2013,378.3907993545364
2,54,6,3,N2013,379.67222595024924
2,55,7,3,N2013,384.47757568417245
2,56,8,3,N2013,418.7557371194909
2,57,9,3,N2013,441.50105919339387
2,58,10,3,N2013,480.58457036263553
2,59,11,3,N2013,481.5456403094202
2,60,12,3,N2013,497.88382940475896
2,61,13,3,N2013,486.35099004334336
2,62,14,3,N2013,471.6145841926457
2,63,15,3,N2013,465.2074512140815
2,64,16,3,N2013,469.3720876501482
2,65,17,3,N2013,469.05173100122
2,66,18,3,N2013,468.4110177033636
2,67,19,3,N2013,520.6291514786619
2,68,20,3,N2013,531.2009208932928
2,69,21,3,N2013,527.9973544040107
2,70,22,3,N2013,498.2041860536872
2,71,23,3,N2013,483.46778020298945
2,72,24,3,N2013,467.4499477565789
2,73,1,4,N2013,453.67461185266586
2,74,2,4,N2013,405.9414711623625
2,75,3,4,N2013,392.1661352584494
2,76,4,4,N2013,381.5943658438185
2,77,5,4,N2013,391.2050653116648
2,78,6,4,N2013,373.58544962061325
2,79,7,4,N2013,369.7411698334747
2,80,8,4,N2013,413.6300307366396
2,81,9,4,N2013,454.63568179945054
2,82,10,4,N2013,475.13850733085604
2,83,11,4,N2013,489.2341998836973
2,84,12,4,N2013,469.05173100122
2,85,13,4,N2013,469.6924442990764
2,86,14,4,N2013,453.99496850159403
2,87,15,4,N2013,461.0428147780147
2,88,16,4,N2013,454.95603844837876
2,89,17,4,N2013,460.7224581290865
2,90,18,4,N2013,480.26421371370736
2,91,19,4,N2013,506.21310227689247
2,92,20,4,N2013,508.7759554683181
2,93,21,4,N2013,511.3388086597438
2,94,22,4,N2013,501.40775254296926
2,95,23,4,N2013,476.74029057549706
2,96,24,4,N2013,453.0338985548094
2,97,1,5,N2013,406.58218446021897
2,98,2,5,N2013,395.04934509880337
2,99,3,5,N2013,385.75900227988524
2,100,4,5,N2013,361.4118969613412
2,101,5,5,N2013,361.4118969613412
2,102,6,5,N2013,358.2083304720591
2,103,7,5,N2013,366.53760334419263
2,104,8,5,N2013,396.65112834344444
2,105,9,5,N2013,456.2374650440916
2,106,10,5,N2013,462.96495467158394
2,107,11,5,N2013,485.38992009655874
2,108,12,5,N2013,480.58457036263553
2,109,13,5,N2013,462.32424137372755
2,110,14,5,N2013,467.77030440550715
2,111,15,5,N2013,466.16852116086613
2,112,16,5,N2013,460.0817448312301
2,113,17,5,N2013,455.9171083951634
2,114,18,5,N2013,475.4588639797842
2,115,19,5,N2013,515.8238017447387
2,116,20,5,N2013,512.2998786065284
2,117,21,5,N2013,508.4555988193899
2,118,22,5,N2013,508.4555988193899
2,119,23,5,N2013,490.1952698304819
2,120,24,5,N2013,473.8570807351431
2,121,1,6,N2013,451.4321153101684
2,122,2,6,N2013,397.61219829022906
2,123,3,6,N2013,389.28292541809554
2,124,4,6,N2013,369.7411698334747
2,125,5,6,N2013,364.29510680169517
2,126,6,6,N2013,370.3818831313311
2,127,7,6,N2013,390.24399536488016
2,128,8,6,N2013,415.23181398128065
2,129,9,6,N2013,426.7646533426962
2,130,10,6,N2013,473.2163674372867
2,131,11,6,N2013,490.8359831283383
2,132,12,6,N2013,492.11740972405113
2,133,13,6,N2013,483.46778020298945
2,134,14,6,N2013,488.27312993691265
2,135,15,6,N2013,473.2163674372867
2,136,16,6,N2013,488.27312993691265
2,137,17,6,N2013,477.0606472244253
2,138,18,6,N2013,487.9527732879844
2,139,19,6,N2013,514.2220185000976
2,140,20,6,N2013,527.3566411061544
2,141,21,6,N2013,516.7848716915233
2,142,22,6,N2013,503.3298924365385
2,143,23,6,N2013,495.32097621333327
2,144,24,6,N2013,479.6235004158509
2,145,1,7,N2013,443.74355573589133
2,146,2,7,N2013,422.92037355555766
2,147,3,7,N2013,402.41754802415215
2,148,4,7,N2013,395.3697017477316
2,149,5,7,N2013,390.24399536488016
2,150,6,7,N2013,393.7679185030905
2,151,7,7,N2013,383.1961490884596
2,152,8,7,N2013,388.3218554713109
2,153,9,7,N2013,398.89362488594185
2,154,10,7,N2013,441.18070254446565
2,155,11,7,N2013,443.1028424380349
2,156,12,7,N2013,461.68352807587115
2,157,13,7,N2013,453.67461185266586
2,158,14,7,N2013,428.04607993840904
2,159,15,7,N2013,443.4231990869631
2,160,16,7,N2013,425.1628700980552
2,161,17,7,N2013,442.4621291401785
2,162,18,7,N2013,454.95603844837876
2,163,19,7,N2013,505.89274562796425
2,164,20,7,N2013,501.08739589404104
2,165,21,7,N2013,507.8148855215335
2,166,22,7,N2013,511.9795219576002
2,167,23,7,N2013,491.1563397772665
2,168,24,7,N2013,461.3631714269429
1,1,1,1,N2014,75.20701550144261
1,2,2,1,N2014,61.164200532978946
1,3,3,1,N2014,59.28638225231229
1,4,4,1,N2014,55.2858128717616
1,5,5,1,N2014,52.183330495008
1,6,6,1,N2014,52.10168622193554
1,7,7,1,N2014,54.95923577947175
1,8,8,1,N2014,58.63322806773259
1,9,9,1,N2014,65.98121264425427
1,10,10,1,N2014,77.2481223282542
1,11,11,1,N2014,84.7593954509208
1,12,12,1,N2014,87.8618778276744
1,13,13,1,N2014,85.82077100086282
1,14,14,1,N2014,82.88157717025415
1,15,15,1,N2014,87.45365646231208
1,16,16,1,N2014,82.5550000779643
1,17,17,1,N2014,78.88100778970346
1,18,18,1,N2014,84.43281835863095
1,19,19,1,N2014,78.96265206277592
1,20,20,1,N2014,81.24869170880488
1,21,21,1,N2014,79.53416197428317
1,22,22,1,N2014,88.84160910454396
1,23,23,1,N2014,93.08711130431205
1,24,24,1,N2014,80.3506047050078
1,25,1,2,N2014,77.73798796668898
1,26,2,2,N2014,67.77738665184846
1,27,3,2,N2014,60.02118070996446
1,28,4,2,N2014,58.63322806773259
1,29,5,2,N2014,56.755409787065936
1,30,6,2,N2014,55.04088005254421
1,31,7,2,N2014,57.245275425500715
1,32,8,2,N2014,67.20587674034122
1,33,9,2,N2014,73.9007071322832
1,34,10,2,N2014,81.16704743573243
1,35,11,2,N2014,84.92268399706573
1,36,12,2,N2014,89.57640756219612
1,37,13,2,N2014,84.1062412663411
1,38,14,2,N2014,83.208154262544
1,39,15,2,N2014,84.18788553941356
1,40,16,2,N2014,83.94295272019617
1,41,17,2,N2014,82.06513443952952
1,42,18,2,N2014,77.73798796668898
1,43,19,2,N2014,78.96265206277592
1,44,20,2,N2014,67.77738665184846
1,45,21,2,N2014,80.43224897808025
1,46,22,2,N2014,87.69858928152948
1,47,23,2,N2014,91.69915866208017
1,48,24,2,N2014,82.71828862410922
1,49,1,3,N2014,71.20644612089191
1,50,2,3,N2014,64.42997145587748
1,51,3,3,N2014,59.12309370616737
1,52,4,3,N2014,58.796516613877515
1,53,5,3,N2014,55.53074569097899
1,54,6,3,N2014,54.46937014103697
1,55,7,3,N2014,57.490208244718104
1,56,8,3,N2014,64.51161572894993
1,57,9,3,N2014,67.20587674034122
1,58,10,3,N2014,77.81963223976143
1,59,11,3,N2014,82.22842298567444
1,60,12,3,N2014,85.16761681628311
1,61,13,3,N2014,85.49419390857297
1,62,14,3,N2014,76.26839105138464
1,63,15,3,N2014,87.37201218923963
1,64,16,3,N2014,87.78023355460193
1,65,17,3,N2014,85.49419390857297
1,66,18,3,N2014,84.35117408555848
1,67,19,3,N2014,83.8613084471237
1,68,20,3,N2014,85.00432827013819
1,69,21,3,N2014,81.73855734723966
1,70,22,3,N2014,92.43395711973234
1,71,23,3,N2014,86.80050227773238
1,72,24,3,N2014,80.51389325115272
1,73,1,4,N2014,68.02231947106586
1,74,2,4,N2014,62.715441721355745
1,75,3,4,N2014,59.857892163819535
1,76,4,4,N2014,59.53131507152968
1,77,5,4,N2014,56.67376551399347
1,78,6,4,N2014,58.22500670237027
1,79,7,4,N2014,49.81564657590657
1,80,8,4,N2014,43.202460457037056
1,81,9,4,N2014,68.75711792871802
1,82,10,4,N2014,76.18674677831217
1,83,11,4,N2014,83.04486571639907
1,84,12,4,N2014,79.61580624735562
1,85,13,4,N2014,83.208154262544
1,86,14,4,N2014,83.69801990097878
1,87,15,4,N2014,84.59610690477588
1,88,16,4,N2014,82.79993289718169
1,89,17,4,N2014,86.88214655080485
1,90,18,4,N2014,83.77966417405125
1,91,19,4,N2014,85.57583818164544
1,92,20,4,N2014,80.26896043193533
1,93,21,4,N2014,81.08540316265996
1,94,22,4,N2014,89.00489765068889
1,95,23,4,N2014,93.8219097619642
1,96,24,4,N2014,82.96322144332662
1,97,1,5,N2014,70.71658048245713
1,98,2,5,N2014,63.77681727129777
1,99,3,5,N2014,59.939536436892
1,100,4,5,N2014,57.735141063935494
1,101,5,5,N2014,56.91869833321086
1,102,6,5,N2014,54.71430296025436
1,103,7,5,N2014,56.755409787065936
1,104,8,5,N2014,64.91983709431226
1,105,9,5,N2014,70.30835911709482
1,106,10,5,N2014,75.86016968602232
1,107,11,5,N2014,82.63664435103676
1,108,12,5,N2014,84.02459699326863
1,109,13,5,N2014,85.82077100086282
1,110,14,5,N2014,83.37144280868893
1,111,15,5,N2014,85.41254963550051
1,112,16,5,N2014,85.73912672779036
1,113,17,5,N2014,89.16818619683382
1,114,18,5,N2014,84.51446263170341
1,115,19,5,N2014,82.06513443952952
1,116,20,5,N2014,81.41198025494981
1,117,21,5,N2014,83.04486571639907
1,118,22,5,N2014,88.84160910454396
1,119,23,5,N2014,89.73969610834105
1,120,24,5,N2014,83.04486571639907
1,121,1,6,N2014,68.67547365564556
1,122,2,6,N2014,66.71601110190645
1,123,3,6,N2014,56.51047696784855
1,124,4,6,N2014,58.796516613877515
1,125,5,6,N2014,57.89842961008042
1,126,6,6,N2014,54.30608159489204
1,127,7,6,N2014,54.79594723332682
1,128,8,6,N2014,59.36802652538476
1,129,9,6,N2014,60.75597916761663
1,130,10,6,N2014,73.41084149384842
1,131,11,6,N2014,84.02459699326863
1,132,12,6,N2014,85.49419390857297
1,133,13,6,N2014,81.90184589338459
1,134,14,6,N2014,80.67718179729765
1,135,15,6,N2014,81.08540316265996
1,136,16,6,N2014,80.3506047050078
1,137,17,6,N2014,83.37144280868893
1,138,18,6,N2014,81.57526880109474
1,139,19,6,N2014,79.69745052042809
1,140,20,6,N2014,77.0031895090368
1,141,21,6,N2014,76.18674677831217
1,142,22,6,N2014,84.59610690477588
1,143,23,6,N2014,91.37258156979031
1,144,24,6,N2014,85.57583818164544
1,145,1,7,N2014,72.26782167083394
1,146,2,7,N2014,61.898998990631114
1,147,3,7,N2014,58.63322806773259
1,148,4,7,N2014,55.449101417906526
1,149,5,7,N2014,54.95923577947175
1,150,6,7,N2014,52.67319613344278
1,151,7,7,N2014,51.04031067199352
1,152,8,7,N2014,52.67319613344278
1,153,9,7,N2014,57.32691969857318
1,154,10,7,N2014,65.00148136738471
1,155,11,7,N2014,72.02288885161654
1,156,12,7,N2014,78.63607497048606
1,157,13,7,N2014,76.92154523596435
1,158,14,7,N2014,78.14620933205128
1,159,15,7,N2014,81.6569130741672
1,160,16,7,N2014,76.67661241674695
1,161,17,7,N2014,77.73798796668898
1,162,18,7,N2014,75.77852541294986
1,163,19,7,N2014,81.57526880109474
1,164,20,7,N2014,79.53416197428317
1,165,21,7,N2014,69.2469835671528
1,166,22,7,N2014,77.2481223282542
1,167,23,7,N2014,91.86244720822509
1,168,24,7,N2014,81.6569130741672
2,1,1,1,N2014,109.49761019187714
2,2,2,1,N2014,101.00660579234098
2,3,3,1,N2014,95.61808376955841
2,4,4,1,N2014,94.80164103883378
2,5,5,1,N2014,94.63835249268885
2,6,6,1,N2014,93.49533266967435
2,7,7,1,N2014,95.20986240419609
2,8,8,1,N2014,107.3748590919931
2,9,9,1,N2014,113.3348910262829
2,10,10,1,N2014,118.15190313755824
2,11,11,1,N2014,125.41824344100746
2,12,12,1,N2014,122.39740533732632
2,13,13,1,N2014,122.23411679118139
2,14,14,1,N2014,123.05055952190602
2,15,15,1,N2014,118.47848022984809
2,16,16,1,N2014,119.7847885990075
2,17,17,1,N2014,118.72341304906548
2,18,18,1,N2014,122.23411679118139
2,19,19,1,N2014,135.46048902892042
2,20,20,1,N2014,134.56240202512333
2,21,21,1,N2014,132.60293947138422
2,22,22,1,N2014,133.25609365596392
2,23,23,1,N2014,125.25495489486254
2,24,24,1,N2014,119.21327868750026
2,25,1,2,N2014,111.70200556483364
2,26,2,2,N2014,103.29264543836995
2,27,3,2,N2014,96.7611035925729
2,28,4,2,N2014,93.00546703123958
2,29,5,2,N2014,96.5161707733555
2,30,6,2,N2014,95.45479522341348
2,31,7,2,N2014,99.37372033089171
2,32,8,2,N2014,109.00774455344236
2,33,9,2,N2014,115.13106503387709
2,34,10,2,N2014,120.27465423744228
2,35,11,2,N2014,126.96948462938425
2,36,12,2,N2014,124.19357934492051
2,37,13,2,N2014,122.47904961039879
2,38,14,2,N2014,124.52015643721036
2,39,15,2,N2014,121.00945269509445
2,40,16,2,N2014,121.09109696816691
2,41,17,2,N2014,122.64233815654372
2,42,18,2,N2014,125.74482053329731
2,43,19,2,N2014,127.45935026781903
2,44,20,2,N2014,129.90867845999293
2,45,21,2,N2014,131.13334255607987
2,46,22,2,N2014,129.90867845999293
2,47,23,2,N2014,125.17331062179007
2,48,24,2,N2014,120.60123132973213
2,49,1,3,N2014,110.4773414687467
2,50,2,3,N2014,104.2723767152395
2,51,3,3,N2014,99.8635859693265
2,52,4,3,N2014,97.90412341558738
2,53,5,3,N2014,96.43452650028304
2,54,6,3,N2014,96.7611035925729
2,55,7,3,N2014,97.98576768865983
2,56,8,3,N2014,106.7217049074134
2,57,9,3,N2014,112.51844829555827
2,58,10,3,N2014,122.47904961039879
2,59,11,3,N2014,122.72398242961617
2,60,12,3,N2014,126.8878403563118
2,61,13,3,N2014,123.94864652570313
2,62,14,3,N2014,120.19300996436982
2,63,15,3,N2014,118.56012450292056
2,64,16,3,N2014,119.62150005286257
2,65,17,3,N2014,119.53985577979012
2,66,18,3,N2014,119.37656723364519
2,67,19,3,N2014,132.6845837444567
2,68,20,3,N2014,135.37884475584795
2,69,21,3,N2014,134.56240202512333
2,70,22,3,N2014,126.96948462938425
2,71,23,3,N2014,123.21384806805095
2,72,24,3,N2014,119.1316344144278
2,73,1,4,N2014,115.62093067231189
2,74,2,4,N2014,103.45593398451487
2,75,3,4,N2014,99.94523024239895
2,76,4,4,N2014,97.25096923100767
2,77,5,4,N2014,99.70029742318157
2,78,6,4,N2014,95.20986240419609
2,79,7,4,N2014,94.23013112732653
2,80,8,4,N2014,105.41539653825399
2,81,9,4,N2014,115.86586349152927
2,82,10,4,N2014,121.09109696816691
2,83,11,4,N2014,124.68344498335529
2,84,12,4,N2014,119.53985577979012
2,85,13,4,N2014,119.70314432593504
2,86,14,4,N2014,115.70257494538434
2,87,15,4,N2014,117.49874895297853
2,88,16,4,N2014,115.94750776460174
2,89,17,4,N2014,117.41710467990607
2,90,18,4,N2014,122.39740533732632
2,91,19,4,N2014,129.01059145619584
2,92,20,4,N2014,129.66374564077555
2,93,21,4,N2014,130.31689982535525
2,94,22,4,N2014,127.78592736010889
2,95,23,4,N2014,121.49931833352923
2,96,24,4,N2014,115.45764212616696
2,97,1,5,N2014,103.6192225306598
2,98,2,5,N2014,100.68002870005112
2,99,3,5,N2014,98.31234478094969
2,100,4,5,N2014,92.10738002744249
2,101,5,5,N2014,92.10738002744249
2,102,6,5,N2014,91.29093729671786
2,103,7,5,N2014,93.4136883966019
2,104,8,5,N2014,101.08825006541343
2,105,9,5,N2014,116.27408485689159
2,106,10,5,N2014,117.98861459141331
2,107,11,5,N2014,123.70371370648573
2,108,12,5,N2014,122.47904961039879
2,109,13,5,N2014,117.82532604526838
2,110,14,5,N2014,119.21327868750026
2,111,15,5,N2014,118.80505732213794
2,112,16,5,N2014,117.25381613376115
2,113,17,5,N2014,116.19244058381912
2,114,18,5,N2014,121.17274124123938
2,115,19,5,N2014,131.45991964836972
2,116,20,5,N2014,130.56183264457263
2,117,21,5,N2014,129.58210136770307
2,118,22,5,N2014,129.58210136770307
2,119,23,5,N2014,124.92837780257268
2,120,24,5,N2014,120.76451987587706
2,121,1,6,N2014,115.04942076080464
2,122,2,6,N2014,101.33318288463083
2,123,3,6,N2014,99.21043178474679
2,124,4,6,N2014,94.23013112732653
2,125,5,6,N2014,92.84217848509465
2,126,6,6,N2014,94.39341967347146
2,127,7,6,N2014,99.45536460396417
2,128,8,6,N2014,105.8236179036163
2,129,9,6,N2014,108.76281173422497
2,130,10,6,N2014,120.60123132973213
2,131,11,6,N2014,125.09166634871761
2,132,12,6,N2014,125.41824344100746
2,133,13,6,N2014,123.21384806805095
2,134,14,6,N2014,124.4385121641379
2,135,15,6,N2014,120.60123132973213
2,136,16,6,N2014,124.4385121641379
2,137,17,6,N2014,121.58096260660169
2,138,18,6,N2014,124.35686789106543
2,139,19,6,N2014,131.05169828300743
2,140,20,6,N2014,134.3991134789784
2,141,21,6,N2014,131.70485246758713
2,142,22,6,N2014,128.27579299854366
2,143,23,6,N2014,126.2346861717321
2,144,24,6,N2014,122.23411679118139
2,145,1,7,N2014,113.08995820706552
2,146,2,7,N2014,107.78308045735541
2,147,3,7,N2014,102.55784698071777
2,148,4,7,N2014,100.76167297312358
2,149,5,7,N2014,99.45536460396417
2,150,6,7,N2014,100.35345160776127
2,151,7,7,N2014,97.65919059636998
2,152,8,7,N2014,98.96549896552939
2,153,9,7,N2014,101.65975997692068
2,154,10,7,N2014,112.43680402248582
2,155,11,7,N2014,112.9266696609206
2,156,12,7,N2014,117.66203749912346
2,157,13,7,N2014,115.62093067231189
2,158,14,7,N2014,109.08938882651482
2,159,15,7,N2014,113.00831393399305
2,160,16,7,N2014,108.35459036886266
2,161,17,7,N2014,112.76338111477567
2,162,18,7,N2014,115.94750776460174
2,163,19,7,N2014,128.92894718312337
2,164,20,7,N2014,127.70428308703643
2,165,21,7,N2014,129.41881282155816
2,166,22,7,N2014,130.48018837150016
2,167,23,7,N2014,125.17331062179007
2,168,24,7,N2014,117.580393226051
1,1,1,1,N3002,848.0
1,2,2,1,N3002,806.0
1,3,3,1,N3002,808.0
1,4,4,1,N3002,796.0
1,5,5,1,N3002,780.0
1,6,6,1,N3002,765.0
1,7,7,1,N3002,788.0
1,8,8,1,N3002,845.0
1,9,9,1,N3002,855.0
1,10,10,1,N3002,904.0
1,11,11,1,N3002,935.0
1,12,12,1,N3002,934.0
1,13,13,1,N3002,923.0
1,14,14,1,N3002,941.0
1,15,15,1,N3002,902.0
1,16,16,1,N3002,912.0
1,17,17,1,N3002,908.0
1,18,18,1,N3002,910.0
1,19,19,1,N3002,902.0
1,20,20,1,N3002,903.0
1,21,21,1,N3002,913.0
1,22,22,1,N3002,970.0
1,23,23,1,N3002,991.0
1,24,24,1,N3002,930.0
1,25,1,2,N3002,860.0
1,26,2,2,N3002,821.0
1,27,3,2,N3002,804.0
1,28,4,2,N3002,802.0
1,29,5,2,N3002,800.0
1,30,6,2,N3002,779.0
1,31,7,2,N3002,792.0
1,32,8,2,N3002,835.0
1,33,9,2,N3002,874.0
1,34,10,2,N3002,910.0
1,35,11,2,N3002,935.0
1,36,12,2,N3002,927.0
1,37,13,2,N3002,937.0
1,38,14,2,N3002,943.0
1,39,15,2,N3002,931.0
1,40,16,2,N3002,916.0
1,41,17,2,N3002,923.0
1,42,18,2,N3002,936.0
1,43,19,2,N3002,960.0
1,44,20,2,N3002,955.0
1,45,21,2,N3002,965.0
1,46,22,2,N3002,1007.0
1,47,23,2,N3002,1012.0
1,48,24,2,N3002,926.0
1,49,1,3,N3002,858.0
1,50,2,3,N3002,835.0
1,51,3,3,N3002,818.0
1,52,4,3,N3002,806.0
1,53,5,3,N3002,796.0
1,54,6,3,N3002,790.0
1,55,7,3,N3002,812.0
1,56,8,3,N3002,837.0
1,57,9,3,N3002,858.0
1,58,10,3,N3002,874.0
1,59,11,3,N3002,909.0
1,60,12,3,N3002,924.0
1,61,13,3,N3002,927.0
1,62,14,3,N3002,905.0
1,63,15,3,N3002,886.0
1,64,16,3,N3002,871.0
1,65,17,3,N3002,884.0
1,66,18,3,N3002,887.0
1,67,19,3,N3002,887.0
1,68,20,3,N3002,878.0
1,69,21,3,N3002,899.0
1,70,22,3,N3002,975.0
1,71,23,3,N3002,1000.0
1,72,24,3,N3002,951.0
1,73,1,4,N3002,878.0
1,74,2,4,N3002,832.0
1,75,3,4,N3002,811.0
1,76,4,4,N3002,805.0
1,77,5,4,N3002,791.0
1,78,6,4,N3002,783.0
1,79,7,4,N3002,800.0
1,80,8,4,N3002,857.0
1,81,9,4,N3002,873.0
1,82,10,4,N3002,884.0
1,83,11,4,N3002,918.0
1,84,12,4,N3002,933.0
1,85,13,4,N3002,916.0
1,86,14,4,N3002,917.0
1,87,15,4,N3002,907.0
1,88,16,4,N3002,905.0
1,89,17,4,N3002,918.0
1,90,18,4,N3002,899.0
1,91,19,4,N3002,909.0
1,92,20,4,N3002,909.0
1,93,21,4,N3002,921.0
1,94,22,4,N3002,977.0
1,95,23,4,N3002,993.0
1,96,24,4,N3002,928.0
1,97,1,5,N3002,854.0
1,98,2,5,N3002,819.0
1,99,3,5,N3002,821.0
1,100,4,5,N3002,805.0
1,101,5,5,N3002,794.0
1,102,6,5,N3002,768.0
1,103,7,5,N3002,807.0
1,104,8,5,N3002,896.0
1,105,9,5,N3002,878.0
1,106,10,5,N3002,912.0
1,107,11,5,N3002,926.0
1,108,12,5,N3002,934.0
1,109,13,5,N3002,920.0
1,110,14,5,N3002,989.0
1,111,15,5,N3002,941.0
1,112,16,5,N3002,932.0
1,113,17,5,N3002,926.0
1,114,18,5,N3002,936.0
1,115,19,5,N3002,920.0
1,116,20,5,N3002,913.0
1,117,21,5,N3002,920.0
1,118,22,5,N3002,972.0
1,119,23,5,N3002,1008.0
1,120,24,5,N3002,955.0
1,121,1,6,N3002,880.0
1,122,2,6,N3002,846.0
1,123,3,6,N3002,821.0
1,124,4,6,N3002,808.0
1,125,5,6,N3002,814.0
1,126,6,6,N3002,783.0
1,127,7,6,N3002,786.0
1,128,8,6,N3002,835.0
1,129,9,6,N3002,837.0
1,130,10,6,N3002,881.0
1,131,11,6,N3002,915.0
1,132,12,6,N3002,922.0
1,133,13,6,N3002,917.0
1,134,14,6,N3002,896.0
1,135,15,6,N3002,903.0
1,136,16,6,N3002,895.0
1,137,17,6,N3002,894.0
1,138,18,6,N3002,890.0
1,139,19,6,N3002,898.0
1,140,20,6,N3002,918.0
1,141,21,6,N3002,903.0
1,142,22,6,N3002,932.0
1,143,23,6,N3002,973.0
1,144,24,6,N3002,925.0
1,145,1,7,N3002,869.0
1,146,2,7,N3002,822.0
1,147,3,7,N3002,787.0
1,148,4,7,N3002,770.0
1,149,5,7,N3002,773.0
1,150,6,7,N3002,751.0
1,151,7,7,N3002,755.0
1,152,8,7,N3002,749.0
1,153,9,7,N3002,785.0
1,154,10,7,N3002,839.0
1,155,11,7,N3002,885.0
1,156,12,7,N3002,887.0
1,157,13,7,N3002,889.0
1,158,14,7,N3002,885.0
1,159,15,7,N3002,875.0
1,160,16,7,N3002,870.0
1,161,17,7,N3002,879.0
1,162,18,7,N3002,895.0
1,163,19,7,N3002,875.0
1,164,20,7,N3002,875.0
1,165,21,7,N3002,890.0
1,166,22,7,N3002,941.0
1,167,23,7,N3002,966.0
1,168,24,7,N3002,906.0
2,1,1,1,N3002,1053.0
2,2,2,1,N3002,1023.0
2,3,3,1,N3002,1022.0
2,4,4,1,N3002,1007.0
2,5,5,1,N3002,1012.0
2,6,6,1,N3002,1018.0
2,7,7,1,N3002,1052.0
2,8,8,1,N3002,1111.0
2,9,9,1,N3002,1150.0
2,10,10,1,N3002,1174.0
2,11,11,1,N3002,1166.0
2,12,12,1,N3002,1176.0
2,13,13,1,N3002,1177.0
2,14,14,1,N3002,1142.0
2,15,15,1,N3002,1161.0
2,16,16,1,N3002,1141.0
2,17,17,1,N3002,1156.0
2,18,18,1,N3002,1219.0
2,19,19,1,N3002,1274.0
2,20,20,1,N3002,1258.0
2,21,21,1,N3002,1227.0
2,22,22,1,N3002,1219.0
2,23,23,1,N3002,1181.0
2,24,24,1,N3002,1127.0
2,25,1,2,N3002,1095.0
2,26,2,2,N3002,1083.0
2,27,3,2,N3002,1055.0
2,28,4,2,N3002,1055.0
2,29,5,2,N3002,1050.0
2,30,6,2,N3002,1051.0
2,31,7,2,N3002,1077.0
2,32,8,2,N3002,1131.0
2,33,9,2,N3002,1172.0
2,34,10,2,N3002,1205.0
2,35,11,2,N3002,1209.0
2,36,12,2,N3002,1205.0
2,37,13,2,N3002,1191.0
2,38,14,2,N3002,1192.0
2,39,15,2,N3002,1171.0
2,40,16,2,N3002,1169.0
2,41,17,2,N3002,1176.0
2,42,18,2,N3002,1231.0
2,43,19,2,N3002,1272.0
2,44,20,2,N3002,1268.0
2,45,21,2,N3002,1236.0
2,46,22,2,N3002,1216.0
2,47,23,2,N3002,1167.0
2,48,24,2,N3002,1131.0
2,49,1,3,N3002,1093.0
2,50,2,3,N3002,1067.0
2,51,3,3,N3002,1049.0
2,52,4,3,N3002,1037.0
2,53,5,3,N3002,1027.0
2,54,6,3,N3002,1037.0
2,55,7,3,N3002,1062.0
2,56,8,3,N3002,1092.0
2,57,9,3,N3002,1138.0
2,58,10,3,N3002,1164.0
2,59,11,3,N3002,1180.0
2,60,12,3,N3002,1165.0
2,61,13,3,N3002,1161.0
2,62,14,3,N3002,1143.0
2,63,15,3,N3002,1137.0
2,64,16,3,N3002,1135.0
2,65,17,3,N3002,1153.0
2,66,18,3,N3002,1214.0
2,67,19,3,N3002,1248.0
2,68,20,3,N3002,1262.0
2,69,21,3,N3002,1221.0
2,70,22,3,N3002,1209.0
2,71,23,3,N3002,1172.0
2,72,24,3,N3002,1115.0
2,73,1,4,N3002,1086.0
2,74,2,4,N3002,1046.0
2,75,3,4,N3002,1027.0
2,76,4,4,N3002,1016.0
2,77,5,4,N3002,1023.0
2,78,6,4,N3002,1036.0
2,79,7,4,N3002,1055.0
2,80,8,4,N3002,1148.0
2,81,9,4,N3002,1146.0
2,82,10,4,N3002,1171.0
2,83,11,4,N3002,1164.0
2,84,12,4,N3002,1146.0
2,85,13,4,N3002,1135.0
2,86,14,4,N3002,1123.0
2,87,15,4,N3002,1120.0
2,88,16,4,N3002,1107.0
2,89,17,4,N3002,1109.0
2,90,18,4,N3002,1209.0
2,91,19,4,N3002,1264.0
2,92,20,4,N3002,1248.0
2,93,21,4,N3002,1228.0
2,94,22,4,N3002,1206.0
2,95,23,4,N3002,1181.0
2,96,24,4,N3002,1145.0
2,97,1,5,N3002,1111.0
2,98,2,5,N3002,1104.0
2,99,3,5,N3002,1064.0
2,100,4,5,N3002,1045.0
2,101,5,5,N3002,1033.0
2,102,6,5,N3002,1042.0
2,103,7,5,N3002,1075.0
2,104,8,5,N3002,1115.0
2,105,9,5,N3002,1173.0
2,106,10,5,N3002,1193.0
2,107,11,5,N3002,1191.0
2,108,12,5,N3002,1174.0
2,109,13,5,N3002,1157.0
2,110,14,5,N3002,1144.0
2,111,15,5,N3002,1138.0
2,112,16,5,N3002,1118.0
2,113,17,5,N3002,1134.0
2,114,18,5,N3002,1199.0
2,115,19,5,N3002,1244.0
2,116,20,5,N3002,1239.0
2,117,21,5,N3002,1217.0
2,118,22,5,N3002,1201.0
2,119,23,5,N3002,1166.0
2,120,24,5,N3002,1136.0
2,121,1,6,N3002,1102.0
2,122,2,6,N3002,1063.0
2,123,3,6,N3002,1038.0
2,124,4,6,N3002,1037.0
2,125,5,6,N3002,1035.0
2,126,6,6,N3002,1042.0
2,127,7,6,N3002,1073.0
2,128,8,6,N3002,1092.0
2,129,9,6,N3002,1115.0
2,130,10,6,N3002,1160.0
2,131,11,6,N3002,1157.0
2,132,12,6,N3002,1170.0
2,133,13,6,N3002,1139.0
2,134,14,6,N3002,1132.0
2,135,15,6,N3002,1119.0
2,136,16,6,N3002,1115.0
2,137,17,6,N3002,1115.0
2,138,18,6,N3002,1175.0
2,139,19,6,N3002,1215.0
2,140,20,6,N3002,1220.0
2,141,21,6,N3002,1204.0
2,142,22,6,N3002,1184.0
2,143,23,6,N3002,1169.0
2,144,24,6,N3002,1130.0
2,145,1,7,N3002,1088.0
2,146,2,7,N3002,1050.0
2,147,3,7,N3002,1024.0
2,148,4,7,N3002,1039.0
2,149,5,7,N3002,1023.0
2,150,6,7,N3002,1026.0
2,151,7,7,N3002,1035.0
2,152,8,7,N3002,1027.0
2,153,9,7,N3002,1044.0
2,154,10,7,N3002,1087.0
2,155,11,7,N3002,1105.0
2,156,12,7,N3002,1128.0
2,157,13,7,N3002,1112.0
2,158,14,7,N3002,1120.0
2,159,15,7,N3002,1100.0
2,160,16,7,N3002,1120.0
2,161,17,7,N3002,1126.0
2,162,18,7,N3002,1170.0
2,163,19,7,N3002,1230.0
2,164,20,7,N3002,1206.0
2,165,21,7,N3002,1200.0
2,166,22,7,N3002,1177.0
2,167,23,7,N3002,1174.0
2,168,24,7,N3002,1137.0
1,1,1,1,N4000,165.82763053277898
1,2,2,1,N4000,166.55335320469487
1,3,3,1,N4000,164.73904652490518
1,4,4,1,N4000,170.90768923619015
1,5,5,1,N4000,170.90768923619015
1,6,6,1,N4000,168.00479854852665
1,7,7,1,N4000,168.36765988448457
1,8,8,1,N4000,152.03889976637723
1,9,9,1,N4000,149.8617317506296
1,10,10,1,N4000,157.48181980574634
1,11,11,1,N4000,157.84468114170429
1,12,12,1,N4000,154.2160677821249
1,13,13,1,N4000,154.94179045404076
1,14,14,1,N4000,150.58745442254548
1,15,15,1,N4000,153.12748377425106
1,16,16,1,N4000,154.94179045404076
1,17,17,1,N4000,154.5789291180828
1,18,18,1,N4000,154.94179045404076
1,19,19,1,N4000,154.5789291180828
1,20,20,1,N4000,154.94179045404076
1,21,21,1,N4000,164.37618518894723
1,22,22,1,N4000,167.6419372125687
1,23,23,1,N4000,166.19049186873693
1,24,24,1,N4000,167.27907587661076
1,25,1,2,N4000,165.10190786086312
1,26,2,2,N4000,165.82763053277898
1,27,3,2,N4000,163.2876011810734
1,28,4,2,N4000,167.6419372125687
1,29,5,2,N4000,164.73904652490518
1,30,6,2,N4000,168.36765988448457
1,31,7,2,N4000,167.6419372125687
1,32,8,2,N4000,148.0474250708399
1,33,9,2,N4000,150.58745442254548
1,34,10,2,N4000,153.490345110209
1,35,11,2,N4000,150.95031575850342
1,36,12,2,N4000,152.40176110233517
1,37,13,2,N4000,154.5789291180828
1,38,14,2,N4000,152.40176110233517
1,39,15,2,N4000,149.49887041467164
1,40,16,2,N4000,150.95031575850342
1,41,17,2,N4000,154.5789291180828
1,42,18,2,N4000,152.40176110233517
1,43,19,2,N4000,152.03889976637723
1,44,20,2,N4000,151.31317709446137
1,45,21,2,N4000,150.22459308658753
1,46,22,2,N4000,166.19049186873693
1,47,23,2,N4000,164.37618518894723
1,48,24,2,N4000,166.91621454065282
1,49,1,3,N4000,164.37618518894723
1,50,2,3,N4000,162.92473984511545
1,51,3,3,N4000,164.37618518894723
1,52,4,3,N4000,165.46476919682104
1,53,5,3,N4000,164.73904652490518
1,54,6,3,N4000,163.65046251703134
1,55,7,3,N4000,151.67603843041928
1,56,8,3,N4000,151.31317709446137
1,57,9,3,N4000,142.60450503147078
1,58,10,3,N4000,141.153059687639
1,59,11,3,N4000,157.48181980574634
1,60,12,3,N4000,149.8617317506296
1,61,13,3,N4000,152.40176110233517
1,62,14,3,N4000,152.03889976637723
1,63,15,3,N4000,150.22459308658753
1,64,16,3,N4000,152.03889976637723
1,65,17,3,N4000,149.49887041467164
1,66,18,3,N4000,148.0474250708399
1,67,19,3,N4000,148.77314774275578
1,68,20,3,N4000,145.5073957191343
1,69,21,3,N4000,163.2876011810734
1,70,22,3,N4000,163.2876011810734
1,71,23,3,N4000,171.99627324406399
1,72,24,3,N4000,172.72199591597987
1,73,1,4,N4000,174.53630259576957
1,74,2,4,N4000,170.54482790023224
1,75,3,4,N4000,178.52777729130693
1,76,4,4,N4000,177.4391932834331
1,77,5,4,N4000,176.7134706115172
1,78,6,4,N4000,175.98774793960135
1,79,7,4,N4000,179.97922263513868
1,80,8,4,N4000,157.1189584697884
1,81,9,4,N4000,156.39323579787253
1,82,10,4,N4000,156.0303744619146
1,83,11,4,N4000,160.38471049340987
1,84,12,4,N4000,156.39323579787253
1,85,13,4,N4000,150.22459308658753
1,86,14,4,N4000,153.490345110209
1,87,15,4,N4000,156.0303744619146
1,88,16,4,N4000,156.75609713383048
1,89,17,4,N4000,159.29612648553606
1,90,18,4,N4000,155.66751312595665
1,91,19,4,N4000,154.94179045404076
1,92,20,4,N4000,155.66751312595665
1,93,21,4,N4000,168.00479854852665
1,94,22,4,N4000,165.10190786086312
1,95,23,4,N4000,169.4562438923584
1,96,24,4,N4000,171.2705505721481
1,97,1,5,N4000,168.00479854852665
1,98,2,5,N4000,168.00479854852665
1,99,3,5,N4000,173.08485725193782
1,100,4,5,N4000,178.164915955349
1,101,5,5,N4000,178.52777729130693
1,102,6,5,N4000,177.4391932834331
1,103,7,5,N4000,153.490345110209
1,104,8,5,N4000,153.12748377425106
1,105,9,5,N4000,148.41028640679784
1,106,10,5,N4000,152.03889976637723
1,107,11,5,N4000,156.39323579787253
1,108,12,5,N4000,157.48181980574634
1,109,13,5,N4000,154.2160677821249
1,110,14,5,N4000,155.66751312595665
1,111,15,5,N4000,154.94179045404076
1,112,16,5,N4000,157.84468114170429
1,113,17,5,N4000,153.12748377425106
1,114,18,5,N4000,155.66751312595665
1,115,19,5,N4000,156.0303744619146
1,116,20,5,N4000,153.85320644616695
1,117,21,5,N4000,170.1819665642743
1,118,22,5,N4000,171.2705505721481
1,119,23,5,N4000,172.35913458002193
1,120,24,5,N4000,176.7134706115172
1,121,1,6,N4000,176.7134706115172
1,122,2,6,N4000,177.4391932834331
1,123,3,6,N4000,178.52777729130693
1,124,4,6,N4000,175.26202526768546
1,125,5,6,N4000,172.72199591597987
1,126,6,6,N4000,194.85653740941427
1,127,7,6,N4000,152.03889976637723
1,128,8,6,N4000,149.1360090787137
1,129,9,6,N4000,152.40176110233517
1,130,10,6,N4000,148.41028640679784
1,131,11,6,N4000,147.321702398924
1,132,12,6,N4000,145.87025705509225
1,133,13,6,N4000,147.321702398924
1,134,14,6,N4000,149.49887041467164
1,135,15,6,N4000,148.77314774275578
1,136,16,6,N4000,148.0474250708399
1,137,17,6,N4000,149.49887041467164
1,138,18,6,N4000,151.31317709446137
1,139,19,6,N4000,153.12748377425106
1,140,20,6,N4000,149.8617317506296
1,141,21,6,N4000,160.7475718293678
1,142,22,6,N4000,158.93326514957812
1,143,23,6,N4000,161.83615583724165
1,144,24,6,N4000,164.73904652490518
1,145,1,7,N4000,162.5618785091575
1,146,2,7,N4000,161.83615583724165
1,147,3,7,N4000,156.0303744619146
1,148,4,7,N4000,165.46476919682104
1,149,5,7,N4000,162.5618785091575
1,150,6,7,N4000,160.38471049340987
1,151,7,7,N4000,161.4732945012837
1,152,8,7,N4000,144.05595037530253
1,153,9,7,N4000,147.321702398924
1,154,10,7,N4000,148.41028640679784
1,155,11,7,N4000,150.22459308658753
1,156,12,7,N4000,146.23311839105017
1,157,13,7,N4000,148.77314774275578
1,158,14,7,N4000,147.321702398924
1,159,15,7,N4000,148.41028640679784
1,160,16,7,N4000,150.95031575850342
1,161,17,7,N4000,146.23311839105017
1,162,18,7,N4000,146.23311839105017
1,163,19,7,N4000,146.95884106296606
1,164,20,7,N4000,149.49887041467164
1,165,21,7,N4000,152.40176110233517
1,166,22,7,N4000,150.95031575850342
1,167,23,7,N4000,159.658987821494
1,168,24,7,N4000,163.65046251703134
2,1,1,1,N4000,238.76275906032512
2,2,2,1,N4000,239.12562039628304
2,3,3,1,N4000,243.8428177637363
2,4,4,1,N4000,239.48848173224098
2,5,5,1,N4000,238.76275906032512
2,6,6,1,N4000,238.03703638840923
2,7,7,1,N4000,241.3027884120307
2,8,8,1,N4000,211.1852975275216
2,9,9,1,N4000,208.64526817581603
2,10,10,1,N4000,212.27388153539542
2,11,11,1,N4000,218.44252424668042
2,12,12,1,N4000,218.07966291072248
2,13,13,1,N4000,217.3539402388066
2,14,14,1,N4000,217.3539402388066
2,15,15,1,N4000,214.4510495511431
2,16,16,1,N4000,214.813910887101
2,17,17,1,N4000,214.813910887101
2,18,18,1,N4000,216.99107890284867
2,19,19,1,N4000,216.99107890284867
2,20,20,1,N4000,225.3368896298813
2,21,21,1,N4000,231.86839367712423
2,22,22,1,N4000,225.69975096583923
2,23,23,1,N4000,235.8598683726616
2,24,24,1,N4000,240.57706574011482
2,25,1,2,N4000,241.66564974798865
2,26,2,2,N4000,236.9484523805354
2,27,3,2,N4000,237.31131371649334
2,28,4,2,N4000,237.31131371649334
2,29,5,2,N4000,243.47995642777835
2,30,6,2,N4000,242.02851108394657
2,31,7,2,N4000,201.75090279261514
2,32,8,2,N4000,204.65379348027867
2,33,9,2,N4000,205.37951615219455
2,34,10,2,N4000,206.8309614960263
2,35,11,2,N4000,218.07966291072248
2,36,12,2,N4000,221.34541493434395
2,37,13,2,N4000,221.7082762703019
2,38,14,2,N4000,226.06261230179717
2,39,15,2,N4000,217.3539402388066
2,40,16,2,N4000,221.7082762703019
2,41,17,2,N4000,222.07113760625984
2,42,18,2,N4000,220.25683092647012
2,43,19,2,N4000,218.44252424668042
2,44,20,2,N4000,219.8939695905122
2,45,21,2,N4000,227.8769189815869
2,46,22,2,N4000,217.71680157476453
2,47,23,2,N4000,235.49700703670365
2,48,24,2,N4000,232.23125501308218
2,49,1,3,N4000,234.04556169287187
2,50,2,3,N4000,232.59411634904012
2,51,3,3,N4000,233.68270035691393
2,52,4,3,N4000,236.22272970861954
2,53,5,3,N4000,238.39989772436718
2,54,6,3,N4000,236.58559104457746
2,55,7,3,N4000,236.22272970861954
2,56,8,3,N4000,206.10523882411044
2,57,9,3,N4000,212.63674287135336
2,58,10,3,N4000,213.36246554326925
2,59,11,3,N4000,223.5225829500916
2,60,12,3,N4000,223.15972161413364
2,61,13,3,N4000,224.61116695796542
2,62,14,3,N4000,220.61969226242806
2,63,15,3,N4000,222.43399894221778
2,64,16,3,N4000,224.24830562200748
2,65,17,3,N4000,222.7968602781757
2,66,18,3,N4000,221.7082762703019
2,67,19,3,N4000,220.982553598386
2,68,20,3,N4000,230.77980966925043
2,69,21,3,N4000,235.49700703670365
2,70,22,3,N4000,230.41694833329248
2,71,23,3,N4000,241.66564974798865
2,72,24,3,N4000,241.66564974798865
2,73,1,4,N4000,246.38284711544188
2,74,2,4,N4000,243.1170950918204
2,75,3,4,N4000,246.74570845139982
2,76,4,4,N4000,247.47143112331568
2,77,5,4,N4000,244.20567909969424
2,78,6,4,N4000,243.47995642777835
2,79,7,4,N4000,207.91954550390014
2,80,8,4,N4000,208.28240683985808
2,81,9,4,N4000,220.982553598386
2,82,10,4,N4000,213.36246554326925
2,83,11,4,N4000,231.5055323411663
2,84,12,4,N4000,228.2397803175448
2,85,13,4,N4000,229.6912256613766
2,86,14,4,N4000,230.05408699733454
2,87,15,4,N4000,226.78833497371306
2,88,16,4,N4000,222.07113760625984
2,89,17,4,N4000,231.86839367712423
2,90,18,4,N4000,226.42547363775512
2,91,19,4,N4000,225.3368896298813
2,92,20,4,N4000,232.95697768499807
2,93,21,4,N4000,227.151196309671
2,94,22,4,N4000,226.06261230179717
2,95,23,4,N4000,235.49700703670365
2,96,24,4,N4000,238.39989772436718
2,97,1,5,N4000,234.77128436478776
2,98,2,5,N4000,234.77128436478776
2,99,3,5,N4000,239.12562039628304
2,100,4,5,N4000,238.76275906032512
2,101,5,5,N4000,233.319839020956
2,102,6,5,N4000,237.31131371649334
2,103,7,5,N4000,237.6741750524513
2,104,8,5,N4000,213.36246554326925
2,105,9,5,N4000,217.71680157476453
2,106,10,5,N4000,213.36246554326925
2,107,11,5,N4000,212.27388153539542
2,108,12,5,N4000,212.63674287135336
2,109,13,5,N4000,212.27388153539542
2,110,14,5,N4000,224.61116695796542
2,111,15,5,N4000,222.7968602781757
2,112,16,5,N4000,226.78833497371306
2,113,17,5,N4000,219.1682469185963
2,114,18,5,N4000,219.8939695905122
2,115,19,5,N4000,219.1682469185963
2,116,20,5,N4000,229.6912256613766
2,117,21,5,N4000,227.8769189815869
2,118,22,5,N4000,227.51405764562895
2,119,23,5,N4000,239.48848173224098
2,120,24,5,N4000,240.93992707607276
2,121,1,6,N4000,241.3027884120307
2,122,2,6,N4000,239.85134306819893
2,123,3,6,N4000,241.66564974798865
2,124,4,6,N4000,240.57706574011482
2,125,5,6,N4000,239.12562039628304
2,126,6,6,N4000,241.66564974798865
2,127,7,6,N4000,242.02851108394657
2,128,8,6,N4000,214.813910887101
2,129,9,6,N4000,216.26535623093278
2,130,10,6,N4000,217.71680157476453
2,131,11,6,N4000,224.97402829392337
2,132,12,6,N4000,227.151196309671
2,133,13,6,N4000,228.2397803175448
2,134,14,6,N4000,226.78833497371306
2,135,15,6,N4000,229.32836432541865
2,136,16,6,N4000,227.51405764562895
2,137,17,6,N4000,228.60264165350276
2,138,18,6,N4000,228.9655029894607
2,139,19,6,N4000,228.9655029894607
2,140,20,6,N4000,237.6741750524513
2,141,21,6,N4000,235.1341457007457
2,142,22,6,N4000,232.95697768499807
2,143,23,6,N4000,235.49700703670365
2,144,24,6,N4000,234.04556169287187
2,145,1,7,N4000,226.06261230179717
2,146,2,7,N4000,229.6912256613766
2,147,3,7,N4000,228.2397803175448
2,148,4,7,N4000,230.05408699733454
2,149,5,7,N4000,229.6912256613766
2,150,6,7,N4000,231.86839367712423
2,151,7,7,N4000,229.6912256613766
2,152,8,7,N4000,212.9996042073113
2,153,9,7,N4000,214.4510495511431
2,154,10,7,N4000,215.5396335590169
2,155,11,7,N4000,220.982553598386
2,156,12,7,N4000,222.07113760625984
2,157,13,7,N4000,216.62821756689073
2,158,14,7,N4000,219.8939695905122
2,159,15,7,N4000,218.80538558263837
2,160,16,7,N4000,215.90249489497484
2,161,17,7,N4000,214.08818821518514
2,162,18,7,N4000,213.36246554326925
2,163,19,7,N4000,219.1682469185963
2,164,20,7,N4000,222.07113760625984
2,165,21,7,N4000,218.44252424668042
2,166,22,7,N4000,216.99107890284867
2,167,23,7,N4000,242.3913724199045
2,168,24,7,N4000,250.3743218109792
1,1,1,1,N4001,291.172369467221
1,2,2,1,N4001,292.4466467953051
1,3,3,1,N4001,289.2609534750948
1,4,4,1,N4001,300.09231076380985
1,5,5,1,N4001,300.09231076380985
1,6,6,1,N4001,294.99520145147335
1,7,7,1,N4001,295.63234011551543
1,8,8,1,N4001,266.96110023362274
1,9,9,1,N4001,263.1382682493704
1,10,10,1,N4001,276.51818019425366
1,11,11,1,N4001,277.1553188582957
1,12,12,1,N4001,270.78393221787513
1,13,13,1,N4001,272.05820954595924
1,14,14,1,N4001,264.4125455774545
1,15,15,1,N4001,268.87251622574894
1,16,16,1,N4001,272.05820954595924
1,17,17,1,N4001,271.42107088191716
1,18,18,1,N4001,272.05820954595924
1,19,19,1,N4001,271.42107088191716
1,20,20,1,N4001,272.05820954595924
1,21,21,1,N4001,288.6238148110528
1,22,22,1,N4001,294.3580627874313
1,23,23,1,N4001,291.80950813126304
1,24,24,1,N4001,293.72092412338924
1,25,1,2,N4001,289.8980921391369
1,26,2,2,N4001,291.172369467221
1,27,3,2,N4001,286.7123988189266
1,28,4,2,N4001,294.3580627874313
1,29,5,2,N4001,289.2609534750948
1,30,6,2,N4001,295.63234011551543
1,31,7,2,N4001,294.3580627874313
1,32,8,2,N4001,259.9525749291601
1,33,9,2,N4001,264.4125455774545
1,34,10,2,N4001,269.509654889791
1,35,11,2,N4001,265.0496842414966
1,36,12,2,N4001,267.5982388976648
1,37,13,2,N4001,271.42107088191716
1,38,14,2,N4001,267.5982388976648
1,39,15,2,N4001,262.50112958532833
1,40,16,2,N4001,265.0496842414966
1,41,17,2,N4001,271.42107088191716
1,42,18,2,N4001,267.5982388976648
1,43,19,2,N4001,266.96110023362274
1,44,20,2,N4001,265.68682290553863
1,45,21,2,N4001,263.77540691341244
1,46,22,2,N4001,291.80950813126304
1,47,23,2,N4001,288.6238148110528
1,48,24,2,N4001,293.0837854593472
1,49,1,3,N4001,288.6238148110528
1,50,2,3,N4001,286.0752601548845
1,51,3,3,N4001,288.6238148110528
1,52,4,3,N4001,290.53523080317893
1,53,5,3,N4001,289.2609534750948
1,54,6,3,N4001,287.3495374829686
1,55,7,3,N4001,266.3239615695807
1,56,8,3,N4001,265.68682290553863
1,57,9,3,N4001,250.39549496852922
1,58,10,3,N4001,247.846940312361
1,59,11,3,N4001,276.51818019425366
1,60,12,3,N4001,263.1382682493704
1,61,13,3,N4001,267.5982388976648
1,62,14,3,N4001,266.96110023362274
1,63,15,3,N4001,263.77540691341244
1,64,16,3,N4001,266.96110023362274
1,65,17,3,N4001,262.50112958532833
1,66,18,3,N4001,259.9525749291601
1,67,19,3,N4001,261.2268522572442
1,68,20,3,N4001,255.4926042808657
1,69,21,3,N4001,286.7123988189266
1,70,22,3,N4001,286.7123988189266
1,71,23,3,N4001,302.003726755936
1,72,24,3,N4001,303.27800408402015
1,73,1,4,N4001,306.4636974042304
1,74,2,4,N4001,299.45517209976776
1,75,3,4,N4001,313.4722227086931
1,76,4,4,N4001,311.5608067165669
1,77,5,4,N4001,310.2865293884828
1,78,6,4,N4001,309.0122520603987
1,79,7,4,N4001,316.0207773648613
1,80,8,4,N4001,275.8810415302116
1,81,9,4,N4001,274.60676420212747
1,82,10,4,N4001,273.96962553808544
1,83,11,4,N4001,281.6152895065901
1,84,12,4,N4001,274.60676420212747
1,85,13,4,N4001,263.77540691341244
1,86,14,4,N4001,269.509654889791
1,87,15,4,N4001,273.96962553808544
1,88,16,4,N4001,275.24390286616955
1,89,17,4,N4001,279.70387351446396
1,90,18,4,N4001,273.33248687404335
1,91,19,4,N4001,272.05820954595924
1,92,20,4,N4001,273.33248687404335
1,93,21,4,N4001,294.99520145147335
1,94,22,4,N4001,289.8980921391369
1,95,23,4,N4001,297.5437561076416
1,96,24,4,N4001,300.7294494278519
1,97,1,5,N4001,294.99520145147335
1,98,2,5,N4001,294.99520145147335
1,99,3,5,N4001,303.9151427480622
1,100,4,5,N4001,312.835084044651
1,101,5,5,N4001,313.4722227086931
1,102,6,5,N4001,311.5608067165669
1,103,7,5,N4001,269.509654889791
1,104,8,5,N4001,268.87251622574894
1,105,9,5,N4001,260.5897135932022
1,106,10,5,N4001,266.96110023362274
1,107,11,5,N4001,274.60676420212747
1,108,12,5,N4001,276.51818019425366
1,109,13,5,N4001,270.78393221787513
1,110,14,5,N4001,273.33248687404335
1,111,15,5,N4001,272.05820954595924
1,112,16,5,N4001,277.1553188582957
1,113,17,5,N4001,268.87251622574894
1,114,18,5,N4001,273.33248687404335
1,115,19,5,N4001,273.96962553808544
1,116,20,5,N4001,270.14679355383305
1,117,21,5,N4001,298.81803343572574
1,118,22,5,N4001,300.7294494278519
1,119,23,5,N4001,302.64086541997807
1,120,24,5,N4001,310.2865293884828
1,121,1,6,N4001,310.2865293884828
1,122,2,6,N4001,311.5608067165669
1,123,3,6,N4001,313.4722227086931
1,124,4,6,N4001,307.73797473231457
1,125,5,6,N4001,303.27800408402015
1,126,6,6,N4001,342.1434625905857
1,127,7,6,N4001,266.96110023362274
1,128,8,6,N4001,261.8639909212863
1,129,9,6,N4001,267.5982388976648
1,130,10,6,N4001,260.5897135932022
1,131,11,6,N4001,258.678297601076
1,132,12,6,N4001,256.1297429449078
1,133,13,6,N4001,258.678297601076
1,134,14,6,N4001,262.50112958532833
1,135,15,6,N4001,261.2268522572442
1,136,16,6,N4001,259.9525749291601
1,137,17,6,N4001,262.50112958532833
1,138,18,6,N4001,265.68682290553863
1,139,19,6,N4001,268.87251622574894
1,140,20,6,N4001,263.1382682493704
1,141,21,6,N4001,282.2524281706322
1,142,22,6,N4001,279.0667348504219
1,143,23,6,N4001,284.1638441627584
1,144,24,6,N4001,289.2609534750948
1,145,1,7,N4001,285.4381214908425
1,146,2,7,N4001,284.1638441627584
1,147,3,7,N4001,273.96962553808544
1,148,4,7,N4001,290.53523080317893
1,149,5,7,N4001,285.4381214908425
1,150,6,7,N4001,281.6152895065901
1,151,7,7,N4001,283.5267054987163
1,152,8,7,N4001,252.94404962469747
1,153,9,7,N4001,258.678297601076
1,154,10,7,N4001,260.5897135932022
1,155,11,7,N4001,263.77540691341244
1,156,12,7,N4001,256.7668816089498
1,157,13,7,N4001,261.2268522572442
1,158,14,7,N4001,258.678297601076
1,159,15,7,N4001,260.5897135932022
1,160,16,7,N4001,265.0496842414966
1,161,17,7,N4001,256.7668816089498
1,162,18,7,N4001,256.7668816089498
1,163,19,7,N4001,258.0411589370339
1,164,20,7,N4001,262.50112958532833
1,165,21,7,N4001,267.5982388976648
1,166,22,7,N4001,265.0496842414966
1,167,23,7,N4001,280.341012178506
1,168,24,7,N4001,287.3495374829686
2,1,1,1,N4001,419.2372409396749
2,2,2,1,N4001,419.87437960371693
2,3,3,1,N4001,428.15718223626374
2,4,4,1,N4001,420.511518267759
2,5,5,1,N4001,419.2372409396749
2,6,6,1,N4001,417.9629636115908
2,7,7,1,N4001,423.6972115879693
2,8,8,1,N4001,370.8147024724784
2,9,9,1,N4001,366.354731824184
2,10,10,1,N4001,372.72611846460455
2,11,11,1,N4001,383.5574757533196
2,12,12,1,N4001,382.9203370892775
2,13,13,1,N4001,381.6460597611934
2,14,14,1,N4001,381.6460597611934
2,15,15,1,N4001,376.54895044885694
2,16,16,1,N4001,377.18608911289897
2,17,17,1,N4001,377.18608911289897
2,18,18,1,N4001,381.00892109715136
2,19,19,1,N4001,381.00892109715136
2,20,20,1,N4001,395.6631103701187
2,21,21,1,N4001,407.13160632287577
2,22,22,1,N4001,396.30024903416074
2,23,23,1,N4001,414.1401316273384
2,24,24,1,N4001,422.4229342598852
2,25,1,2,N4001,424.33435025201135
2,26,2,2,N4001,416.0515476194646
2,27,3,2,N4001,416.6886862835066
2,28,4,2,N4001,416.6886862835066
2,29,5,2,N4001,427.52004357222165
2,30,6,2,N4001,424.97148891605343
2,31,7,2,N4001,354.24909720738486
2,32,8,2,N4001,359.3462065197213
2,33,9,2,N4001,360.6204838478055
2,34,10,2,N4001,363.1690385039737
2,35,11,2,N4001,382.9203370892775
2,36,12,2,N4001,388.6545850656561
2,37,13,2,N4001,389.2917237296981
2,38,14,2,N4001,396.9373876982028
2,39,15,2,N4001,381.6460597611934
2,40,16,2,N4001,389.2917237296981
2,41,17,2,N4001,389.9288623937402
2,42,18,2,N4001,386.7431690735299
2,43,19,2,N4001,383.5574757533196
2,44,20,2,N4001,386.1060304094878
2,45,21,2,N4001,400.12308101841313
2,46,22,2,N4001,382.28319842523547
2,47,23,2,N4001,413.5029929632964
2,48,24,2,N4001,407.7687449869178
2,49,1,3,N4001,410.9544383071281
2,50,2,3,N4001,408.4058836509599
2,51,3,3,N4001,410.3172996430861
2,52,4,3,N4001,414.7772702913805
2,53,5,3,N4001,418.6001022756328
2,54,6,3,N4001,415.4144089554225
2,55,7,3,N4001,414.7772702913805
2,56,8,3,N4001,361.8947611758896
2,57,9,3,N4001,373.36325712864664
2,58,10,3,N4001,374.63753445673075
2,59,11,3,N4001,392.4774170499084
2,60,12,3,N4001,391.8402783858663
2,61,13,3,N4001,394.3888330420346
2,62,14,3,N4001,387.3803077375719
2,63,15,3,N4001,390.5660010577822
2,64,16,3,N4001,393.7516943779925
2,65,17,3,N4001,391.2031397218243
2,66,18,3,N4001,389.2917237296981
2,67,19,3,N4001,388.017446401614
2,68,20,3,N4001,405.2201903307496
2,69,21,3,N4001,413.5029929632964
2,70,22,3,N4001,404.58305166670755
2,71,23,3,N4001,424.33435025201135
2,72,24,3,N4001,424.33435025201135
2,73,1,4,N4001,432.61715288455815
2,74,2,4,N4001,426.88290490817957
2,75,3,4,N4001,433.2542915486002
2,76,4,4,N4001,434.5285688766843
2,77,5,4,N4001,428.79432090030576
2,78,6,4,N4001,427.52004357222165
2,79,7,4,N4001,365.0804544960999
2,80,8,4,N4001,365.7175931601419
2,81,9,4,N4001,388.017446401614
2,82,10,4,N4001,374.63753445673075
2,83,11,4,N4001,406.4944676588337
2,84,12,4,N4001,400.76021968245516
2,85,13,4,N4001,403.30877433862344
2,86,14,4,N4001,403.94591300266546
2,87,15,4,N4001,398.21166502628694
2,88,16,4,N4001,389.9288623937402
2,89,17,4,N4001,407.13160632287577
2,90,18,4,N4001,397.57452636224485
2,91,19,4,N4001,395.6631103701187
2,92,20,4,N4001,409.04302231500196
2,93,21,4,N4001,398.848803690329
2,94,22,4,N4001,396.9373876982028
2,95,23,4,N4001,413.5029929632964
2,96,24,4,N4001,418.6001022756328
2,97,1,5,N4001,412.2287156352122
2,98,2,5,N4001,412.2287156352122
2,99,3,5,N4001,419.87437960371693
2,100,4,5,N4001,419.2372409396749
2,101,5,5,N4001,409.680160979044
2,102,6,5,N4001,416.6886862835066
2,103,7,5,N4001,417.3258249475487
2,104,8,5,N4001,374.63753445673075
2,105,9,5,N4001,382.28319842523547
2,106,10,5,N4001,374.63753445673075
2,107,11,5,N4001,372.72611846460455
2,108,12,5,N4001,373.36325712864664
2,109,13,5,N4001,372.72611846460455
2,110,14,5,N4001,394.3888330420346
2,111,15,5,N4001,391.2031397218243
2,112,16,5,N4001,398.21166502628694
2,113,17,5,N4001,384.8317530814037
2,114,18,5,N4001,386.1060304094878
2,115,19,5,N4001,384.8317530814037
2,116,20,5,N4001,403.30877433862344
2,117,21,5,N4001,400.12308101841313
2,118,22,5,N4001,399.48594235437105
2,119,23,5,N4001,420.511518267759
2,120,24,5,N4001,423.06007292392724
2,121,1,6,N4001,423.6972115879693
2,122,2,6,N4001,421.14865693180104
2,123,3,6,N4001,424.33435025201135
2,124,4,6,N4001,422.4229342598852
2,125,5,6,N4001,419.87437960371693
2,126,6,6,N4001,424.33435025201135
2,127,7,6,N4001,424.97148891605343
2,128,8,6,N4001,377.18608911289897
2,129,9,6,N4001,379.73464376906725
2,130,10,6,N4001,382.28319842523547
2,131,11,6,N4001,395.02597170607663
2,132,12,6,N4001,398.848803690329
2,133,13,6,N4001,400.76021968245516
2,134,14,6,N4001,398.21166502628694
2,135,15,6,N4001,402.67163567458135
2,136,16,6,N4001,399.48594235437105
2,137,17,6,N4001,401.39735834649724
2,138,18,6,N4001,402.03449701053927
2,139,19,6,N4001,402.03449701053927
2,140,20,6,N4001,417.3258249475487
2,141,21,6,N4001,412.8658542992543
2,142,22,6,N4001,409.04302231500196
2,143,23,6,N4001,413.5029929632964
2,144,24,6,N4001,410.9544383071281
2,145,1,7,N4001,396.9373876982028
2,146,2,7,N4001,403.30877433862344
2,147,3,7,N4001,400.76021968245516
2,148,4,7,N4001,403.94591300266546
2,149,5,7,N4001,403.30877433862344
2,150,6,7,N4001,407.13160632287577
2,151,7,7,N4001,403.30877433862344
2,152,8,7,N4001,374.00039579268866
2,153,9,7,N4001,376.54895044885694
2,154,10,7,N4001,378.4603664409831
2,155,11,7,N4001,388.017446401614
2,156,12,7,N4001,389.9288623937402
2,157,13,7,N4001,380.3717824331093
2,158,14,7,N4001,386.1060304094878
2,159,15,7,N4001,384.19461441736166
2,160,16,7,N4001,379.09750510502516
2,161,17,7,N4001,375.91181178481486
2,162,18,7,N4001,374.63753445673075
2,163,19,7,N4001,384.8317530814037
2,164,20,7,N4001,389.9288623937402
2,165,21,7,N4001,383.5574757533196
2,166,22,7,N4001,381.00892109715136
2,167,23,7,N4001,425.60862758009546
2,168,24,7,N4001,439.6256781890208
1,1,1,1,N4003,217.48581484327065
1,2,2,1,N4003,243.87202627596056
1,3,3,1,N4003,261.8089279852606
1,4,4,1,N4003,289.2691633801612
1,5,5,1,N4003,295.25544267242356
1,6,6,1,N4003,290.5951563828436
1,7,7,1,N4003,293.86364116727987
1,8,8,1,N4003,247.47734491012437
1,9,9,1,N4003,234.35682322564386
1,10,10,1,N4003,237.7760661462628
1,11,11,1,N4003,219.4939454785545
1,12,12,1,N4003,195.25290210959346
1,13,13,1,N4003,184.0200742003819
1,14,14,1,N4003,170.5707644769921
1,15,15,1,N4003,176.49953555100828
1,16,16,1,N4003,183.3899395380385
1,17,17,1,N4003,180.3104951523053
1,18,18,1,N4003,180.05022582761848
1,19,19,1,N4003,185.09951858611515
1,20,20,1,N4003,186.2885589848182
1,21,21,1,N4003,214.74608416795746
1,22,22,1,N4003,228.47209413553304
1,23,23,1,N4003,229.07207717063991
1,24,24,1,N4003,223.43923229653524
1,25,1,2,N4003,218.52024407330012
1,26,2,2,N4003,244.59750414792072
1,27,3,2,N4003,260.2438159493727
1,28,4,2,N4003,282.5715295731117
1,29,5,2,N4003,280.48196809272144
1,30,6,2,N4003,293.7793706352405
1,31,7,2,N4003,294.019115758461
1,32,8,2,N4003,238.65038262760405
1,33,9,2,N4003,238.62007154638408
1,34,10,2,N4003,229.26204684142505
1,35,11,2,N4003,203.22421329405063
1,36,12,2,N4003,193.16359113161067
1,37,13,2,N4003,186.09841124615764
1,38,14,2,N4003,178.667462972989
1,39,15,2,N4003,169.6098055536904
1,40,16,2,N4003,175.47625982304083
1,41,17,2,N4003,183.4231601267554
1,42,18,2,N4003,176.17885728052175
1,43,19,2,N4003,181.15151094244314
1,44,20,2,N4003,179.33815636937817
1,45,21,2,N4003,178.76454691953373
1,46,22,2,N4003,227.43068259290982
1,47,23,2,N4003,226.97238798166254
1,48,24,2,N4003,225.44891348496225
1,49,1,3,N4003,218.96321675849327
1,50,2,3,N4003,238.79174480754963
1,51,3,3,N4003,265.20410710692045
1,52,4,3,N4003,278.4251294742159
1,53,5,3,N4003,282.2745097446561
1,54,6,3,N4003,282.53784821132274
1,55,7,3,N4003,251.75445547170006
1,56,8,3,N4003,249.39986214591391
1,57,9,3,N4003,218.44217824528505
1,58,10,3,N4003,197.26347197736072
1,59,11,3,N4003,223.4223102641534
1,60,12,3,N4003,188.50694246289567
1,61,13,3,N4003,182.5767334440279
1,62,14,3,N4003,180.1605676943424
1,63,15,3,N4003,174.1138364880531
1,64,16,3,N4003,180.9610092050342
1,65,17,3,N4003,171.929119216355
1,66,18,3,N4003,166.6976707383676
1,67,19,3,N4003,174.60862343270713
1,68,20,3,N4003,165.79334070440524
1,69,21,3,N4003,217.1946652364807
1,70,22,3,N4003,221.81259702893345
1,71,23,3,N4003,250.3073839735875
1,72,24,3,N4003,243.87196189937376
1,73,1,4,N4003,241.71725436081528
1,74,2,4,N4003,255.0799017068728
1,75,3,4,N4003,299.99463977913354
1,76,4,4,N4003,307.44476758131844
1,77,5,4,N4003,311.42526240787004
1,78,6,4,N4003,312.7617489953145
1,79,7,4,N4003,326.028041771692
1,80,8,4,N4003,261.64308507501687
1,81,9,4,N4003,252.52944386027661
1,82,10,4,N4003,233.96567484335145
1,83,11,4,N4003,226.7021862441432
1,84,12,4,N4003,201.47490381466258
1,85,13,4,N4003,171.25486261912752
1,86,14,4,N4003,178.80695334533087
1,87,15,4,N4003,184.7367595342637
1,88,16,4,N4003,188.62533684791157
1,89,17,4,N4003,193.54790180289893
1,90,18,4,N4003,182.28885026046703
1,91,19,4,N4003,186.33229766414019
1,92,20,4,N4003,188.521155395505
1,93,21,4,N4003,224.9763059032472
1,94,22,4,N4003,221.69774918736687
1,95,23,4,N4003,238.29328731724334
1,96,24,4,N4003,234.66878425158475
1,97,1,5,N4003,225.54305499922285
1,98,2,5,N4003,249.71980788406916
1,99,3,5,N4003,286.45969948635354
1,100,4,5,N4003,310.83008961267
1,101,5,5,N4003,317.76495143194757
1,102,6,5,N4003,318.07597960480757
1,103,7,5,N4003,254.3249798731654
1,104,8,5,N4003,251.9505908202801
1,105,9,5,N4003,231.89122886682367
1,106,10,5,N4003,224.46147678705077
1,107,11,5,N4003,217.34497450600952
1,108,12,5,N4003,206.2262505990967
1,109,13,5,N4003,184.10708236700953
1,110,14,5,N4003,186.67022108444763
1,111,15,5,N4003,183.60819317994532
1,112,16,5,N4003,193.4823600702435
1,113,17,5,N4003,178.42077649091553
1,114,18,5,N4003,184.17133189738342
1,115,19,5,N4003,191.1686659463375
1,116,20,5,N4003,185.35608263536736
1,117,21,5,N4003,232.79249959275495
1,118,22,5,N4003,240.47791681850035
1,119,23,5,N4003,248.03838958489254
1,120,24,5,N4003,251.47969411919763
1,121,1,6,N4003,247.63463663687477
1,122,2,6,N4003,268.9218137275001
1,123,3,6,N4003,292.4862873141934
1,124,4,6,N4003,295.2374150780181
1,125,5,6,N4003,295.1348161567848
1,126,6,6,N4003,360.6053538930224
1,127,7,6,N4003,247.5868102276873
1,128,8,6,N4003,238.56497303083296
1,129,9,6,N4003,243.60535389302245
1,130,10,6,N4003,222.38698192447922
1,131,11,6,N4003,206.35855766458658
1,132,12,6,N4003,192.52337464486374
1,133,13,6,N4003,177.87484580227235
1,134,14,6,N4003,177.61609297153962
1,135,15,6,N4003,182.89668299912665
1,136,16,6,N4003,180.1303051014859
1,137,17,6,N4003,182.853008605418
1,138,18,6,N4003,189.1303051014859
1,139,19,6,N4003,189.65976736524823
1,140,20,6,N4003,177.59425577468525
1,141,21,6,N4003,210.53203771564145
1,142,22,6,N4003,204.63793016839395
1,143,23,6,N4003,218.38576440069951
1,144,24,6,N4003,219.61609297153962
1,145,1,7,N4003,205.67853114600803
1,146,2,7,N4003,223.20390030126566
1,147,3,7,N4003,228.02234026150725
1,148,4,7,N4003,265.9185916673596
1,149,5,7,N4003,264.9011740142729
1,150,6,7,N4003,263.42692183171675
1,151,7,7,N4003,271.4698979711541
1,152,8,7,N4003,222.43544132716696
1,153,9,7,N4003,227.42692183171673
1,154,10,7,N4003,220.0823553918451
1,155,11,7,N4003,211.89303318100883
1,156,12,7,N4003,190.93638798263243
1,157,13,7,N4003,179.0575542298668
1,158,14,7,N4003,168.72150728544545
1,159,15,7,N4003,179.09201087385392
1,160,16,7,N4003,185.31616839086357
1,161,17,7,N4003,171.0230975858796
1,162,18,7,N4003,172.31616839086357
1,163,19,7,N4003,169.79042057341974
1,164,20,7,N4003,173.68705064145826
1,165,21,7,N4003,184.66111349292137
1,166,22,7,N4003,179.75596392943262
1,167,23,7,N4003,209.57478255186038
1,168,24,7,N4003,213.72150728544545
2,1,1,1,N4003,369.69337826464863
2,2,2,1,N4003,391.195919315792
2,3,3,1,N4003,420.0563756006389
2,4,4,1,N4003,416.4010755971959
2,5,5,1,N4003,420.64578486614255
2,6,6,1,N4003,420.414198110446
2,7,7,1,N4003,429.19314645490806
2,8,8,1,N4003,343.20894910514596
2,9,9,1,N4003,321.67480275352676
2,10,10,1,N4003,305.6459703139349
2,11,11,1,N4003,306.95130277074156
2,12,12,1,N4003,306.0065656846261
2,13,13,1,N4003,304.11709151239506
2,14,14,1,N4003,308.2065471398468
2,15,15,1,N4003,307.28020011706076
2,16,16,1,N4003,312.424918658397
2,17,17,1,N4003,311.5959749501298
2,18,18,1,N4003,317.37492329459184
2,19,19,1,N4003,312.9538901838331
2,20,20,1,N4003,311.4171564191224
2,21,21,1,N4003,320.57509019760494
2,22,22,1,N4003,306.4487617195981
2,23,23,1,N4003,338.98032065812583
2,24,24,1,N4003,361.2092272768346
2,25,1,2,N4003,366.7818576775243
2,26,2,2,N4003,375.06035696861846
2,27,3,2,N4003,392.521082835314
2,28,4,2,N4003,401.18160411012593
2,29,5,2,N4003,424.66265645485277
2,30,6,2,N4003,422.4979987117665
2,31,7,2,N4003,311.26858092965233
2,32,8,2,N4003,316.1714408711103
2,33,9,2,N4003,303.0872216971001
2,34,10,2,N4003,280.07327785315033
2,35,11,2,N4003,294.78461532304044
2,36,12,2,N4003,303.841969768569
2,37,13,2,N4003,304.95667865962616
2,38,14,2,N4003,321.2009076287393
2,39,15,2,N4003,304.5422766563944
2,40,16,2,N4003,320.8438600710361
2,41,17,2,N4003,320.98354338810776
2,42,18,2,N4003,315.7541256059935
2,43,19,2,N4003,306.16576996370907
2,44,20,2,N4003,284.7003961490303
2,45,21,2,N4003,297.5236848644613
2,46,22,2,N4003,272.50611603194625
2,47,23,2,N4003,326.20918056528785
2,48,24,2,N4003,326.78737296855667
2,49,1,3,N4003,353.37142644145746
2,50,2,3,N4003,370.11020366787477
2,51,3,3,N4003,389.15340869208444
2,52,4,3,N4003,404.59425872224347
2,53,5,3,N4003,416.91092132759434
2,54,6,3,N4003,413.69971073795915
2,55,7,3,N4003,412.47611206166357
2,56,8,3,N4003,326.45752993167287
2,57,9,3,N4003,329.75591696523685
2,58,10,3,N4003,305.4271728314294
2,59,11,3,N4003,317.5516668144415
2,60,12,3,N4003,316.60756648351537
2,61,13,3,N4003,320.7193658216632
2,62,14,3,N4003,313.85594133313185
2,63,15,3,N4003,326.0110989745912
2,64,16,3,N4003,335.2035741551338
2,65,17,3,N4003,330.3650791190253
2,66,18,3,N4003,327.1414804427297
2,67,19,3,N4003,320.66950691681757
2,68,20,3,N4003,322.8500538480055
2,69,21,3,N4003,326.90610679618123
2,70,22,3,N4003,315.8128895880241
2,71,23,3,N4003,351.39666245208406
2,72,24,3,N4003,360.7319071874255
2,73,1,4,N4003,380.21831850100926
2,74,2,4,N4003,392.46577946250545
2,75,3,4,N4003,418.902494545927
2,76,4,4,N4003,429.55038296960873
2,77,5,4,N4003,427.0219815913043
2,78,6,4,N4003,426.85464668771374
2,79,7,4,N4003,328.62556355066255
2,80,8,4,N4003,326.5329412004718
2,81,9,4,N4003,346.4707249393572
2,82,10,4,N4003,298.49618555158173
2,83,11,4,N4003,332.23128282094854
2,84,12,4,N4003,323.28855360521135
2,85,13,4,N4003,327.4030951737369
2,86,14,4,N4003,332.6411332091836
2,87,15,4,N4003,330.97179359482107
2,88,16,4,N4003,322.26710241453054
2,89,17,4,N4003,348.40804065058865
2,90,18,4,N4003,333.1789575135375
2,91,19,4,N4003,325.59729477251403
2,92,20,4,N4003,321.169066559834
2,93,21,4,N4003,296.0057410777871
2,94,22,4,N4003,295.98382185945235
2,95,23,4,N4003,326.6800261690014
2,96,24,4,N4003,344.2442471408878
2,97,1,5,N4003,348.02433591279373
2,98,2,5,N4003,369.2855916874446
2,99,3,5,N4003,397.73297823009904
2,100,4,5,N4003,405.386481254283
2,101,5,5,N4003,396.8622815306592
2,102,6,5,N4003,409.69613647618166
2,103,7,5,N4003,410.4669046079913
2,104,8,5,N4003,340.3722743874222
2,105,9,5,N4003,337.3002790539096
2,106,10,5,N4003,298.3082265745011
2,107,11,5,N4003,279.0327639329894
2,108,12,5,N4003,280.090071900037
2,109,13,5,N4003,279.20468783413213
2,110,14,5,N4003,317.4454773956528
2,111,15,5,N4003,319.78089717774253
2,112,16,5,N4003,335.07899470631077
2,113,17,5,N4003,313.21937520059714
2,114,18,5,N4003,314.99014333240683
2,115,19,5,N4003,308.4055059686007
2,116,20,5,N4003,311.9607685994768
2,117,21,5,N4003,297.79149387186453
2,118,22,5,N4003,299.7715081583385
2,119,23,5,N4003,337.4707614562398
2,120,24,5,N4003,351.0411919531851
2,121,1,6,N4003,349.96288080086
2,122,2,6,N4003,363.9777633259526
2,123,3,6,N4003,384.7593959512403
2,124,4,6,N4003,394.11671206349394
2,125,5,6,N4003,390.7122453701085
2,126,6,6,N4003,407.6874282559036
2,127,7,6,N4003,408.24077827594266
2,128,8,6,N4003,331.45417835609874
2,129,9,6,N4003,322.50132893723054
2,130,10,6,N4003,316.5261460514355
2,131,11,6,N4003,321.935580039377
2,132,12,6,N4003,324.3623801996892
2,133,13,6,N4003,325.8735469331526
2,134,14,6,N4003,326.04228007945505
2,135,15,6,N4003,337.3598965524111
2,136,16,6,N4003,335.3375630854843
2,137,17,6,N4003,338.7842130654452
2,138,18,6,N4003,337.5509631656404
2,139,19,6,N4003,333.2333466926843
2,140,20,6,N4003,328.201097995221
2,141,21,6,N4003,313.45916500923084
2,142,22,6,N4003,309.84129823568935
2,143,23,6,N4003,320.26561474872346
2,144,24,6,N4003,325.9430309812112
2,145,1,7,N4003,312.9349155951045
2,146,2,7,N4003,340.665480440564
2,147,3,7,N4003,352.19804137956163
2,148,4,7,N4003,369.3603296619843
2,149,5,7,N4003,368.94646403704076
2,150,6,7,N4003,384.7642148192374
2,151,7,7,N4003,378.324614037945
2,152,8,7,N4003,330.56621091277543
2,153,9,7,N4003,321.8177882552963
2,154,10,7,N4003,315.0000374730997
2,155,11,7,N4003,315.6397452842151
2,156,12,7,N4003,315.12293903387604
2,157,13,7,N4003,298.65760309623477
2,158,14,7,N4003,311.76054372163037
2,159,15,7,N4003,313.0100179407901
2,160,16,7,N4003,307.9406898160727
2,161,17,7,N4003,303.380290597365
2,162,18,7,N4003,299.1822866909031
2,163,19,7,N4003,310.9328124717434
2,164,20,7,N4003,290.35876168773837
2,165,21,7,N4003,272.7390148120037
2,166,22,7,N4003,271.08355231222976
2,167,23,7,N4003,344.45382496880467
2,168,24,7,N4003,375.97850856347304
1,1,1,1,N4004,209.51418515672935
1,2,2,1,N4004,163.12797372403944
1,3,3,1,N4004,132.1910720147394
1,4,4,1,N4004,91.73083661983878
1,5,5,1,N4004,76.74455732757644
1,6,6,1,N4004,87.40484361715642
1,7,7,1,N4004,78.13635883272013
1,8,8,1,N4004,121.52265508987563
1,9,9,1,N4004,137.64317677435614
1,10,10,1,N4004,133.2239338537372
1,11,11,1,N4004,172.5060545214455
1,12,12,1,N4004,206.74709789040654
1,13,13,1,N4004,215.9799257996181
1,14,14,1,N4004,231.4292355230079
1,15,15,1,N4004,229.50046444899172
1,16,16,1,N4004,222.6100604619615
1,17,17,1,N4004,223.6895048476947
1,18,18,1,N4004,70.94977417238152
1,19,19,1,N4004,213.90048141388485
1,20,20,1,N4004,214.7114410151818
1,21,21,1,N4004,182.25391583204254
1,22,22,1,N4004,173.52790586446696
1,23,23,1,N4004,162.92792282936009
1,24,24,1,N4004,193.56076770346476
1,25,1,2,N4004,195.47975592669988
1,26,2,2,N4004,153.40249585207928
1,27,3,2,N4004,118.75618405062733
1,28,4,2,N4004,79.42847042688828
1,29,5,2,N4004,84.51803190727856
1,30,6,2,N4004,67.22062936475947
1,31,7,2,N4004,64.980884241539
1,32,8,2,N4004,120.34961737239595
1,33,9,2,N4004,118.37992845361592
1,34,10,2,N4004,133.73795315857495
1,35,11,2,N4004,172.77578670594937
1,36,12,2,N4004,190.83640886838933
1,37,13,2,N4004,209.90158875384236
1,38,14,2,N4004,220.332537027011
1,39,15,2,N4004,221.3901944463096
1,40,16,2,N4004,213.52374017695917
1,41,17,2,N4004,202.5768398732446
1,42,18,2,N4004,211.82114271947825
1,43,19,2,N4004,213.84848905755686
1,44,20,2,N4004,203.66184363062183
1,45,21,2,N4004,211.23545308046627
1,46,22,2,N4004,161.56931740709018
1,47,23,2,N4004,170.02761201833746
1,48,24,2,N4004,190.55108651503775
1,49,1,3,N4004,195.03678324150673
1,50,2,3,N4004,153.20825519245037
1,51,3,3,N4004,112.79589289307955
1,52,4,3,N4004,91.57487052578409
1,53,5,3,N4004,78.72549025534391
1,54,6,3,N4004,75.46215178867726
1,55,7,3,N4004,106.24554452829994
1,56,8,3,N4004,67.60013785408609
1,57,9,3,N4004,131.55782175471495
1,58,10,3,N4004,162.73652802263928
1,59,11,3,N4004,155.5776897358466
1,60,12,3,N4004,198.49305753710433
1,61,13,3,N4004,214.4232665559721
1,62,14,3,N4004,215.8394323056576
1,63,15,3,N4004,226.8861635119469
1,64,16,3,N4004,217.0389907949658
1,65,17,3,N4004,218.070880783645
1,66,18,3,N4004,152.3023292616324
1,67,19,3,N4004,222.39137656729287
1,68,20,3,N4004,222.20665929559476
1,69,21,3,N4004,170.8053347635193
1,70,22,3,N4004,171.18740297106655
1,71,23,3,N4004,142.6926160264125
1,72,24,3,N4004,173.12803810062624
1,73,1,4,N4004,170.28274563918472
1,74,2,4,N4004,137.9200982931272
1,75,3,4,N4004,72.00536022086646
1,76,4,4,N4004,52.555232418681555
1,77,5,4,N4004,39.574737592129964
1,78,6,4,N4004,38.23825100468548
1,79,7,4,N4004,24.971958228307983
1,80,8,4,N4004,91.35691492498313
1,81,9,4,N4004,89.47055613972339
1,82,10,4,N4004,124.03432515664855
1,83,11,4,N4004,151.2978137558568
1,84,12,4,N4004,186.52509618533742
1,85,13,4,N4004,221.74513738087248
1,86,14,4,N4004,226.19304665466913
1,87,15,4,N4004,221.2632404657363
1,88,16,4,N4004,213.37466315208843
1,89,17,4,N4004,207.45209819710107
1,90,18,4,N4004,226.71114973953297
1,91,19,4,N4004,230.66770233585981
1,92,20,4,N4004,223.478844604495
1,93,21,4,N4004,184.0236940967528
1,94,22,4,N4004,186.30225081263313
1,95,23,4,N4004,173.70671268275666
1,96,24,4,N4004,187.33121574841525
1,97,1,5,N4004,190.45694500077715
1,98,2,5,N4004,142.28019211593084
1,99,3,5,N4004,93.54030051364646
1,100,4,5,N4004,51.16991038732999
1,101,5,5,N4004,45.235048568052434
1,102,6,5,N4004,43.92402039519243
1,103,7,5,N4004,104.6750201268346
1,104,8,5,N4004,111.0494091797199
1,105,9,5,N4004,125.10877113317633
1,106,10,5,N4004,148.53852321294923
1,107,11,5,N4004,162.65502549399048
1,108,12,5,N4004,188.7737494009033
1,109,13,5,N4004,212.89291763299047
1,110,14,5,N4004,209.32977891555237
1,111,15,5,N4004,212.39180682005468
1,112,16,5,N4004,204.5176399297565
1,113,17,5,N4004,222.57922350908447
1,114,18,5,N4004,209.82866810261658
1,115,19,5,N4004,204.8313340536625
1,116,20,5,N4004,199.64391736463264
1,117,21,5,N4004,155.20750040724505
1,118,22,5,N4004,145.52208318149965
1,119,23,5,N4004,141.96161041510746
1,120,24,5,N4004,153.52030588080237
1,121,1,6,N4004,151.36536336312523
1,122,2,6,N4004,121.07818627249992
1,123,3,6,N4004,77.51371268580658
1,124,4,6,N4004,62.7625849219819
1,125,5,6,N4004,51.86518384321522
1,126,6,6,N4004,-3.605353893022425
1,127,7,6,N4004,102.4131897723127
1,128,8,6,N4004,111.43502696916704
1,129,9,6,N4004,107.39464610697755
1,130,10,6,N4004,127.61301807552078
1,131,11,6,N4004,161.64144233541342
1,132,12,6,N4004,186.47662535513626
1,133,13,6,N4004,207.12515419772765
1,134,14,6,N4004,206.38390702846038
1,135,15,6,N4004,201.10331700087335
1,136,16,6,N4004,201.8696948985141
1,137,17,6,N4004,208.146991394582
1,138,18,6,N4004,213.8696948985141
1,139,19,6,N4004,200.34023263475177
1,140,20,6,N4004,212.40574422531475
1,141,21,6,N4004,182.46796228435855
1,142,22,6,N4004,185.36206983160605
1,143,23,6,N4004,173.61423559930049
1,144,24,6,N4004,196.38390702846038
1,145,1,7,N4004,217.32146885399197
1,146,2,7,N4004,180.79609969873434
1,147,3,7,N4004,159.97765973849275
1,148,4,7,N4004,106.08140833264042
1,149,5,7,N4004,103.0988259857271
1,150,6,7,N4004,98.57307816828325
1,151,7,7,N4004,92.53010202884587
1,152,8,7,N4004,126.56455867283304
1,153,9,7,N4004,125.57307816828327
1,154,10,7,N4004,138.9176446081549
1,155,11,7,N4004,156.10696681899117
1,156,12,7,N4004,196.06361201736757
1,157,13,7,N4004,205.9424457701332
1,158,14,7,N4004,224.27849271455455
1,159,15,7,N4004,213.90798912614608
1,160,16,7,N4004,203.68383160913643
1,161,17,7,N4004,212.9769024141204
1,162,18,7,N4004,211.68383160913643
1,163,19,7,N4004,217.20957942658026
1,164,20,7,N4004,215.31294935854174
1,165,21,7,N4004,204.33888650707863
1,166,22,7,N4004,204.24403607056738
1,167,23,7,N4004,183.42521744813962
1,168,24,7,N4004,200.27849271455455
2,1,1,1,N4004,158.30662173535137
2,2,2,1,N4004,119.80408068420797
2,3,3,1,N4004,70.94362439936111
2,4,4,1,N4004,44.59892440280407
2,5,5,1,N4004,34.35421513385745
2,6,6,1,N4004,39.58580188955398
2,7,7,1,N4004,29.80685354509194
2,8,8,1,N4004,118.79105089485404
2,9,9,1,N4004,148.32519724647324
2,10,10,1,N4004,200.35402968606508
2,11,11,1,N4004,199.04869722925844
2,12,12,1,N4004,197.99343431537392
2,13,13,1,N4004,186.88290848760494
2,14,14,1,N4004,187.7934528601532
2,15,15,1,N4004,183.71979988293924
2,16,16,1,N4004,169.57508134160298
2,17,17,1,N4004,174.4040250498702
2,18,18,1,N4004,173.62507670540816
2,19,19,1,N4004,178.0461098161669
2,20,20,1,N4004,211.58284358087758
2,21,21,1,N4004,216.42490980239506
2,22,22,1,N4004,225.5512382804019
2,23,23,1,N4004,194.01967934187417
2,24,24,1,N4004,162.7907727231654
2,25,1,2,N4004,147.21814232247573
2,26,2,2,N4004,129.93964303138154
2,27,3,2,N4004,98.47891716468598
2,28,4,2,N4004,83.81839588987407
2,29,5,2,N4004,54.337343545147235
2,30,6,2,N4004,58.50200128823349
2,31,7,2,N4004,166.73141907034767
2,32,8,2,N4004,166.8285591288897
2,33,9,2,N4004,188.91277830289988
2,34,10,2,N4004,241.92672214684967
2,35,11,2,N4004,237.21538467695956
2,36,12,2,N4004,222.15803023143098
2,37,13,2,N4004,223.04332134037384
2,38,14,2,N4004,201.7990923712607
2,39,15,2,N4004,210.4577233436056
2,40,16,2,N4004,188.1561399289639
2,41,17,2,N4004,196.01645661189224
2,42,18,2,N4004,194.24587439400648
2,43,19,2,N4004,217.83423003629093
2,44,20,2,N4004,251.29960385096967
2,45,21,2,N4004,253.4763151355387
2,46,22,2,N4004,280.49388396805375
2,47,23,2,N4004,223.79081943471215
2,48,24,2,N4004,209.21262703144333
2,49,1,3,N4004,164.62857355854254
2,50,2,3,N4004,127.88979633212523
2,51,3,3,N4004,89.84659130791556
2,52,4,3,N4004,65.40574127775653
2,53,5,3,N4004,52.08907867240566
2,54,6,3,N4004,56.30028926204085
2,55,7,3,N4004,54.52388793833643
2,56,8,3,N4004,152.54247006832713
2,57,9,3,N4004,161.24408303476315
2,58,10,3,N4004,203.5728271685706
2,59,11,3,N4004,196.4483331855585
2,60,12,3,N4004,188.39243351648463
2,61,13,3,N4004,185.2806341783368
2,62,14,3,N4004,190.14405866686815
2,63,15,3,N4004,167.98890102540878
2,64,16,3,N4004,156.79642584486618
2,65,17,3,N4004,159.63492088097468
2,66,18,3,N4004,164.8585195572703
2,67,19,3,N4004,176.33049308318243
2,68,20,3,N4004,197.14994615199453
2,69,21,3,N4004,214.09389320381877
2,70,22,3,N4004,232.18711041197588
2,71,23,3,N4004,188.60333754791594
2,72,24,3,N4004,173.26809281257448
2,73,1,4,N4004,146.78168149899074
2,74,2,4,N4004,110.53422053749455
2,75,3,4,N4004,67.09750545407297
2,76,4,4,N4004,50.449617030391266
2,77,5,4,N4004,47.978018408695675
2,78,6,4,N4004,53.14535331228626
2,79,7,4,N4004,148.37443644933745
2,80,8,4,N4004,162.46705879952822
2,81,9,4,N4004,150.52927506064282
2,82,10,4,N4004,221.50381444841827
2,83,11,4,N4004,195.76871717905146
2,84,12,4,N4004,199.71144639478865
2,85,13,4,N4004,195.59690482626308
2,86,14,4,N4004,187.35886679081642
2,87,15,4,N4004,181.02820640517893
2,88,16,4,N4004,194.73289758546946
2,89,17,4,N4004,157.59195934941135
2,90,18,4,N4004,172.8210424864625
2,91,19,4,N4004,199.40270522748597
2,92,20,4,N4004,220.830933440166
2,93,21,4,N4004,255.9942589222129
2,94,22,4,N4004,257.01617814054765
2,95,23,4,N4004,218.3199738309986
2,96,24,4,N4004,191.7557528591122
2,97,1,5,N4004,180.97566408720627
2,98,2,5,N4004,134.7144083125554
2,99,3,5,N4004,85.26702176990096
2,100,4,5,N4004,73.61351874571699
2,101,5,5,N4004,83.13771846934083
2,102,6,5,N4004,60.303863523818336
2,103,7,5,N4004,63.533095392008704
2,104,8,5,N4004,147.62772561257782
2,105,9,5,N4004,152.6997209460904
2,106,10,5,N4004,218.69177342549892
2,107,11,5,N4004,245.96723606701062
2,108,12,5,N4004,239.909928099963
2,109,13,5,N4004,246.79531216586787
2,110,14,5,N4004,210.5545226043472
2,111,15,5,N4004,197.21910282225747
2,112,16,5,N4004,180.92100529368923
2,113,17,5,N4004,195.78062479940286
2,114,18,5,N4004,200.00985666759317
2,115,19,5,N4004,209.59449403139928
2,116,20,5,N4004,224.0392314005232
2,117,21,5,N4004,258.20850612813547
2,118,22,5,N4004,255.22849184166148
2,119,23,5,N4004,215.5292385437602
2,120,24,5,N4004,190.9588080468149
2,121,1,6,N4004,185.03711919914002
2,122,2,6,N4004,152.0222366740474
2,123,3,6,N4004,117.24060404875968
2,124,4,6,N4004,104.88328793650606
2,125,5,6,N4004,101.28775462989148
2,126,6,6,N4004,83.31257174409637
2,127,7,6,N4004,76.75922172405734
2,128,8,6,N4004,164.54582164390126
2,129,9,6,N4004,180.49867106276946
2,130,10,6,N4004,210.4738539485645
2,131,11,6,N4004,214.064419960623
2,132,12,6,N4004,215.6376198003108
2,133,13,6,N4004,190.12645306684738
2,134,14,6,N4004,207.95771992054495
2,135,15,6,N4004,189.6401034475889
2,136,16,6,N4004,187.6624369145157
2,137,17,6,N4004,181.21578693455479
2,138,18,6,N4004,178.44903683435962
2,139,19,6,N4004,188.76665330731572
2,140,20,6,N4004,234.798902004779
2,141,21,6,N4004,259.54083499076916
2,142,22,6,N4004,261.15870176431065
2,143,23,6,N4004,238.73438525127654
2,144,24,6,N4004,237.05696901878878
2,145,1,7,N4004,236.06508440489552
2,146,2,7,N4004,195.334519559436
2,147,3,7,N4004,162.80195862043837
2,148,4,7,N4004,135.63967033801572
2,149,5,7,N4004,125.05353596295924
2,150,6,7,N4004,106.2357851807626
2,151,7,7,N4004,113.67538596205497
2,152,8,7,N4004,156.43378908722457
2,153,9,7,N4004,171.1822117447037
2,154,10,7,N4004,188.99996252690028
2,155,11,7,N4004,193.3602547157849
2,156,12,7,N4004,197.87706096612396
2,157,13,7,N4004,213.34239690376523
2,158,14,7,N4004,197.23945627836963
2,159,15,7,N4004,199.98998205920992
2,160,16,7,N4004,205.05931018392732
2,161,17,7,N4004,203.619709402635
2,162,18,7,N4004,210.81771330909692
2,163,19,7,N4004,197.06718752825662
2,164,20,7,N4004,249.64123831226163
2,165,21,7,N4004,286.2609851879963
2,166,22,7,N4004,287.91644768777024
2,167,23,7,N4004,205.54617503119533
2,168,24,7,N4004,166.02149143652696
1,1,1,1,N5000,215.95780863517984
1,2,2,1,N5000,200.4083152832783
1,3,3,1,N5000,196.58850354947282
1,4,4,1,N5000,190.12626115745078
1,5,5,1,N5000,182.6975616436907
1,6,6,1,N5000,179.38636389354986
1,7,7,1,N5000,189.37702532152912
1,8,8,1,N5000,196.82912540172993
1,9,9,1,N5000,204.06944381436122
1,10,10,1,N5000,221.12627931122762
1,11,11,1,N5000,231.8234184889403
1,12,12,1,N5000,229.74938980106822
1,13,13,1,N5000,229.15937602570392
1,14,14,1,N5000,220.80472319112198
1,15,15,1,N5000,223.20746304478382
1,16,16,1,N5000,231.6871314709725
1,17,17,1,N5000,223.83976938248526
1,18,18,1,N5000,223.33970701605836
1,19,19,1,N5000,215.92499873778272
1,20,20,1,N5000,218.3826258177126
1,21,21,1,N5000,223.78448996634972
1,22,22,1,N5000,221.39380591878393
1,23,23,1,N5000,223.69088770058661
1,24,24,1,N5000,237.85393811845307
1,25,1,2,N5000,217.36403468004565
1,26,2,2,N5000,205.56801979536115
1,27,3,2,N5000,194.92484531917063
1,28,4,2,N5000,189.72860150201427
1,29,5,2,N5000,185.41913958936527
1,30,6,2,N5000,178.30094987251238
1,31,7,2,N5000,189.07885379475704
1,32,8,2,N5000,194.80717966210602
1,33,9,2,N5000,201.02665384730508
1,34,10,2,N5000,211.4873616797954
1,35,11,2,N5000,220.75090305050765
1,36,12,2,N5000,221.3153775268379
1,37,13,2,N5000,219.9527920759889
1,38,14,2,N5000,211.09342022001886
1,39,15,2,N5000,209.6080470174423
1,40,16,2,N5000,217.28389698908182
1,41,17,2,N5000,209.11179005022956
1,42,18,2,N5000,207.93679602680373
1,43,19,2,N5000,209.13395711046172
1,44,20,2,N5000,216.82343821424854
1,45,21,2,N5000,208.1653184975094
1,46,22,2,N5000,207.56161048289738
1,47,23,2,N5000,207.87369254516895
1,48,24,2,N5000,225.67428758743404
1,49,1,3,N5000,205.77949783690045
1,50,2,3,N5000,191.0147779754429
1,51,3,3,N5000,178.49282513189826
1,52,4,3,N5000,179.91841122079558
1,53,5,3,N5000,173.00511702186571
1,54,6,3,N5000,169.38942499832518
1,55,7,3,N5000,175.52698768056155
1,56,8,3,N5000,183.3012054257531
1,57,9,3,N5000,194.53007424235162
1,58,10,3,N5000,204.13859593324193
1,59,11,3,N5000,235.42598096647743
1,60,12,3,N5000,219.45319925125028
1,61,13,3,N5000,217.31295148213997
1,62,14,3,N5000,207.32943201912553
1,63,15,3,N5000,204.17121180773597
1,64,16,3,N5000,214.68134195980977
1,65,17,3,N5000,208.48143537451804
1,66,18,3,N5000,215.43558434476125
1,67,19,3,N5000,211.95655629567952
1,68,20,3,N5000,209.12721296241003
1,69,21,3,N5000,209.04176614825468
1,70,22,3,N5000,205.29620512410835
1,71,23,3,N5000,212.16371814181718
1,72,24,3,N5000,220.7459435654133
1,73,1,4,N5000,217.748943064178
1,74,2,4,N5000,195.5541612548303
1,75,3,4,N5000,191.33807095836272
1,76,4,4,N5000,187.18785076414036
1,77,5,4,N5000,176.9570490229371
1,78,6,4,N5000,172.58938525149716
1,79,7,4,N5000,181.9368564633691
1,80,8,4,N5000,188.99317624334762
1,81,9,4,N5000,195.62597436695657
1,82,10,4,N5000,212.27398733680698
1,83,11,4,N5000,226.54081837505015
1,84,12,4,N5000,225.2662603190945
1,85,13,4,N5000,220.62003727609672
1,86,14,4,N5000,205.9678284803319
1,87,15,4,N5000,207.1059851646707
1,88,16,4,N5000,215.0592849352201
1,89,17,4,N5000,212.7855895698562
1,90,18,4,N5000,216.0762123512976
1,91,19,4,N5000,211.8854710542749
1,92,20,4,N5000,216.6871674183135
1,93,21,4,N5000,217.35975870136636
1,94,22,4,N5000,216.61349762393138
1,95,23,4,N5000,221.128407743357
1,96,24,4,N5000,235.8005430503823
1,97,1,5,N5000,229.81097288443962
1,98,2,5,N5000,207.694254634116
1,99,3,5,N5000,201.65896114215678
1,100,4,5,N5000,205.7623225936956
1,101,5,5,N5000,194.98853443509847
1,102,6,5,N5000,187.10143789185852
1,103,7,5,N5000,194.42444754879807
1,104,8,5,N5000,200.92946933968392
1,105,9,5,N5000,213.85974172526582
1,106,10,5,N5000,229.58713628377473
1,107,11,5,N5000,237.60697692238602
1,108,12,5,N5000,236.44184881358674
1,109,13,5,N5000,237.67735361081736
1,110,14,5,N5000,223.83223022115962
1,111,15,5,N5000,221.33330300530852
1,112,16,5,N5000,227.42080786501742
1,113,17,5,N5000,228.3342276972942
1,114,18,5,N5000,225.2233416883224
1,115,19,5,N5000,224.44128072515
1,116,20,5,N5000,224.94657813400823
1,117,21,5,N5000,229.67889842943572
1,118,22,5,N5000,224.22182953094674
1,119,23,5,N5000,225.2186444344432
1,120,24,5,N5000,242.89720973290343
1,121,1,6,N5000,230.23603308793605
1,122,2,6,N5000,208.08514979109478
1,123,3,6,N5000,200.4612833949323
1,124,4,6,N5000,201.75172861843552
1,125,5,6,N5000,191.955665773146
1,126,6,6,N5000,180.2767443602777
1,127,7,6,N5000,183.40802971831855
1,128,8,6,N5000,190.05873040919357
1,129,9,6,N5000,202.19909145795987
1,130,10,6,N5000,214.99232831779636
1,131,11,6,N5000,226.0484355453945
1,132,12,6,N5000,230.68551591659295
1,133,13,6,N5000,241.20038662047597
1,134,14,6,N5000,228.12061029901292
1,135,15,6,N5000,216.1544709937289
1,136,16,6,N5000,227.7699195636011
1,137,17,6,N5000,228.2565024162448
1,138,18,6,N5000,227.8843572708779
1,139,19,6,N5000,226.43164711113351
1,140,20,6,N5000,225.49066302077864
1,141,21,6,N5000,220.60537281420403
1,142,22,6,N5000,224.40149079055618
1,143,23,6,N5000,236.52497662302713
1,144,24,6,N5000,246.03539039355908
1,145,1,7,N5000,227.87054690885617
1,146,2,7,N5000,204.08657280188422
1,147,3,7,N5000,193.84643628830474
1,148,4,7,N5000,197.70373944617182
1,149,5,7,N5000,183.8793646171239
1,150,6,7,N5000,177.8613873125739
1,151,7,7,N5000,177.76736183760153
1,152,8,7,N5000,193.2689523589027
1,153,9,7,N5000,199.21231750741111
1,154,10,7,N5000,214.36549869448322
1,155,11,7,N5000,223.3007107013865
1,156,12,7,N5000,232.48514295818237
1,157,13,7,N5000,228.89193031903744
1,158,14,7,N5000,227.18786617343858
1,159,15,7,N5000,207.37012822697758
1,160,16,7,N5000,223.195513895371
1,161,17,7,N5000,222.0092290508041
1,162,18,7,N5000,224.1005291684936
1,163,19,7,N5000,224.83243827818498
1,164,20,7,N5000,221.8219476954902
1,165,21,7,N5000,218.96665188771567
1,166,22,7,N5000,222.08010501021732
1,167,23,7,N5000,231.68605682686416
1,168,24,7,N5000,236.3342041281618
2,1,1,1,N5000,272.8710615672435
2,2,2,1,N5000,261.2189654967905
2,3,3,1,N5000,255.65800712933628
2,4,4,1,N5000,252.00050732644848
2,5,5,1,N5000,249.24222678486262
2,6,6,1,N5000,251.78862469798264
2,7,7,1,N5000,260.2278908266981
2,8,8,1,N5000,262.24739449844407
2,9,9,1,N5000,283.0690844498358
2,10,10,1,N5000,293.43341076566156
2,11,11,1,N5000,297.90158377172116
2,12,12,1,N5000,296.75241840382205
2,13,13,1,N5000,287.87998024355346
2,14,14,1,N5000,283.6248717769098
2,15,15,1,N5000,279.7038005981176
2,16,16,1,N5000,282.4545654226021
2,17,17,1,N5000,288.5363084792243
2,18,18,1,N5000,294.6781894009017
2,19,19,1,N5000,311.62179929288845
2,20,20,1,N5000,311.9173124664734
2,21,21,1,N5000,303.5320746506071
2,22,22,1,N5000,309.11839249915573
2,23,23,1,N5000,296.34602414650345
2,24,24,1,N5000,297.19568210007697
2,25,1,2,N5000,278.3413932845687
2,26,2,2,N5000,265.3600799167425
2,27,3,2,N5000,261.13691631711896
2,28,4,2,N5000,259.9706571899426
2,29,5,2,N5000,253.61294243186194
2,30,6,2,N5000,260.45609277309785
2,31,7,2,N5000,264.4672389545079
2,32,8,2,N5000,271.46202427146505
2,33,9,2,N5000,283.8300914162939
2,34,10,2,N5000,295.7900203444145
2,35,11,2,N5000,303.66301258733336
2,36,12,2,N5000,305.38923521801075
2,37,13,2,N5000,294.8579469850014
2,38,14,2,N5000,288.1664316194867
2,39,15,2,N5000,281.28079087655186
2,40,16,2,N5000,288.30343255893507
2,41,17,2,N5000,290.63770195515286
2,42,18,2,N5000,298.9620968415055
2,43,19,2,N5000,311.2231099889224
2,44,20,2,N5000,315.33119671943774
2,45,21,2,N5000,312.5527195583178
2,46,22,2,N5000,311.6837980874981
2,47,23,2,N5000,295.1995261849219
2,48,24,2,N5000,294.6036834442986
2,49,1,3,N5000,275.4474926371199
2,50,2,3,N5000,266.9953066017832
2,51,3,3,N5000,260.1925427644813
2,52,4,3,N5000,259.42184328959144
2,53,5,3,N5000,254.5321892508249
2,54,6,3,N5000,254.11168053830067
2,55,7,3,N5000,264.4098697899853
2,56,8,3,N5000,265.31320285316696
2,57,9,3,N5000,287.17391272848954
2,58,10,3,N5000,290.72113125386545
2,59,11,3,N5000,300.64175695938405
2,60,12,3,N5000,299.74762575862286
2,61,13,3,N5000,291.87895005512723
2,62,14,3,N5000,284.5627088168768
2,63,15,3,N5000,282.700071464615
2,64,16,3,N5000,291.39921595811643
2,65,17,3,N5000,290.03021050291807
2,66,18,3,N5000,296.48056506471994
2,67,19,3,N5000,310.3716543439999
2,68,20,3,N5000,313.8212082433193
2,69,21,3,N5000,306.20151949827886
2,70,22,3,N5000,308.887193367053
2,71,23,3,N5000,294.57675213502705
2,72,24,3,N5000,291.4864269555523
2,73,1,4,N5000,270.4142913417606
2,74,2,4,N5000,256.9117228028321
2,75,3,4,N5000,255.901662756398
2,76,4,4,N5000,248.83302352841
2,77,5,4,N5000,248.21941432872214
2,78,6,4,N5000,255.8103892308728
2,79,7,4,N5000,254.24033537430574
2,80,8,4,N5000,261.54927639755186
2,81,9,4,N5000,280.36028162178525
2,82,10,4,N5000,289.00148678237
2,83,11,4,N5000,294.68411566951147
2,84,12,4,N5000,295.51556029638084
2,85,13,4,N5000,288.9426510198262
2,86,14,4,N5000,280.01913885019354
2,87,15,4,N5000,279.7047326152841
2,88,16,4,N5000,277.2777863366685
2,89,17,4,N5000,280.9468811546475
2,90,18,4,N5000,289.9117214638302
2,91,19,4,N5000,303.824109117846
2,92,20,4,N5000,306.8735549727181
2,93,21,4,N5000,300.8840560787562
2,94,22,4,N5000,300.972140454012
2,95,23,4,N5000,291.0919759043333
2,96,24,4,N5000,287.60916354796103
2,97,1,5,N5000,271.7374137190815
2,98,2,5,N5000,257.92886610206057
2,99,3,5,N5000,250.45310592074745
2,100,4,5,N5000,248.6358939673643
2,101,5,5,N5000,246.56196458483947
2,102,6,5,N5000,254.44342970878338
2,103,7,5,N5000,256.6921916517357
2,104,8,5,N5000,263.51020553158736
2,105,9,5,N5000,280.67679867561804
2,106,10,5,N5000,290.1117188862913
2,107,11,5,N5000,299.7696167004673
2,108,12,5,N5000,294.4253844135584
2,109,13,5,N5000,290.45429390554307
2,110,14,5,N5000,286.2366427861055
2,111,15,5,N5000,276.3141327640872
2,112,16,5,N5000,282.57438747170283
2,113,17,5,N5000,285.0794898372937
2,114,18,5,N5000,290.39154098866715
2,115,19,5,N5000,305.93144296896116
2,116,20,5,N5000,307.9317086038844
2,117,21,5,N5000,300.8800313040341
2,118,22,5,N5000,306.7397354740154
2,119,23,5,N5000,292.60860013076956
2,120,24,5,N5000,289.78204105846316
2,121,1,6,N5000,278.9235063066006
2,122,2,6,N5000,267.9155899928848
2,123,3,6,N5000,261.02607272823485
2,124,4,6,N5000,257.6350459531139
2,125,5,6,N5000,248.57621871578925
2,126,6,6,N5000,260.7008071387423
2,127,7,6,N5000,258.79765199152354
2,128,8,6,N5000,265.1939346847847
2,129,9,6,N5000,274.43891665999814
2,130,10,6,N5000,292.9227617321841
2,131,11,6,N5000,295.31098353705585
2,132,12,6,N5000,296.67571015512164
2,133,13,6,N5000,291.6726422245147
2,134,14,6,N5000,286.9684862136719
2,135,15,6,N5000,276.8228695151499
2,136,16,6,N5000,267.76367229212104
2,137,17,6,N5000,278.7822609801368
2,138,18,6,N5000,290.2638316057973
2,139,19,6,N5000,298.2486762310846
2,140,20,6,N5000,304.9292995057942
2,141,21,6,N5000,292.37551075725213
2,142,22,6,N5000,298.9931243039094
2,143,23,6,N5000,288.1492780080741
2,144,24,6,N5000,281.5982031677808
2,145,1,7,N5000,259.77248519284035
2,146,2,7,N5000,251.38827838808436
2,147,3,7,N5000,245.80513879718407
2,148,4,7,N5000,243.82340081935007
2,149,5,7,N5000,235.96995185410063
2,150,6,7,N5000,240.83730516100587
2,151,7,7,N5000,239.27421330268035
2,152,8,7,N5000,241.71544332963543
2,153,9,7,N5000,255.2551621042855
2,154,10,7,N5000,264.14297587729186
2,155,11,7,N5000,271.0267878461364
2,156,12,7,N5000,274.6504532855305
2,157,13,7,N5000,271.85244869442846
2,158,14,7,N5000,264.48688085013504
2,159,15,7,N5000,268.554518858119
2,160,16,7,N5000,258.4846824061999
2,161,17,7,N5000,269.54211885751926
2,162,18,7,N5000,276.79760577075257
2,163,19,7,N5000,285.86084738646036
2,164,20,7,N5000,293.63260449248475
2,165,21,7,N5000,281.8344680416152
2,166,22,7,N5000,286.36139173195716
2,167,23,7,N5000,280.97511834303356
2,168,24,7,N5000,275.2790415650827
1,1,1,1,N5001,341.04219136482016
1,2,2,1,N5001,345.59168471672166
1,3,3,1,N5001,351.4114964505272
1,4,4,1,N5001,327.87373884254924
1,5,5,1,N5001,331.30243835630927
1,6,6,1,N5001,339.61363610645014
1,7,7,1,N5001,345.6229746784709
1,8,8,1,N5001,331.1708745982701
1,9,9,1,N5001,295.9305561856388
1,10,10,1,N5001,341.8737206887724
1,11,11,1,N5001,355.17658151105974
1,12,12,1,N5001,344.2506101989318
1,13,13,1,N5001,343.8406239742961
1,14,14,1,N5001,353.195276808878
1,15,15,1,N5001,380.79253695521624
1,16,16,1,N5001,373.31286852902747
1,17,17,1,N5001,367.16023061751474
1,18,18,1,N5001,359.66029298394164
1,19,19,1,N5001,328.0750012622173
1,20,20,1,N5001,339.6173741822874
1,21,21,1,N5001,343.21551003365033
1,22,22,1,N5001,375.6061940812161
1,23,23,1,N5001,387.3091122994134
1,24,24,1,N5001,382.146061881547
1,25,1,2,N5001,386.6359653199544
1,26,2,2,N5001,412.4319802046389
1,27,3,2,N5001,372.0751546808294
1,28,4,2,N5001,356.27139849798573
1,29,5,2,N5001,378.5808604106347
1,30,6,2,N5001,360.6990501274877
1,31,7,2,N5001,373.921146205243
1,32,8,2,N5001,350.192820337894
1,33,9,2,N5001,310.97334615269494
1,34,10,2,N5001,315.5126383202046
1,35,11,2,N5001,321.24909694949235
1,36,12,2,N5001,327.6846224731621
1,37,13,2,N5001,322.0472079240111
1,38,14,2,N5001,325.9065797799812
1,39,15,2,N5001,327.3919529825577
1,40,16,2,N5001,316.71610301091823
1,41,17,2,N5001,306.88820994977044
1,42,18,2,N5001,295.0632039731963
1,43,19,2,N5001,319.86604288953833
1,44,20,2,N5001,366.17656178575146
1,45,21,2,N5001,277.83468150249064
1,46,22,2,N5001,320.4383895171027
1,47,23,2,N5001,319.1263074548311
1,48,24,2,N5001,341.325712412566
1,49,1,3,N5001,334.2205021630996
1,50,2,3,N5001,337.98522202455706
1,51,3,3,N5001,284.50717486810174
1,52,4,3,N5001,312.0815887792044
1,53,5,3,N5001,315.99488297813434
1,54,6,3,N5001,320.6105750016749
1,55,7,3,N5001,304.47301231943845
1,56,8,3,N5001,295.69879457424696
1,57,9,3,N5001,291.4699257576484
1,58,10,3,N5001,291.86140406675804
1,59,11,3,N5001,444.57401903352263
1,60,12,3,N5001,341.5468007487497
1,61,13,3,N5001,330.68704851786003
1,62,14,3,N5001,325.6705679808745
1,63,15,3,N5001,315.828788192264
1,64,16,3,N5001,325.31865804019026
1,65,17,3,N5001,327.518564625482
1,66,18,3,N5001,369.56441565523875
1,67,19,3,N5001,363.0434437043205
1,68,20,3,N5001,339.87278703759
1,69,21,3,N5001,308.9582338517453
1,70,22,3,N5001,329.7037948758917
1,71,23,3,N5001,371.8362818581828
1,72,24,3,N5001,335.2540564345867
1,73,1,4,N5001,387.251056935822
1,74,2,4,N5001,344.4458387451697
1,75,3,4,N5001,346.6619290416373
1,76,4,4,N5001,337.81214923585964
1,77,5,4,N5001,321.04295097706296
1,78,6,4,N5001,321.41061474850284
1,79,7,4,N5001,325.0631435366309
1,80,8,4,N5001,310.00682375665235
1,81,9,4,N5001,273.3740256330434
1,82,10,4,N5001,318.72601266319305
1,83,11,4,N5001,357.45918162494985
1,84,12,4,N5001,351.7337396809055
1,85,13,4,N5001,324.3799627239033
1,86,14,4,N5001,290.0321715196681
1,87,15,4,N5001,308.89401483532936
1,88,16,4,N5001,299.9407150647799
1,89,17,4,N5001,329.2144104301438
1,90,18,4,N5001,346.92378764870244
1,91,19,4,N5001,336.11452894572517
1,92,20,4,N5001,363.31283258168656
1,93,21,4,N5001,336.64024129863367
1,94,22,4,N5001,378.3865023760687
1,95,23,4,N5001,404.871592256643
1,96,24,4,N5001,406.19945694961774
1,97,1,5,N5001,402.1890271155604
1,98,2,5,N5001,366.30574536588404
1,99,3,5,N5001,358.3410388578432
1,100,4,5,N5001,405.23767740630444
1,101,5,5,N5001,388.0114655649016
1,102,6,5,N5001,366.8985621081415
1,103,7,5,N5001,353.575552451202
1,104,8,5,N5001,331.0705306603161
1,105,9,5,N5001,331.1402582747342
1,106,10,5,N5001,366.4128637162253
1,107,11,5,N5001,360.393023077614
1,108,12,5,N5001,355.5581511864133
1,109,13,5,N5001,367.32264638918264
1,110,14,5,N5001,342.1677697788404
1,111,15,5,N5001,337.6666969946915
1,112,16,5,N5001,312.5791921349826
1,113,17,5,N5001,365.6657723027058
1,114,18,5,N5001,340.77665831167764
1,115,19,5,N5001,353.55871927485
1,116,20,5,N5001,352.05342186599177
1,117,21,5,N5001,350.3211015705643
1,118,22,5,N5001,363.7781704690533
1,119,23,5,N5001,366.7813555655568
1,120,24,5,N5001,382.10279026709657
1,121,1,6,N5001,369.76396691206395
1,122,2,6,N5001,363.9148502089052
1,123,3,6,N5001,372.53871660506775
1,124,4,6,N5001,356.2482713815645
1,125,5,6,N5001,364.04433422685406
1,126,6,6,N5001,347.7232556397223
1,127,7,6,N5001,337.5919702816815
1,128,8,6,N5001,293.9412695908064
1,129,9,6,N5001,308.80090854204013
1,130,10,6,N5001,337.00767168220364
1,131,11,6,N5001,346.9515644546055
1,132,12,6,N5001,357.3144840834071
1,133,13,6,N5001,402.79961337952403
1,134,14,6,N5001,350.8793897009871
1,135,15,6,N5001,392.84552900627114
1,136,16,6,N5001,363.2300804363989
1,137,17,6,N5001,380.74349758375524
1,138,18,6,N5001,365.1156427291221
1,139,19,6,N5001,335.5683528888665
1,140,20,6,N5001,342.5093369792214
1,141,21,6,N5001,335.39462718579597
1,142,22,6,N5001,349.5985092094438
1,143,23,6,N5001,365.4750233769729
1,144,24,6,N5001,371.9646096064409
1,145,1,7,N5001,375.1294530911439
1,146,2,7,N5001,355.9134271981158
1,147,3,7,N5001,346.15356371169526
1,148,4,7,N5001,347.2962605538282
1,149,5,7,N5001,327.1206353828761
1,150,6,7,N5001,347.13861268742613
1,151,7,7,N5001,316.23263816239853
1,152,8,7,N5001,332.73104764109735
1,153,9,7,N5001,307.78768249258894
1,154,10,7,N5001,352.6345013055168
1,155,11,7,N5001,349.6992892986135
1,156,12,7,N5001,390.5148570418176
1,157,13,7,N5001,343.10806968096256
1,158,14,7,N5001,365.8121338265614
1,159,15,7,N5001,353.6298717730224
1,160,16,7,N5001,353.80448610462906
1,161,17,7,N5001,359.9907709491959
1,162,18,7,N5001,360.8994708315064
1,163,19,7,N5001,346.16756172181505
1,164,20,7,N5001,339.17805230450983
1,165,21,7,N5001,345.0333481122844
1,166,22,7,N5001,354.91989498978273
1,167,23,7,N5001,355.3139431731359
1,168,24,7,N5001,330.6657958718382
2,1,1,1,N5001,448.1289384327565
2,2,2,1,N5001,444.7810345032096
2,3,3,1,N5001,461.3419928706637
2,4,4,1,N5001,438.9994926735516
2,5,5,1,N5001,447.7577732151374
2,6,6,1,N5001,417.2113753020174
2,7,7,1,N5001,454.77210917330194
2,8,8,1,N5001,409.752605501556
2,9,9,1,N5001,440.9309155501642
2,10,10,1,N5001,499.5665892343385
2,11,11,1,N5001,468.0984162282789
2,12,12,1,N5001,467.247581596178
2,13,13,1,N5001,450.12001975644654
2,14,14,1,N5001,458.3751282230902
2,15,15,1,N5001,470.2961994018824
2,16,16,1,N5001,453.5454345773979
2,17,17,1,N5001,463.4636915207757
2,18,18,1,N5001,463.3218105990983
2,19,19,1,N5001,487.37820070711155
2,20,20,1,N5001,487.0826875335266
2,21,21,1,N5001,451.467925349393
2,22,22,1,N5001,498.8816075008443
2,23,23,1,N5001,497.6539758534966
2,24,24,1,N5001,503.80431789992303
2,25,1,2,N5001,463.65860671543135
2,26,2,2,N5001,452.63992008325755
2,27,3,2,N5001,478.86308368288104
2,28,4,2,N5001,473.0293428100574
2,29,5,2,N5001,458.3870575681381
2,30,6,2,N5001,455.5439072269022
2,31,7,2,N5001,463.5327610454922
2,32,8,2,N5001,450.537975728535
2,33,9,2,N5001,424.1699085837061
2,34,10,2,N5001,493.2099796555856
2,35,11,2,N5001,483.33698741266664
2,36,12,2,N5001,501.61076478198925
2,37,13,2,N5001,474.1420530149986
2,38,14,2,N5001,466.8335683805133
2,39,15,2,N5001,459.7192091234482
2,40,16,2,N5001,470.69656744106493
2,41,17,2,N5001,455.3622980448472
2,42,18,2,N5001,469.0379031584945
2,43,19,2,N5001,460.7768900110776
2,44,20,2,N5001,485.6688032805623
2,45,21,2,N5001,487.4472804416822
2,46,22,2,N5001,492.3162019125019
2,47,23,2,N5001,467.80047381507813
2,48,24,2,N5001,464.39631655570145
2,49,1,3,N5001,453.5525073628801
2,50,2,3,N5001,472.00469339821683
2,51,3,3,N5001,480.80745723551877
2,52,4,3,N5001,477.5781567104086
2,53,5,3,N5001,472.4678107491751
2,54,6,3,N5001,421.8883194616993
2,55,7,3,N5001,471.5901302100147
2,56,8,3,N5001,418.6867971468331
2,57,9,3,N5001,455.82608727151046
2,58,10,3,N5001,469.27886874613455
2,59,11,3,N5001,473.358243040616
2,60,12,3,N5001,474.2523742413772
2,61,13,3,N5001,464.12104994487277
2,62,14,3,N5001,452.4372911831232
2,63,15,3,N5001,478.299928535385
2,64,16,3,N5001,500.60078404188357
2,65,17,3,N5001,460.969789497082
2,66,18,3,N5001,462.51943493528006
2,67,19,3,N5001,465.62834565600014
2,68,20,3,N5001,486.17879175668077
2,69,21,3,N5001,455.7984805017212
2,70,22,3,N5001,484.112806632947
2,71,23,3,N5001,473.423247864973
2,72,24,3,N5001,453.51357304444775
2,73,1,4,N5001,448.58570865823947
2,74,2,4,N5001,432.08827719716794
2,75,3,4,N5001,478.09833724360203
2,76,4,4,N5001,433.16697647159003
2,77,5,4,N5001,455.7805856712779
2,78,6,4,N5001,459.1896107691272
2,79,7,4,N5001,430.75966462569426
2,80,8,4,N5001,421.4507236024482
2,81,9,4,N5001,440.63971837821475
2,82,10,4,N5001,487.99851321763
2,83,11,4,N5001,465.31588433048853
2,84,12,4,N5001,477.48443970361916
2,85,13,4,N5001,475.05734898017386
2,86,14,4,N5001,451.98086114980646
2,87,15,4,N5001,487.2952673847159
2,88,16,4,N5001,436.72221366333156
2,89,17,4,N5001,431.0531188453525
2,90,18,4,N5001,450.0882785361698
2,91,19,4,N5001,455.175890882154
2,92,20,4,N5001,473.1264450272819
2,93,21,4,N5001,453.1159439212438
2,94,22,4,N5001,464.027859545988
2,95,23,4,N5001,480.9080240956667
2,96,24,4,N5001,458.390836452039
2,97,1,5,N5001,451.2625862809185
2,98,2,5,N5001,433.0711338979395
2,99,3,5,N5001,436.5468940792526
2,100,4,5,N5001,426.36410603263573
2,101,5,5,N5001,439.4380354151605
2,102,6,5,N5001,444.55657029121664
2,103,7,5,N5001,441.30780834826436
2,104,8,5,N5001,428.48979446841264
2,105,9,5,N5001,436.323201324382
2,106,10,5,N5001,488.8882811137087
2,107,11,5,N5001,492.2303832995327
2,108,12,5,N5001,463.5746155864416
2,109,13,5,N5001,478.54570609445693
2,110,14,5,N5001,486.76335721389455
2,111,15,5,N5001,458.6858672359128
2,112,16,5,N5001,465.42561252829717
2,113,17,5,N5001,451.92051016270636
2,114,18,5,N5001,446.6084590113329
2,115,19,5,N5001,462.06855703103884
2,116,20,5,N5001,473.06829139611557
2,117,21,5,N5001,446.1199686959659
2,118,22,5,N5001,495.26026452598467
2,119,23,5,N5001,484.39139986923044
2,120,24,5,N5001,466.21795894153684
2,121,1,6,N5001,460.0764936933994
2,122,2,6,N5001,458.08441000711525
2,123,3,6,N5001,464.9739272717652
2,124,4,6,N5001,473.36495404688617
2,125,5,6,N5001,434.4237812842108
2,126,6,6,N5001,474.2991928612578
2,127,7,6,N5001,472.2023480084765
2,128,8,6,N5001,476.8060653152153
2,129,9,6,N5001,461.5610833400019
2,130,10,6,N5001,529.077238267816
2,131,11,6,N5001,495.6890164629442
2,132,12,6,N5001,508.3242898448784
2,133,13,6,N5001,489.3273577754854
2,134,14,6,N5001,489.0315137863281
2,135,15,6,N5001,426.1771304848502
2,136,16,6,N5001,407.236327707879
2,137,17,6,N5001,414.2177390198632
2,138,18,6,N5001,415.7361683942027
2,139,19,6,N5001,436.7513237689155
2,140,20,6,N5001,433.07070049420577
2,141,21,6,N5001,434.62448924274787
2,142,22,6,N5001,462.00687569609056
2,143,23,6,N5001,435.850721991926
2,144,24,6,N5001,419.40179683221925
2,145,1,7,N5001,411.22751480715965
2,146,2,7,N5001,422.61172161191564
2,147,3,7,N5001,435.1948612028159
2,148,4,7,N5001,451.17659918065
2,149,5,7,N5001,419.0300481458994
2,150,6,7,N5001,413.1626948389942
2,151,7,7,N5001,412.7257866973197
2,152,8,7,N5001,393.2845566703646
2,153,9,7,N5001,410.7448378957145
2,154,10,7,N5001,417.85702412270814
2,155,11,7,N5001,416.97321215386364
2,156,12,7,N5001,444.3495467144695
2,157,13,7,N5001,439.1475513055716
2,158,14,7,N5001,419.51311914986496
2,159,15,7,N5001,450.445481141881
2,160,16,7,N5001,422.5153175938001
2,161,17,7,N5001,433.4578811424808
2,162,18,7,N5001,411.20239422924743
2,163,19,7,N5001,441.13915261353964
2,164,20,7,N5001,447.36739550751525
2,165,21,7,N5001,449.1655319583848
2,166,22,7,N5001,463.63860826804284
2,167,23,7,N5001,471.0248816569665
2,168,24,7,N5001,458.72095843491735
1,1,1,1,N6000,237.046643239076
1,2,2,1,N6000,215.3363964923411
1,3,3,1,N6000,209.05278036076578
1,4,4,1,N6000,205.16964679630914
1,5,5,1,N6000,194.5439813153869
1,6,6,1,N6000,188.4368712549233
1,7,7,1,N6000,200.5804889474058
1,8,8,1,N6000,213.46543213855742
1,9,9,1,N6000,230.26881010838798
1,10,10,1,N6000,243.78917515554153
1,11,11,1,N6000,255.40327463468918
1,12,12,1,N6000,254.83845520713183
1,13,13,1,N6000,254.13243092268522
1,14,14,1,N6000,241.07098166042192
1,15,15,1,N6000,238.70580030752555
1,16,16,1,N6000,251.5554422844548
1,17,17,1,N6000,242.3065241582036
1,18,18,1,N6000,243.1537532995396
1,19,19,1,N6000,239.62363187730625
1,20,20,1,N6000,240.57676466130926
1,21,21,1,N6000,247.07218807821855
1,22,22,1,N6000,237.3290529528546
1,23,23,1,N6000,238.03507723730127
1,24,24,1,N6000,258.0155644871418
1,25,1,2,N6000,222.0980502294167
1,26,2,2,N6000,201.86417809339974
1,27,3,2,N6000,196.00787038573955
1,28,4,2,N6000,192.38880382482594
1,29,5,2,N6000,182.4857216899624
1,30,6,2,N6000,176.79391700779829
1,31,7,2,N6000,188.11172516192806
1,32,8,2,N6000,200.1204460231414
1,33,9,2,N6000,215.78113405036748
1,34,10,2,N6000,228.3820658033667
1,35,11,2,N6000,239.2063648810083
1,36,12,2,N6000,238.67995519942085
1,37,13,2,N6000,238.02194309743655
1,38,14,2,N6000,225.84871921072715
1,39,15,2,N6000,223.64437866907977
1,40,16,2,N6000,235.62019892519385
1,41,17,2,N6000,227.0002403891997
1,42,18,2,N6000,227.78985491158082
1,43,19,2,N6000,224.49979440165936
1,44,20,2,N6000,225.38811073933817
1,45,21,2,N6000,231.44182207759366
1,46,22,2,N6000,222.36125507021043
1,47,23,2,N6000,223.0192671721947
1,48,24,2,N6000,241.64100965835019
1,49,1,3,N6000,229.8013778956793
1,50,2,3,N6000,208.80669854675864
1,51,3,3,N6000,202.730189727071
1,52,4,3,N6000,198.97504382726402
1,53,5,3,N6000,188.69959913779232
1,54,6,3,N6000,182.79377876809593
1,55,7,3,N6000,194.53714412749218
1,56,8,3,N6000,206.99740097685162
1,57,9,3,N6000,223.24694141601626
1,58,10,3,N6000,236.3216766853441
1,59,11,3,N6000,247.5529766947667
1,60,12,3,N6000,247.0067736547948
1,61,13,3,N6000,246.3240198548299
1,62,14,3,N6000,233.69307455547923
1,63,15,3,N6000,231.4058493255968
1,64,16,3,N6000,243.83196848495797
1,65,17,3,N6000,234.8878937054178
1,66,18,3,N6000,235.7071982653757
1,67,19,3,N6000,232.2934292655512
1,68,20,3,N6000,233.2151468955038
1,69,21,3,N6000,239.4964818551809
1,70,22,3,N6000,230.07447941566522
1,71,23,3,N6000,230.75723321563012
1,72,24,3,N6000,250.07916575463685
1,73,1,4,N6000,237.19440527871018
1,74,2,4,N6000,215.46956504323674
1,75,3,4,N6000,209.18172510516473
1,76,4,4,N6000,205.29598132321013
1,77,5,4,N6000,194.66317333804346
1,78,6,4,N6000,188.55195811733307
1,79,7,4,N6000,200.7037386718092
1,80,8,4,N6000,213.597343039204
1,81,9,4,N6000,230.41201613202568
1,82,10,4,N6000,243.94146948192213
1,83,11,4,N6000,255.5633758843137
1,84,12,4,N6000,254.9981767887566
1,85,13,4,N6000,254.29167791931036
1,86,14,4,N6000,241.22144883455397
1,87,15,4,N6000,238.85467762190888
1,88,16,4,N6000,251.71295704583136
1,89,17,4,N6000,242.45782185608496
1,90,18,4,N6000,243.30562049942057
1,91,19,4,N6000,239.7731261521891
1,92,20,4,N6000,240.72689962594157
1,93,21,4,N6000,247.22668922484743
1,94,22,4,N6000,237.4770048264886
1,95,23,4,N6000,238.18350369593492
1,96,24,4,N6000,258.17742170126496
1,97,1,5,N6000,231.56959696996847
1,98,2,5,N6000,210.4002822058097
1,99,3,5,N6000,204.27322850171166
1,100,4,5,N6000,200.48684699917916
1,101,5,5,N6000,190.12593034224943
1,102,6,5,N6000,184.17098488826653
1,103,7,5,N6000,196.01203249618624
1,104,8,5,N6000,208.57593475458947
1,105,9,5,N6000,224.9606401655482
1,106,10,5,N6000,238.14413212436574
1,107,11,5,N6000,249.46885498194015
1,108,12,5,N6000,248.91810858157177
1,109,13,5,N6000,248.22967558111134
1,110,14,5,N6000,235.49366507259302
1,111,15,5,N6000,233.18741452105053
1,112,16,5,N6000,245.71689512943067
1,113,17,5,N6000,236.69842282339883
1,114,18,5,N6000,237.52454242395132
1,115,19,5,N6000,234.08237742164908
1,116,20,5,N6000,235.01176197227073
1,117,21,5,N6000,241.34534557650684
1,118,22,5,N6000,231.8449701701526
1,119,23,5,N6000,232.53340317061307
1,120,24,5,N6000,252.0160570836438
1,121,1,6,N6000,244.44187259670866
1,122,2,6,N6000,216.7253876065854
1,123,3,6,N6000,205.09039257062466
1,124,4,6,N6000,209.98153698064635
1,125,5,6,N6000,195.67864499376464
1,126,6,6,N6000,183.6731087146203
1,127,7,6,N6000,189.74998510282913
1,128,8,6,N6000,207.01720703517867
1,129,9,6,N6000,219.91204229796324
1,130,10,6,N6000,231.02827959346726
1,131,11,6,N6000,243.47846536443163
1,132,12,6,N6000,247.48031079081306
1,133,13,6,N6000,252.22323870356144
1,134,14,6,N6000,245.4052798289857
1,135,15,6,N6000,221.5424237679705
1,136,16,6,N6000,242.51505813215465
1,137,17,6,N6000,239.6989446839603
1,138,18,6,N6000,242.2927333862445
1,139,19,6,N6000,246.2204705639893
1,140,20,6,N6000,243.62668186170507
1,141,21,6,N6000,238.6614292030466
1,142,22,6,N6000,240.81056841351068
1,143,23,6,N6000,253.48307893038523
1,144,24,6,N6000,264.59931622588914
1,145,1,7,N6000,242.9549518888035
1,146,2,7,N6000,215.4198460065591
1,147,3,7,N6000,203.86099139823727
1,148,4,7,N6000,208.72012773039805
1,149,5,7,N6000,194.51083512271578
1,150,6,7,N6000,182.58386412559386
1,151,7,7,N6000,188.62097290191483
1,152,8,7,N6000,205.77519661999756
1,153,9,7,N6000,218.5856469502396
1,154,10,7,N6000,229.62913861424136
1,155,11,7,N6000,241.99784927792334
1,156,12,7,N6000,245.97350627696397
1,157,13,7,N6000,250.68539605360473
1,158,14,7,N6000,243.91205449968365
1,159,15,7,N6000,220.20535906095986
1,160,16,7,N6000,241.04074666704315
1,161,17,7,N6000,238.24306211216273
1,162,18,7,N6000,240.81987683376315
1,163,19,7,N6000,244.72191055504376
1,164,20,7,N6000,242.14509583344335
1,165,21,7,N6000,237.21233622352258
1,166,22,7,N6000,239.3474112785629
1,167,23,7,N6000,251.93699177552492
1,168,24,7,N6000,262.9804834395266
2,1,1,1,N6000,258.8778659463632
2,2,2,1,N6000,245.7474299689899
2,3,3,1,N6000,236.24731201767673
2,4,4,1,N6000,235.91728310621676
2,5,5,1,N6000,231.10829039637085
2,6,6,1,N6000,239.5476011322769
2,7,7,1,N6000,242.8007432595255
2,8,8,1,N6000,253.19665397051594
2,9,9,1,N6000,272.17331637946654
2,10,10,1,N6000,273.94132840514516
2,11,11,1,N6000,284.8087089896499
2,12,12,1,N6000,283.60646081218835
2,13,13,1,N6000,276.2043837980138
2,14,14,1,N6000,269.7216730371922
2,15,15,1,N6000,262.97965384593766
2,16,16,1,N6000,269.2030561763264
2,17,17,1,N6000,274.60138622806517
2,18,18,1,N6000,281.8620222801854
2,19,19,1,N6000,297.53839557453597
2,20,20,1,N6000,297.93914496702314
2,21,21,1,N6000,294.40312091566585
2,22,22,1,N6000,292.5408149152844
2,23,23,1,N6000,277.71308739325957
2,24,24,1,N6000,277.6187934185567
2,25,1,2,N6000,261.35110184694634
2,26,2,2,N6000,248.08627972220935
2,27,3,2,N6000,238.48893085996696
2,28,4,2,N6000,238.15552419974026
2,29,5,2,N6000,233.29731286500714
2,30,6,2,N6000,241.82299746223484
2,31,7,2,N6000,245.10943454161313
2,32,8,2,N6000,255.61174433875672
2,33,9,2,N6000,274.78262730179665
2,34,10,2,N6000,276.56873441015443
2,35,11,2,N6000,287.5473394361935
2,36,12,2,N6000,286.33278660251017
2,37,13,2,N6000,278.85495150885237
2,38,14,2,N6000,272.3058921115406
2,39,15,2,N6000,265.49487033833634
2,40,16,2,N6000,271.78196735975564
2,41,17,2,N6000,277.23554773060795
2,42,18,2,N6000,284.57049425559717
2,43,19,2,N6000,300.4073106163693
2,44,20,2,N6000,300.8121615609304
2,45,21,2,N6000,297.23994734421495
2,46,22,2,N6000,295.3585811900781
2,47,23,2,N6000,280.37909624131765
2,48,24,2,N6000,280.2838371955386
2,49,1,3,N6000,258.47340819570394
2,50,2,3,N6000,245.36494890032432
2,51,3,3,N6000,235.88073149271574
2,52,4,3,N6000,235.55125495746384
2,53,5,3,N6000,230.75031115807883
2,54,6,3,N6000,239.17549684523485
2,55,7,3,N6000,242.42319412128936
2,56,8,3,N6000,252.8017049817246
2,57,9,3,N6000,271.7466057587095
2,58,10,3,N6000,273.51165862613044
2,59,11,3,N6000,284.36085025121133
2,60,12,3,N6000,283.16061430136506
2,61,13,3,N6000,275.77092629642925
2,62,14,3,N6000,269.2990657825525
2,63,15,3,N6000,262.5683308481206
2,64,16,3,N6000,268.7813169414423
2,65,17,3,N6000,274.1706116966343
2,66,18,3,N6000,281.41909547217637
2,67,19,3,N6000,297.06923089664224
2,68,20,3,N6000,297.4693095465909
2,69,21,3,N6000,293.93920381174905
2,70,22,3,N6000,292.080014791399
2,71,23,3,N6000,277.27710474329524
2,72,24,3,N6000,277.18296859036604
2,73,1,4,N6000,259.5287174991483
2,74,2,4,N6000,246.3629167461529
2,75,3,4,N6000,236.83721171301625
2,76,4,4,N6000,236.50629392030186
2,77,5,4,N6000,231.68434894074878
2,78,6,4,N6000,240.14638964016055
2,79,7,4,N6000,243.408293596917
2,80,8,4,N6000,253.83220406742137
2,81,9,4,N6000,272.85997714850083
2,82,10,4,N6000,274.63275103804233
2,83,11,4,N6000,285.52940121242455
2,84,12,4,N6000,284.3239149675362
2,85,13,4,N6000,276.90190161665555
2,86,14,4,N6000,270.4017306883365
2,87,15,4,N6000,263.6415529228846
2,88,16,4,N6000,269.881717014071
2,89,17,4,N6000,275.29458662347116
2,90,18,4,N6000,282.57477806318855
2,91,19,4,N6000,298.2933732171237
2,92,20,4,N6000,298.6952019654198
2,93,21,4,N6000,295.1496541863367
2,94,22,4,N6000,293.2823323560196
2,95,23,4,N6000,278.41466866906427
2,96,24,4,N6000,278.32012072828877
2,97,1,5,N6000,260.686303475173
2,98,2,5,N6000,247.4576039426785
2,99,3,5,N6000,237.88639045687017
2,100,4,5,N6000,237.55389172535322
2,101,5,5,N6000,232.7089102089639
2,102,6,5,N6000,241.21137777203933
2,103,7,5,N6000,244.48886526842037
2,104,8,5,N6000,254.96257531120324
2,105,9,5,N6000,274.0812523734259
2,106,10,5,N6000,275.86249557798084
2,107,11,5,N6000,286.8112038086451
2,108,12,5,N6000,285.5999584295477
2,109,13,5,N6000,278.14248687981114
2,110,14,5,N6000,271.61126179644316
2,111,15,5,N6000,264.8187877097404
2,112,16,5,N6000,271.08876378977374
2,113,17,5,N6000,276.5274930410147
2,114,18,5,N6000,283.8424651343869
2,115,19,5,N6000,299.6361548814404
2,116,20,5,N6000,300.0399033411395
2,117,21,5,N6000,296.47741693202966
2,118,22,5,N6000,294.6011740898985
2,119,23,5,N6000,279.6624810810314
2,120,24,5,N6000,279.5674814434551
2,121,1,6,N6000,272.022832688262
2,122,2,6,N6000,258.9934482922114
2,123,3,6,N6000,249.34205244328513
2,124,4,6,N6000,243.67185738204094
2,125,5,6,N6000,239.8112990424704
2,126,6,6,N6000,247.2308096013325
2,127,7,6,N6000,245.30053043154726
2,128,8,6,N6000,252.23747119796303
2,129,9,6,N6000,266.29231640296194
2,130,10,6,N6000,276.3659608202787
2,131,11,6,N6000,285.4141444286471
2,132,12,6,N6000,284.7506109640335
2,133,13,6,N6000,282.15679832963446
2,134,14,6,N6000,276.48660326839035
2,135,15,6,N6000,275.70242735566507
2,136,16,6,N6000,268.1622743486914
2,137,17,6,N6000,280.28684038390503
2,138,18,6,N6000,293.97975824456927
2,139,19,6,N6000,299.8309169779808
2,140,20,6,N6000,308.6378156901261
2,141,21,6,N6000,293.0749398837324
2,142,22,6,N6000,296.0910010865218
2,143,23,6,N6000,287.70635094276713
2,144,24,6,N6000,282.76001057019243
2,145,1,7,N6000,270.23007524203945
2,146,2,7,N6000,257.29236594267076
2,147,3,7,N6000,247.70887757276805
2,148,4,7,N6000,242.07857815545015
2,149,5,7,N6000,238.24518280748913
2,150,6,7,N6000,245.61248949185185
2,151,7,7,N6000,243.69579181787128
2,152,8,7,N6000,250.58392408373888
2,153,9,7,N6000,264.53987902240965
2,154,10,7,N6000,274.54264500849564
2,155,11,7,N6000,283.5271653552794
2,156,12,7,N6000,282.86830052984857
2,157,13,7,N6000,280.29273803043725
2,158,14,7,N6000,274.6624386131194
2,159,15,7,N6000,273.8837801830648
2,160,16,7,N6000,266.3966798940784
2,161,17,7,N6000,278.4359371587686
2,162,18,7,N6000,292.03251128356806
2,163,19,7,N6000,297.84250110782165
2,164,20,7,N6000,306.5874342453579
2,165,21,7,N6000,291.13405924888974
2,166,22,7,N6000,294.12889936448425
2,167,23,7,N6000,285.8032438431313
2,168,24,7,N6000,280.89170605355616
1,1,1,1,N6001,1615.9533567609237
1,2,2,1,N6001,1654.6636035076588
1,3,3,1,N6001,1610.9472196392344
1,4,4,1,N6001,1592.8303532036907
1,5,5,1,N6001,1585.456018684613
1,6,6,1,N6001,1606.563128745077
1,7,7,1,N6001,1549.419511052594
1,8,8,1,N6001,1591.5345678614424
1,9,9,1,N6001,1615.7311898916118
1,10,10,1,N6001,1597.2108248444583
1,11,11,1,N6001,1591.596725365311
1,12,12,1,N6001,1593.1615447928684
1,13,13,1,N6001,1621.8675690773148
1,14,14,1,N6001,1704.9290183395783
1,15,15,1,N6001,1675.2941996924742
1,16,16,1,N6001,1616.4445577155452
1,17,17,1,N6001,1649.6934758417965
1,18,18,1,N6001,1653.8462467004601
1,19,19,1,N6001,1635.3763681226937
1,20,20,1,N6001,1620.4232353386908
1,21,21,1,N6001,1616.9278119217813
1,22,22,1,N6001,1741.6709470471455
1,23,23,1,N6001,1702.9649227626987
1,24,24,1,N6001,1605.9844355128582
1,25,1,2,N6001,1689.901949770583
1,26,2,2,N6001,1674.1358219066003
1,27,3,2,N6001,1644.9921296142606
1,28,4,2,N6001,1737.611196175174
1,29,5,2,N6001,1691.5142783100375
1,30,6,2,N6001,1652.2060829922016
1,31,7,2,N6001,1668.8882748380718
1,32,8,2,N6001,1606.8795539768585
1,33,9,2,N6001,1647.2188659496323
1,34,10,2,N6001,1675.6179341966335
1,35,11,2,N6001,1629.7936351189915
1,36,12,2,N6001,1167.3200448005791
1,37,13,2,N6001,1035.9780569025634
1,38,14,2,N6001,1104.1512807892727
1,39,15,2,N6001,1213.3556213309203
1,40,16,2,N6001,1227.3798010748062
1,41,17,2,N6001,1417.9997596108005
1,42,18,2,N6001,1450.2101450884193
1,43,19,2,N6001,1557.5002055983405
1,44,20,2,N6001,1508.6118892606619
1,45,21,2,N6001,1624.5581779224065
1,46,22,2,N6001,1637.6387449297897
1,47,23,2,N6001,1505.9807328278052
1,48,24,2,N6001,1597.3589903416496
1,49,1,3,N6001,1624.1986221043205
1,50,2,3,N6001,1406.1933014532415
1,51,3,3,N6001,1386.2698102729291
1,52,4,3,N6001,1451.024956172736
1,53,5,3,N6001,1397.3004008622079
1,54,6,3,N6001,1374.2062212319042
1,55,7,3,N6001,1238.462855872508
1,56,8,3,N6001,1464.0025990231484
1,57,9,3,N6001,1626.7530585839836
1,58,10,3,N6001,1661.6783233146557
1,59,11,3,N6001,1672.4470233052332
1,60,12,3,N6001,1765.9932263452051
1,61,13,3,N6001,1661.6759801451703
1,62,14,3,N6001,1744.3069254445206
1,63,15,3,N6001,1665.594150674403
1,64,16,3,N6001,1649.168031515042
1,65,17,3,N6001,1646.1121062945822
1,66,18,3,N6001,1569.2928017346242
1,67,19,3,N6001,1531.7065707344489
1,68,20,3,N6001,1556.784853104496
1,69,21,3,N6001,1654.5035181448188
1,70,22,3,N6001,1652.9255205843347
1,71,23,3,N6001,1712.24276678437
1,72,24,3,N6001,1636.9208342453633
1,73,1,4,N6001,1670.8055947212897
1,74,2,4,N6001,1609.5304349567632
1,75,3,4,N6001,1596.8182748948352
1,76,4,4,N6001,1622.7040186767897
1,77,5,4,N6001,1614.3368266619564
1,78,6,4,N6001,1654.448041882667
1,79,7,4,N6001,1652.296261328191
1,80,8,4,N6001,1446.402656960796
1,81,9,4,N6001,1632.5879838679743
1,82,10,4,N6001,1600.0585305180778
1,83,11,4,N6001,1623.4366241156863
1,84,12,4,N6001,1703.0018232112434
1,85,13,4,N6001,1669.7083220806894
1,86,14,4,N6001,1673.778551165446
1,87,15,4,N6001,1674.145322378091
1,88,16,4,N6001,1577.2870429541688
1,89,17,4,N6001,1625.542178143915
1,90,18,4,N6001,1615.6943795005793
1,91,19,4,N6001,1633.226873847811
1,92,20,4,N6001,1607.2731003740582
1,93,21,4,N6001,1631.7733107751524
1,94,22,4,N6001,1635.5229951735114
1,95,23,4,N6001,1686.8164963040651
1,96,24,4,N6001,1619.822578298735
1,97,1,5,N6001,1659.4304030300316
1,98,2,5,N6001,1618.5997177941902
1,99,3,5,N6001,1574.7267714982881
1,100,4,5,N6001,1618.5131530008207
1,101,5,5,N6001,1584.8740696577504
1,102,6,5,N6001,1600.8290151117335
1,103,7,5,N6001,1585.987967503814
1,104,8,5,N6001,1550.4240652454105
1,105,9,5,N6001,1589.0393598344517
1,106,10,5,N6001,1521.8558678756344
1,107,11,5,N6001,1530.5311450180598
1,108,12,5,N6001,1624.081891418428
1,109,13,5,N6001,1567.7703244188888
1,110,14,5,N6001,1619.5063349274071
1,111,15,5,N6001,1620.8125854789494
1,112,16,5,N6001,1546.2831048705693
1,113,17,5,N6001,1580.301577176601
1,114,18,5,N6001,1576.4754575760485
1,115,19,5,N6001,1616.9176225783508
1,116,20,5,N6001,1532.9882380277295
1,117,21,5,N6001,1563.6546544234934
1,118,22,5,N6001,1556.1550298298473
1,119,23,5,N6001,1674.4665968293868
1,120,24,5,N6001,1552.9839429163562
1,121,1,6,N6001,1544.5581274032916
1,122,2,6,N6001,1599.2746123934144
1,123,3,6,N6001,1606.9096074293752
1,124,4,6,N6001,1584.0184630193535
1,125,5,6,N6001,1541.3213550062353
1,126,6,6,N6001,1582.3268912853796
1,127,7,6,N6001,1595.250014897171
1,128,8,6,N6001,1575.9827929648213
1,129,9,6,N6001,1698.0879577020366
1,130,10,6,N6001,1623.9717204065328
1,131,11,6,N6001,1594.5215346355683
1,132,12,6,N6001,1655.5196892091867
1,133,13,6,N6001,1602.7767612964385
1,134,14,6,N6001,1665.5947201710144
1,135,15,6,N6001,1627.4575762320294
1,136,16,6,N6001,1609.4849418678452
1,137,17,6,N6001,1583.3010553160395
1,138,18,6,N6001,1641.7072666137556
1,139,19,6,N6001,1582.7795294360105
1,140,20,6,N6001,1627.373318138295
1,141,21,6,N6001,1626.3385707969535
1,142,22,6,N6001,1616.1894315864893
1,143,23,6,N6001,1619.5169210696147
1,144,24,6,N6001,1632.4006837741108
1,145,1,7,N6001,1660.0450481111964
1,146,2,7,N6001,1609.580153993441
1,147,3,7,N6001,1580.1390086017627
1,148,4,7,N6001,1579.2798722696018
1,149,5,7,N6001,1593.4891648772843
1,150,6,7,N6001,1617.4161358744059
1,151,7,7,N6001,1550.379027098085
1,152,8,7,N6001,1596.2248033800024
1,153,9,7,N6001,1618.4143530497604
1,154,10,7,N6001,1561.3708613857584
1,155,11,7,N6001,1571.0021507220767
1,156,12,7,N6001,1630.0264937230359
1,157,13,7,N6001,1559.3146039463952
1,158,14,7,N6001,1586.0879455003162
1,159,15,7,N6001,1628.79464093904
1,160,16,7,N6001,1534.959253332957
1,161,17,7,N6001,1565.756937887837
1,162,18,7,N6001,1606.1801231662366
1,163,19,7,N6001,1632.278089444956
1,164,20,7,N6001,1606.8549041665565
1,165,21,7,N6001,1624.7876637764773
1,166,22,7,N6001,1675.652588721437
1,167,23,7,N6001,1653.063008224475
1,168,24,7,N6001,1540.0195165604734
2,1,1,1,N6001,1892.1221340536367
2,2,2,1,N6001,1877.2525700310102
2,3,3,1,N6001,1871.752687982323
2,4,4,1,N6001,1997.0827168937833
2,5,5,1,N6001,1858.8917096036294
2,6,6,1,N6001,1842.4523988677229
2,7,7,1,N6001,1854.1992567404745
2,8,8,1,N6001,1912.803346029484
2,9,9,1,N6001,1849.8266836205335
2,10,10,1,N6001,1863.0586715948548
2,11,11,1,N6001,1805.19129101035
2,12,12,1,N6001,1945.3935391878117
2,13,13,1,N6001,1944.795616201986
2,14,14,1,N6001,1875.278326962808
2,15,15,1,N6001,1908.0203461540623
2,16,16,1,N6001,1836.7969438236735
2,17,17,1,N6001,1946.3986137719348
2,18,18,1,N6001,1946.1379777198144
2,19,19,1,N6001,1927.461604425464
2,20,20,1,N6001,1989.0608550329766
2,21,21,1,N6001,1910.596879084334
2,22,22,1,N6001,1878.4591850847155
2,23,23,1,N6001,1920.2869126067405
2,24,24,1,N6001,1896.3812065814434
2,25,1,2,N6001,1950.6488981530538
2,26,2,2,N6001,1879.9137202777906
2,27,3,2,N6001,1913.5110691400332
2,28,4,2,N6001,1905.8444758002597
2,29,5,2,N6001,1923.7026871349926
2,30,6,2,N6001,1948.177002537765
2,31,7,2,N6001,1899.8905654583868
2,32,8,2,N6001,1958.3882556612432
2,33,9,2,N6001,1916.2173726982032
2,34,10,2,N6001,1850.4312655898452
2,35,11,2,N6001,1861.4526605638064
2,36,12,2,N6001,1953.6672133974896
2,37,13,2,N6001,1922.1450484911475
2,38,14,2,N6001,1944.6941078884595
2,39,15,2,N6001,1962.505129661664
2,40,16,2,N6001,1859.2180326402445
2,41,17,2,N6001,1917.7644522693918
2,42,18,2,N6001,1971.4295057444028
2,43,19,2,N6001,1933.5926893836304
2,44,20,2,N6001,1940.1878384390693
2,45,21,2,N6001,1915.7600526557849
2,46,22,2,N6001,1865.6414188099218
2,47,23,2,N6001,1951.6209037586823
2,48,24,2,N6001,1873.7161628044614
2,49,1,3,N6001,1876.526591804296
2,50,2,3,N6001,1863.6350510996756
2,51,3,3,N6001,1846.1192685072842
2,52,4,3,N6001,1890.4487450425363
2,53,5,3,N6001,1870.2496888419214
2,54,6,3,N6001,1855.824503154765
2,55,7,3,N6001,1902.5768058787105
2,56,8,3,N6001,1808.1982950182755
2,57,9,3,N6001,1925.2533942412906
2,58,10,3,N6001,1852.4883413738694
2,59,11,3,N6001,1861.639149748789
2,60,12,3,N6001,1900.839385698635
2,61,13,3,N6001,1909.2290737035705
2,62,14,3,N6001,1875.7009342174474
2,63,15,3,N6001,1987.4316691518795
2,64,16,3,N6001,1834.2186830585574
2,65,17,3,N6001,1918.8293883033657
2,66,18,3,N6001,1982.5809045278238
2,67,19,3,N6001,1933.9307691033578
2,68,20,3,N6001,1978.5306904534089
2,69,21,3,N6001,1913.0607961882508
2,70,22,3,N6001,1903.9199852086008
2,71,23,3,N6001,1903.7228952567048
2,72,24,3,N6001,1877.8170314096337
2,73,1,4,N6001,1844.4712825008514
2,74,2,4,N6001,1971.6370832538469
2,75,3,4,N6001,1889.1627882869836
2,76,4,4,N6001,1808.4937060796979
2,77,5,4,N6001,1839.3156510592512
2,78,6,4,N6001,1912.8536103598394
2,79,7,4,N6001,1889.5917064030832
2,80,8,4,N6001,1899.1677959325784
2,81,9,4,N6001,1935.140022851499
2,82,10,4,N6001,1818.3672489619576
2,83,11,4,N6001,1947.4705987875755
2,84,12,4,N6001,1959.676085032464
2,85,13,4,N6001,1913.0980983833442
2,86,14,4,N6001,1877.5982693116634
2,87,15,4,N6001,1878.3584470771154
2,88,16,4,N6001,1815.118282985929
2,89,17,4,N6001,1859.7054133765287
2,90,18,4,N6001,1975.4252219368116
2,91,19,4,N6001,1931.7066267828761
2,92,20,4,N6001,1969.3047980345802
2,93,21,4,N6001,1956.8503458136631
2,94,22,4,N6001,1948.7176676439803
2,95,23,4,N6001,1964.5853313309356
2,96,24,4,N6001,1867.6798792717111
2,97,1,5,N6001,1966.313696524827
2,98,2,5,N6001,1993.5423960573216
2,99,3,5,N6001,1955.1136095431298
2,100,4,5,N6001,1926.446108274647
2,101,5,5,N6001,1848.291089791036
2,102,6,5,N6001,1887.7886222279608
2,103,7,5,N6001,1831.5111347315797
2,104,8,5,N6001,1954.0374246887968
2,105,9,5,N6001,1869.9187476265743
2,106,10,5,N6001,1824.137504422019
2,107,11,5,N6001,1798.1887961913549
2,108,12,5,N6001,1871.4000415704522
2,109,13,5,N6001,1866.857513120189
2,110,14,5,N6001,1881.3887382035566
2,111,15,5,N6001,1867.1812122902597
2,112,16,5,N6001,1828.911236210226
2,113,17,5,N6001,1877.4725069589852
2,114,18,5,N6001,1913.157534865613
2,115,19,5,N6001,1947.3638451185598
2,116,20,5,N6001,2019.9600966588603
2,117,21,5,N6001,1946.5225830679701
2,118,22,5,N6001,1989.3988259101013
2,119,23,5,N6001,2015.3375189189685
2,120,24,5,N6001,2013.432518556545
2,121,1,6,N6001,1930.977167311738
2,122,2,6,N6001,1939.0065517077883
2,123,3,6,N6001,1968.6579475567146
2,124,4,6,N6001,1996.3281426179592
2,125,5,6,N6001,1922.1887009575298
2,126,6,6,N6001,1852.7691903986674
2,127,7,6,N6001,2023.699469568453
2,128,8,6,N6001,1949.7625288020367
2,129,9,6,N6001,1997.7076835970379
2,130,10,6,N6001,1953.6340391797212
2,131,11,6,N6001,1922.585855571353
2,132,12,6,N6001,1997.2493890359665
2,133,13,6,N6001,1896.8432016703655
2,134,14,6,N6001,1964.5133967316096
2,135,15,6,N6001,1897.2975726443347
2,136,16,6,N6001,1924.8377256513086
2,137,17,6,N6001,1858.713159616095
2,138,18,6,N6001,1922.0202417554306
2,139,19,6,N6001,1965.169083022019
2,140,20,6,N6001,1988.362184309874
2,141,21,6,N6001,1985.9250601162676
2,142,22,6,N6001,1937.9089989134782
2,143,23,6,N6001,1939.2936490572329
2,144,24,6,N6001,1853.2399894298073
2,145,1,7,N6001,1938.7699247579608
2,146,2,7,N6001,1945.707634057329
2,147,3,7,N6001,1946.291122427232
2,148,4,7,N6001,1954.9214218445497
2,149,5,7,N6001,1906.7548171925107
2,150,6,7,N6001,1866.3875105081484
2,151,7,7,N6001,1912.3042081821286
2,152,8,7,N6001,1792.4160759162612
2,153,9,7,N6001,1865.4601209775901
2,154,10,7,N6001,1895.4573549915042
2,155,11,7,N6001,1893.4728346447205
2,156,12,7,N6001,1916.1316994701515
2,157,13,7,N6001,1893.7072619695625
2,158,14,7,N6001,2023.3375613868807
2,159,15,7,N6001,1864.116219816935
2,160,16,7,N6001,1852.6033201059215
2,161,17,7,N6001,1843.5640628412311
2,162,18,7,N6001,1867.967488716432
2,163,19,7,N6001,1926.1574988921784
2,164,20,7,N6001,1923.4125657546422
2,165,21,7,N6001,2052.86594075111
2,166,22,7,N6001,2095.8711006355156
2,167,23,7,N6001,2046.1967561568686
2,168,24,7,N6001,2034.1082939464436
1,1,1,1,N7004,401.7216333222332
1,2,2,1,N7004,399.9912918761503
1,3,3,1,N7004,416.7407019334528
1,4,4,1,N7004,406.57900576993006
1,5,5,1,N7004,456.67097457114136
1,6,6,1,N7004,456.0354598321935
1,7,7,1,N7004,433.23783865132276
1,8,8,1,N7004,386.86583487121925
1,9,9,1,N7004,391.7735593752092
1,10,10,1,N7004,376.61078073018393
1,11,11,1,N7004,344.7709675649406
1,12,12,1,N7004,343.0835881119765
1,13,13,1,N7004,354.45587371460306
1,14,14,1,N7004,365.49858373192967
1,15,15,1,N7004,406.2617469565874
1,16,16,1,N7004,363.0031818008441
1,17,17,1,N7004,374.074880160371
1,18,18,1,N7004,408.41625364267844
1,19,19,1,N7004,436.19397486462356
1,20,20,1,N7004,406.0571716822241
1,21,21,1,N7004,363.35620318096346
1,22,22,1,N7004,424.6810584211807
1,23,23,1,N7004,450.2693168656882
1,24,24,1,N7004,409.45495118120647
1,25,1,2,N7004,424.66229903583553
1,26,2,2,N7004,426.44853467409223
1,27,3,2,N7004,428.7970512126453
1,28,4,2,N7004,420.54019675982374
1,29,5,2,N7004,461.17596136620165
1,30,6,2,N7004,460.07153639884586
1,31,7,2,N7004,433.9719455865838
1,32,8,2,N7004,374.5867731468631
1,33,9,2,N7004,373.0584431852104
1,34,10,2,N7004,352.1391682087964
1,35,11,2,N7004,366.0880192635976
1,36,12,2,N7004,363.80739980321124
1,37,13,2,N7004,360.0477596405038
1,38,14,2,N7004,382.2898661901007
1,39,15,2,N7004,384.32781162434685
1,40,16,2,N7004,377.7415354866855
1,41,17,2,N7004,381.1438768584297
1,42,18,2,N7004,429.40218735208975
1,43,19,2,N7004,393.6384909103597
1,44,20,2,N7004,479.2092227802075
1,45,21,2,N7004,363.65327596761114
1,46,22,2,N7004,411.8666659285847
1,47,23,2,N7004,465.91688241772044
1,48,24,2,N7004,365.88097186072633
1,49,1,3,N7004,426.5517447240724
1,50,2,3,N7004,447.0019336980486
1,51,3,3,N7004,411.5741048256872
1,52,4,3,N7004,440.75399717691704
1,53,5,3,N7004,444.68020058366557
1,54,6,3,N7004,490.02689359735587
1,55,7,3,N7004,443.7319754773114
1,56,8,3,N7004,401.1367821753594
1,57,9,3,N7004,414.10567608193827
1,58,10,3,N7004,392.42619896987947
1,59,11,3,N7004,344.96011733527524
1,60,12,3,N7004,331.14833068077377
1,61,13,3,N7004,349.7837979330189
1,62,14,3,N7004,347.95910283790334
1,63,15,3,N7004,389.3022307093136
1,64,16,3,N7004,382.5392589193989
1,65,17,3,N7004,387.4503915662932
1,66,18,3,N7004,383.0227833848313
1,67,19,3,N7004,382.88989369099727
1,68,20,3,N7004,386.69453758002385
1,69,21,3,N7004,352.5475713360994
1,70,22,3,N7004,391.3468542599164
1,71,23,3,N7004,436.3319956133938
1,72,24,3,N7004,346.65805958222774
1,73,1,4,N7004,398.00194542252063
1,74,2,4,N7004,399.8181791691067
1,75,3,4,N7004,392.9911533340187
1,76,4,4,N7004,401.877573598158
1,77,5,4,N7004,424.3763191919446
1,78,6,4,N7004,434.1108607912247
1,79,7,4,N7004,401.47331659090014
1,80,8,4,N7004,422.2771347681388
1,81,9,4,N7004,335.9562366222155
1,82,10,4,N7004,372.27140892987865
1,83,11,4,N7004,351.7520393577228
1,84,12,4,N7004,313.6604232982283
1,85,13,4,N7004,329.2120789109703
1,86,14,4,N7004,387.5805614870222
1,87,15,4,N7004,389.3577359353723
1,88,16,4,N7004,339.9567150060062
1,89,17,4,N7004,393.23581194434695
1,90,18,4,N7004,386.44967214879136
1,91,19,4,N7004,384.22775653673614
1,92,20,4,N7004,360.23376419669313
1,93,21,4,N7004,330.82735326835723
1,94,22,4,N7004,397.96157087055116
1,95,23,4,N7004,432.09458102608767
1,96,24,4,N7004,386.3699094851525
1,97,1,5,N7004,398.29891955676544
1,98,2,5,N7004,391.79009313984193
1,99,3,5,N7004,415.7347762134048
1,100,4,5,N7004,422.7232948521487
1,101,5,5,N7004,430.4608129118432
1,102,6,5,N7004,461.2761385780578
1,103,7,5,N7004,389.50512139914116
1,104,8,5,N7004,382.0971618169365
1,105,9,5,N7004,354.8965050538143
1,106,10,5,N7004,350.89480715828506
1,107,11,5,N7004,313.0438124348896
1,108,12,5,N7004,310.08334766430596
1,109,13,5,N7004,308.0490207359881
1,110,14,5,N7004,352.2118979123223
1,111,15,5,N7004,350.91068878162
1,112,16,5,N7004,325.40546927595227
1,113,17,5,N7004,365.1635836881995
1,114,18,5,N7004,392.32592677469023
1,115,19,5,N7004,393.66659273794596
1,116,20,5,N7004,373.32774182566993
1,117,21,5,N7004,342.8436122444356
1,118,22,5,N7004,439.4662935008652
1,119,23,5,N7004,422.11148256839147
1,120,24,5,N7004,383.4643380056086
1,121,1,6,N7004,401.39996608432375
1,122,2,6,N7004,364.8277371372941
1,123,3,6,N7004,395.4304615966305
1,124,4,6,N7004,344.96443368345143
1,125,5,6,N7004,399.1832052201009
1,126,6,6,N7004,450.01460099730815
1,127,7,6,N7004,423.522130580064
1,128,8,6,N7004,316.53788896740053
1,129,9,6,N7004,319.4353842429791
1,130,10,6,N7004,339.69267239183216
1,131,11,6,N7004,336.93259167625854
1,132,12,6,N7004,359.37297936358914
1,133,13,6,N7004,309.2427648332418
1,134,14,6,N7004,346.50296053689055
1,135,15,6,N7004,403.59846796354253
1,136,16,6,N7004,344.56857368801224
1,137,17,6,N7004,418.2050999164355
1,138,18,6,N7004,368.0968949719499
1,139,19,6,N7004,372.52787260620414
1,140,20,6,N7004,360.8332006194164
1,141,21,6,N7004,361.7824694557327
1,142,22,6,N7004,434.46972684783964
1,143,23,6,N7004,418.481804336874
1,144,24,6,N7004,359.36480936811137
1,145,1,7,N7004,373.5419090054008
1,146,2,7,N7004,388.0715884595995
1,147,3,7,N7004,382.66026535439977
1,148,4,7,N7004,370.82933691430986
1,149,5,7,N7004,390.92988869641465
1,150,6,7,N7004,382.73348238488774
1,151,7,7,N7004,417.86600325684844
1,152,8,7,N7004,350.3664029381414
1,153,9,7,N7004,327.43819011631007
1,154,10,7,N7004,366.75921556119533
1,155,11,7,N7004,354.5460278408451
1,156,12,7,N7004,321.1254999750864
1,157,13,7,N7004,353.2602837788061
1,158,14,7,N7004,361.0304411461701
1,159,15,7,N7004,408.52399562996
1,160,16,7,N7004,368.8752273745251
1,161,17,7,N7004,397.7568071096067
1,162,18,7,N7004,417.8583001120469
1,163,19,7,N7004,377.33692157700557
1,164,20,7,N7004,362.68862359791297
1,165,21,7,N7004,407.408798206603
1,166,22,7,N7004,424.2893734730805
1,167,23,7,N7004,426.71372162093104
1,168,24,7,N7004,351.5176515755158
2,1,1,1,N7004,527.098550739805
2,2,2,1,N7004,511.31071058584627
2,3,3,1,N7004,530.5500307304088
2,4,4,1,N7004,530.7808756673872
2,5,5,1,N7004,499.953948967766
2,6,6,1,N7004,527.6356708024749
2,7,7,1,N7004,535.7472374205404
2,8,8,1,N7004,529.3844877429449
2,9,9,1,N7004,518.2315908202102
2,10,10,1,N7004,503.4484926077637
2,11,11,1,N7004,506.7967679838232
2,12,12,1,N7004,544.3818505306109
2,13,13,1,N7004,522.55307352531
2,14,14,1,N7004,508.69381427212596
2,15,15,1,N7004,522.7579808818525
2,16,16,1,N7004,514.2500896715185
2,17,17,1,N7004,489.0508598963629
2,18,18,1,N7004,496.0904824458325
2,19,19,1,N7004,511.4824572188715
2,20,20,1,N7004,507.43684418403853
2,21,21,1,N7004,495.19521209659933
2,22,22,1,N7004,484.76913986536476
2,23,23,1,N7004,482.3732720585969
2,24,24,1,N7004,466.252759987162
2,25,1,2,N7004,518.3198190652811
2,26,2,2,N7004,491.9709000361374
2,27,3,2,N7004,495.1004742527012
2,28,4,2,N7004,500.7931934884333
2,29,5,2,N7004,499.17644302162984
2,30,6,2,N7004,455.744688081723
2,31,7,2,N7004,549.2040905413281
2,32,8,2,N7004,532.267464199898
2,33,9,2,N7004,504.86183442942473
2,34,10,2,N7004,526.3868735877161
2,35,11,2,N7004,507.6365727302303
2,36,12,2,N7004,506.47499691584227
2,37,13,2,N7004,531.4959966364629
2,38,14,2,N7004,534.1668082202256
2,39,15,2,N7004,541.7432638878847
2,40,16,2,N7004,522.7712268527777
2,41,17,2,N7004,507.12459786030547
2,42,18,2,N7004,498.21960183894987
2,43,19,2,N7004,548.3421234028883
2,44,20,2,N7004,541.8623290153206
2,45,21,2,N7004,551.5264692577648
2,46,22,2,N7004,527.2134301003058
2,47,23,2,N7004,533.0843469945115
2,48,24,2,N7004,483.64123401781427
2,49,1,3,N7004,490.8856224109313
2,50,2,3,N7004,534.1267895184545
2,51,3,3,N7004,543.2506217323635
2,52,4,3,N7004,532.5815031283797
2,53,5,3,N7004,576.9811290085815
2,54,6,3,N7004,544.5133706541454
2,55,7,3,N7004,562.8620697756719
2,56,8,3,N7004,559.9323485163785
2,57,9,3,N7004,515.6907573738978
2,58,10,3,N7004,522.0801009874071
2,59,11,3,N7004,477.9557371747147
2,60,12,3,N7004,508.8992144241691
2,61,13,3,N7004,501.1505175991857
2,62,14,3,N7004,498.3238833267424
2,63,15,3,N7004,509.4897814771274
2,64,16,3,N7004,517.2202898001527
2,65,17,3,N7004,522.8173792182833
2,66,18,3,N7004,486.6959690129907
2,67,19,3,N7004,492.08811583330595
2,68,20,3,N7004,505.6061053707109
2,69,21,3,N7004,481.9210280969968
2,70,22,3,N7004,476.9844147428902
2,71,23,3,N7004,506.9905402399296
2,72,24,3,N7004,502.99007547598467
2,73,1,4,N7004,521.4996668885483
2,74,2,4,N7004,519.8006763397915
2,75,3,4,N7004,525.3822074231425
2,76,4,4,N7004,540.7494302221849
2,77,5,4,N7004,526.7220875291406
2,78,6,4,N7004,532.8821879005492
2,79,7,4,N7004,513.8400137341458
2,80,8,4,N7004,518.7423159911501
2,81,9,4,N7004,525.8155255263295
2,82,10,4,N7004,506.24613976839674
2,83,11,4,N7004,482.0974572027292
2,84,12,4,N7004,462.6854693780376
2,85,13,4,N7004,496.9510005101361
2,86,14,4,N7004,468.93214304723216
2,87,15,4,N7004,503.3646670468827
2,88,16,4,N7004,482.9532738309389
2,89,17,4,N7004,494.29492147295394
2,90,18,4,N7004,454.3240145036931
2,91,19,4,N7004,479.34548700375456
2,92,20,4,N7004,509.2446911937751
2,93,21,4,N7004,481.12739075501935
2,94,22,4,N7004,510.6271652729045
2,95,23,4,N7004,541.6507278892072
2,96,24,4,N7004,479.47776022934084
2,97,1,5,N7004,514.1882809759559
2,98,2,5,N7004,512.5706337127326
2,99,3,5,N7004,501.4130454156917
2,100,4,5,N7004,520.4025467488809
2,101,5,5,N7004,524.9663097720985
2,102,6,5,N7004,539.9463125062508
2,103,7,5,N7004,544.0587041520888
2,104,8,5,N7004,494.84437784029126
2,105,9,5,N7004,506.3111775725846
2,106,10,5,N7004,474.6942135878263
2,107,11,5,N7004,474.6101999043184
2,108,12,5,N7004,484.23388847421916
2,109,13,5,N7004,439.4353304874235
2,110,14,5,N7004,455.9948668949799
2,111,15,5,N7004,459.2566054990687
2,112,16,5,N7004,481.50757928892205
2,113,17,5,N7004,454.89252766594
2,114,18,5,N7004,461.26088904059407
2,115,19,5,N7004,473.5786079620611
2,116,20,5,N7004,475.01602605124225
2,117,21,5,N7004,506.1366944388225
2,118,22,5,N7004,479.8182975808336
2,119,23,5,N7004,588.4119473071139
2,120,24,5,N7004,494.1219529753824
2,121,1,6,N7004,496.5713703347209
2,122,2,6,N7004,504.9028342350073
2,123,3,6,N7004,540.0906723717976
2,124,4,6,N7004,543.69957118327
2,125,5,6,N7004,554.3816073123475
2,126,6,6,N7004,542.8460539743116
2,127,7,6,N7004,540.9161453410536
2,128,8,6,N7004,517.2343366003208
2,129,9,6,N7004,454.2790388363877
2,130,10,6,N7004,508.9419796550355
2,131,11,6,N7004,476.4456837302912
2,132,12,6,N7004,479.285198051912
2,133,13,6,N7004,465.65295034468096
2,134,14,6,N7004,508.6460354358862
2,135,15,6,N7004,472.39730769692335
2,136,16,6,N7004,458.7805618118194
2,137,17,6,N7004,466.60462239259687
2,138,18,6,N7004,448.7686280310426
2,139,19,6,N7004,547.1146972181522
2,140,20,6,N7004,490.97386740571693
2,141,21,6,N7004,535.815687815626
2,142,22,6,N7004,527.2052612205935
2,143,23,6,N7004,513.236482636936
2,144,24,6,N7004,525.3701956220578
2,145,1,7,N7004,511.26914214157216
2,146,2,7,N7004,525.6689518909095
2,147,3,7,N7004,534.3606580342268
2,148,4,7,N7004,560.1285854263319
2,149,5,7,N7004,546.3974080322064
2,150,6,7,N7004,551.5612103463584
2,151,7,7,N7004,547.7251744400444
2,152,8,7,N7004,535.8733379866499
2,153,9,7,N7004,492.34489797771477
2,154,10,7,N7004,478.39534969752185
2,155,11,7,N7004,476.0030254905843
2,156,12,7,N7004,492.14218610447807
2,157,13,7,N7004,467.48476676492385
2,158,14,7,N7004,479.31675131958485
2,159,15,7,N7004,495.74633142771523
2,160,16,7,N7004,559.9467522368695
2,161,17,7,N7004,468.3508055766894
2,162,18,7,N7004,496.5851593539829
2,163,19,7,N7004,506.1303256513578
2,164,20,7,N7004,495.83609261879656
2,165,21,7,N7004,407.87672183829505
2,166,22,7,N7004,398.79850280793613
2,167,23,7,N7004,440.7954377507557
2,168,24,7,N7004,396.9588656646717
1,1,1,1,N7005,537.2745649768495
1,2,2,1,N7005,487.3801070423868
1,3,3,1,N7005,474.3796022295346
1,4,4,1,N7005,464.6326746274698
1,5,5,1,N7005,444.46647199750794
1,6,6,1,N7005,430.4186974101754
1,7,7,1,N7005,456.34258756994063
1,8,8,1,N7005,481.99666071311594
1,9,9,1,N7005,520.9121474577049
1,10,10,1,N7005,550.6284665991243
1,11,11,1,N7005,574.5838680472938
1,12,12,1,N7005,573.1486541561806
1,13,13,1,N7005,572.4804202703045
1,14,14,1,N7005,543.471677010043
1,15,15,1,N7005,541.4557203374493
1,16,16,1,N7005,567.288889229372
1,17,17,1,N7005,547.0191457919769
1,18,18,1,N7005,551.828309666661
1,19,19,1,N7005,546.0584837453825
1,20,20,1,N7005,545.7260324412665
1,21,21,1,N7005,557.0447986386597
1,22,22,1,N7005,539.8389627964542
1,23,23,1,N7005,543.5936143074517
1,24,24,1,N7005,585.9715266307134
1,25,1,2,N7005,543.945602372499
1,26,2,2,N7005,493.8751430466208
1,27,3,2,N7005,479.53614805807524
1,28,4,2,N7005,469.8642822043281
1,29,5,2,N7005,448.678568192125
1,30,6,2,N7005,434.4595223594563
1,31,7,2,N7005,460.3703808602962
1,32,8,2,N7005,485.21651849813406
1,33,9,2,N7005,523.9580636714697
1,34,10,2,N7005,553.4861671312871
1,35,11,2,N7005,581.5164316666433
1,36,12,2,N7005,580.0194601423839
1,37,13,2,N7005,578.0723502216877
1,38,14,2,N7005,549.7162637413642
1,39,15,2,N7005,544.4153633045186
1,40,16,2,N7005,573.5888539924998
1,41,17,2,N7005,552.4785942219219
1,42,18,2,N7005,558.4682302666552
1,43,19,2,N7005,547.3159643762333
1,44,20,2,N7005,556.6663755806055
1,45,21,2,N7005,562.0418477115826
1,46,22,2,N7005,543.5303568989273
1,47,23,2,N7005,549.6770186701985
1,48,24,2,N7005,587.5418280344433
1,49,1,3,N7005,537.0225984864726
1,50,2,3,N7005,489.2100090157766
1,51,3,3,N7005,471.9188778696674
1,52,4,3,N7005,465.4982773960009
1,53,5,3,N7005,441.58937435217985
1,54,6,3,N7005,431.44598357073585
1,55,7,3,N7005,455.279250485141
1,56,8,3,N7005,481.1124026558571
1,57,9,3,N7005,520.5232849332342
1,58,10,3,N7005,549.5523940523336
1,59,11,3,N7005,572.0800499514046
1,60,12,3,N7005,569.638353522575
1,61,13,3,N7005,569.5841058437256
1,62,14,3,N7005,539.6390339232179
1,63,15,3,N7005,537.6965282424459
1,64,16,3,N7005,566.4413558194981
1,65,17,3,N7005,545.7550115807035
1,66,18,3,N7005,547.3177802986603
1,67,19,3,N7005,539.254602326238
1,68,20,3,N7005,541.746373782534
1,69,21,3,N7005,553.7107349501205
1,70,22,3,N7005,534.7269544886589
1,71,23,3,N7005,540.0938882435369
1,72,24,3,N7005,578.1803777580515
1,73,1,4,N7005,518.3474987328941
1,74,2,4,N7005,470.58782510160484
1,75,3,4,N7005,456.1507073880283
1,76,4,4,N7005,448.32326660691024
1,77,5,4,N7005,426.7527512569252
1,78,6,4,N7005,414.0881425930679
1,79,7,4,N7005,438.1619085902177
1,80,8,4,N7005,468.33433212359375
1,81,9,4,N7005,498.208639330485
1,82,10,4,N7005,531.0786330968032
1,83,11,4,N7005,554.9957669900808
1,84,12,4,N7005,550.5684244830779
1,85,13,4,N7005,550.308984667667
1,86,14,4,N7005,526.3583797037389
1,87,15,4,N7005,521.2871746210251
1,88,16,4,N7005,545.51918641309
1,89,17,4,N7005,529.557287186656
1,90,18,4,N7005,530.8603163660077
1,91,19,4,N7005,522.8843119362317
1,92,20,4,N7005,522.9841004863093
1,93,21,4,N7005,534.8629459105938
1,94,22,4,N7005,518.9673641635869
1,95,23,4,N7005,523.375758819325
1,96,24,4,N7005,563.6514995658054
1,97,1,5,N7005,513.995798783075
1,98,2,5,N7005,465.9731729699075
1,99,3,5,N7005,454.2307726868424
1,100,4,5,N7005,446.32215711018034
1,101,5,5,N7005,423.7305452123836
1,102,6,5,N7005,412.94789198619856
1,103,7,5,N7005,433.5120160907923
1,104,8,5,N7005,461.07206263480896
1,105,9,5,N7005,495.54870412706293
1,106,10,5,N7005,524.7828253151221
1,107,11,5,N7005,547.021439171386
1,108,12,5,N7005,545.5389947111536
1,109,13,5,N7005,543.8250809140446
1,110,14,5,N7005,518.9482720509961
1,111,15,5,N7005,513.6670936239373
1,112,16,5,N7005,539.638713273736
1,113,17,5,N7005,522.731874854779
1,114,18,5,N7005,526.8529294294236
1,115,19,5,N7005,519.2447036385893
1,116,20,5,N7005,519.6307411742416
1,117,21,5,N7005,531.2902708755142
1,118,22,5,N7005,518.0511251844282
1,119,23,5,N7005,518.1459346536044
1,120,24,5,N7005,558.61488988442
1,121,1,6,N7005,529.9619704968279
1,122,2,6,N7005,466.35038138904713
1,123,3,6,N7005,443.48464690447526
1,124,4,6,N7005,449.9570787843258
1,125,5,6,N7005,423.2343462082354
1,126,6,6,N7005,401.2482283587201
1,127,7,6,N7005,412.31328930668116
1,128,8,6,N7005,441.10655064693987
1,129,9,6,N7005,469.52236390216365
1,130,10,6,N7005,495.5017704570363
1,131,11,6,N7005,522.4736313680821
1,132,12,6,N7005,533.0911429840336
1,133,13,6,N7005,539.2677797867337
1,134,14,6,N7005,527.482698606739
1,135,15,6,N7005,480.1126762367626
1,136,16,6,N7005,521.0063364588356
1,137,17,6,N7005,521.0024981304938
1,138,18,6,N7005,522.4853302325298
1,139,19,6,N7005,531.4370340024692
1,140,20,6,N7005,524.7933068551483
1,141,21,6,N7005,514.0240225963954
1,142,22,6,N7005,524.7894685268066
1,143,23,6,N7005,551.1424848383723
1,144,24,6,N7005,570.4936830507709
1,145,1,7,N7005,534.0496520538053
1,146,2,7,N7005,473.92296777557715
1,147,3,7,N7005,447.72141379297534
1,148,4,7,N7005,457.5581685088714
1,149,5,7,N7005,427.582617912669
1,150,6,7,N7005,400.32844007114466
1,151,7,7,N7005,416.71108337916036
1,152,8,7,N7005,449.2889686682351
1,153,9,7,N7005,475.91219033170483
1,154,10,7,N7005,503.79732435128363
1,155,11,7,N7005,530.3312480217976
1,156,12,7,N7005,536.3970190241814
1,157,13,7,N7005,549.5771417589517
1,158,14,7,N7005,535.1370115529224
1,159,15,7,N7005,486.2915556751244
1,160,16,7,N7005,529.3956795534241
1,161,17,7,N7005,525.575051272089
1,162,18,7,N7005,532.9940152947944
1,163,19,7,N7005,538.3028138147165
1,164,20,7,N7005,531.3392228842422
1,165,21,7,N7005,524.0848983622453
1,166,22,7,N7005,530.2508331562932
1,167,23,7,N7005,558.4991071614656
1,168,24,7,N7005,576.8214062441928
2,1,1,1,N7005,634.8501992693743
2,2,2,1,N7005,601.4281477127028
2,3,3,1,N7005,579.8071264389482
2,4,4,1,N7005,579.0194886528076
2,5,5,1,N7005,564.687363905055
2,6,6,1,N7005,587.6329072901074
2,7,7,1,N7005,596.2641427863152
2,8,8,1,N7005,621.150628565119
2,9,9,1,N7005,666.6168908040764
2,10,10,1,N7005,669.7051743578595
2,11,11,1,N7005,696.555321715258
2,12,12,1,N7005,696.7544170443496
2,13,13,1,N7005,676.8336456698594
2,14,14,1,N7005,659.8262084881419
2,15,15,1,N7005,644.5165333008065
2,16,16,1,N7005,659.0221806263313
2,17,17,1,N7005,670.1167186944392
2,18,18,1,N7005,688.4566901944925
2,19,19,1,N7005,728.0704549819587
2,20,20,1,N7005,728.712448015732
2,21,21,1,N7005,719.0446872010615
2,22,22,1,N7005,713.6207461380404
2,23,23,1,N7005,677.1671543162101
2,24,24,1,N7005,675.5904519606904
2,25,1,2,N7005,640.2455755459355
2,26,2,2,N7005,605.6086167741828
2,27,3,2,N7005,582.4014099843464
2,28,4,2,N7005,582.0615003094158
2,29,5,2,N7005,570.0466337586854
2,30,6,2,N7005,587.2678200308413
2,31,7,2,N7005,603.1085916420657
2,32,8,2,N7005,627.3757451488151
2,33,9,2,N7005,671.966071530032
2,34,10,2,N7005,678.131130954158
2,35,11,2,N7005,703.4115242462505
2,36,12,2,N7005,700.344561345758
2,37,13,2,N7005,684.148293757457
2,38,14,2,N7005,668.3568065823783
2,39,15,2,N7005,652.3343882414598
2,40,16,2,N7005,666.1240488920224
2,41,17,2,N7005,678.1531891707965
2,42,18,2,N7005,695.3458279868652
2,43,19,2,N7005,738.2573559672044
2,44,20,2,N7005,738.7062441512257
2,45,21,2,N7005,730.7780651945407
2,46,22,2,N7005,724.1472533600571
2,47,23,2,N7005,688.0079445955796
2,48,24,2,N7005,683.6462223961341
2,49,1,3,N7005,636.3639782150742
2,50,2,3,N7005,607.6246228511046
2,51,3,3,N7005,584.9805059723611
2,52,4,3,N7005,583.2764613317066
2,53,5,3,N7005,575.1358818053675
2,54,6,3,N7005,593.2170725957727
2,55,7,3,N7005,602.7642552995618
2,56,8,3,N7005,628.1326342464822
2,57,9,3,N7005,671.1921464600281
2,58,10,3,N7005,676.0816503906215
2,59,11,3,N7005,699.1716287268162
2,60,12,3,N7005,698.7935359308498
2,61,13,3,N7005,679.9095350494724
2,62,14,3,N7005,663.701652319058
2,63,15,3,N7005,648.023352677998
2,64,16,3,N7005,664.0018633440483
2,65,17,3,N7005,677.7694413235021
2,66,18,3,N7005,692.6415598370929
2,67,19,3,N7005,731.71465428805
2,68,20,3,N7005,733.8308342897892
2,69,21,3,N7005,723.1410802441402
2,70,22,3,N7005,718.1405699209155
2,71,23,3,N7005,684.1142938234707
2,72,24,3,N7005,683.5479143386085
2,73,1,4,N7005,626.3429220879095
2,74,2,4,N7005,594.534218881742
2,75,3,4,N7005,572.0887619501023
2,76,4,4,N7005,572.576078650794
2,77,5,4,N7005,559.8068104078086
2,78,6,4,N7005,580.6743996691242
2,79,7,4,N7005,586.9299101450592
2,80,8,4,N7005,612.4112213433185
2,81,9,4,N7005,658.7681161179452
2,82,10,4,N7005,661.3978955684854
2,83,11,4,N7005,685.5903322171384
2,84,12,4,N7005,681.0698436373848
2,85,13,4,N7005,666.0795355316221
2,86,14,4,N7005,648.1053698588216
2,87,15,4,N7005,634.720875874318
2,88,16,4,N7005,648.025460360051
2,89,17,4,N7005,661.9917694847865
2,90,18,4,N7005,676.1645311115313
2,91,19,4,N7005,716.0608625975475
2,92,20,4,N7005,719.524109853717
2,93,21,4,N7005,708.6482828151206
2,94,22,4,N7005,706.6203379441874
2,95,23,4,N7005,673.4507777012028
2,96,24,4,N7005,668.0315680613106
2,97,1,5,N7005,616.4225598054911
2,98,2,5,N7005,585.1265090987414
2,99,3,5,N7005,561.6492387470252
2,100,4,5,N7005,562.4517511121637
2,101,5,5,N7005,551.4202169728426
2,102,6,5,N7005,572.6991879590959
2,103,7,5,N7005,580.7629078809939
2,104,8,5,N7005,601.3246596637222
2,105,9,5,N7005,647.3173543296714
2,106,10,5,N7005,648.8729778451142
2,107,11,5,N7005,674.6562785388436
2,108,12,5,N7005,672.6067531474837
2,109,13,5,N7005,651.2993102330128
2,110,14,5,N7005,637.2974476624016
2,111,15,5,N7005,621.5697554728544
2,112,16,5,N7005,638.1971313058485
2,113,17,5,N7005,648.785863422274
2,114,18,5,N7005,666.5484985627519
2,115,19,5,N7005,704.7800496827437
2,116,20,5,N7005,705.8511352250973
2,117,21,5,N7005,700.0582466510735
2,118,22,5,N7005,693.4409107397479
2,119,23,5,N7005,667.3201474088453
2,120,24,5,N7005,659.2226143980888
2,121,1,6,N7005,644.2104405218254
2,122,2,6,N7005,614.0840353528231
2,123,3,6,N7005,594.1912142739521
2,124,4,6,N7005,581.0792435890091
2,125,5,6,N7005,572.8387719000724
2,126,6,6,N7005,589.4269777981148
2,127,7,6,N7005,584.6995778306716
2,128,8,6,N7005,599.1319412895813
2,129,9,6,N7005,627.1227585313326
2,130,10,6,N7005,655.5175008343567
2,131,11,6,N7005,674.2081306666248
2,132,12,6,N7005,672.8756008933117
2,133,13,6,N7005,665.6013429066064
2,134,14,6,N7005,655.7781778877765
2,135,15,6,N7005,650.8961653949307
2,136,16,6,N7005,631.9222080130573
2,137,17,6,N7005,661.2572665171128
2,138,18,6,N7005,692.1596343467012
2,139,19,6,N7005,714.2135153436676
2,140,20,6,N7005,730.3589106591803
2,141,21,6,N7005,697.2881378807577
2,142,22,6,N7005,703.703870195756
2,143,23,6,N7005,682.7027853989526
2,144,24,6,N7005,672.0150262087425
2,145,1,7,N7005,634.1856882328417
2,146,2,7,N7005,605.1414162905551
2,147,3,7,N7005,583.4622320036088
2,148,4,7,N7005,572.4510692844812
2,149,5,7,N7005,562.3424404786624
2,150,6,7,N7005,579.9974849495987
2,151,7,7,N7005,575.1961555979289
2,152,8,7,N7005,590.3100469593785
2,153,9,7,N7005,619.3024414051138
2,154,10,7,N7005,641.5227840721183
2,155,11,7,N7005,662.3276909384854
2,156,12,7,N7005,662.1350603316164
2,157,13,7,N7005,654.0546827479558
2,158,14,7,N7005,641.8797887931266
2,159,15,7,N7005,641.4313474857449
2,160,16,7,N7005,629.2885514825562
2,161,17,7,N7005,649.7860348285254
2,162,18,7,N7005,683.9308473717267
2,163,19,7,N7005,698.3109497462489
2,164,20,7,N7005,717.8958770681206
2,165,21,7,N7005,674.4227155806994
2,166,22,7,N7005,680.6661920627672
2,167,23,7,N7005,664.7088407460755
2,168,24,7,N7005,649.5656770822585
1,1,1,1,N7006,103.89252862153398
1,2,2,1,N7006,103.89252862153398
1,3,3,1,N7006,103.89252862153398
1,4,4,1,N7006,103.89252862153398
1,5,5,1,N7006,103.89252862153398
1,6,6,1,N7006,103.89252862153398
1,7,7,1,N7006,103.89252862153398
1,8,8,1,N7006,103.89252862153398
1,9,9,1,N7006,103.89252862153398
1,10,10,1,N7006,103.89252862153398
1,11,11,1,N7006,103.89252862153398
1,12,12,1,N7006,103.89252862153398
1,13,13,1,N7006,103.89252862153398
1,14,14,1,N7006,103.89252862153398
1,15,15,1,N7006,103.89252862153398
1,16,16,1,N7006,103.89252862153398
1,17,17,1,N7006,103.89252862153398
1,18,18,1,N7006,103.89252862153398
1,19,19,1,N7006,103.89252862153398
1,20,20,1,N7006,103.89252862153398
1,21,21,1,N7006,103.89252862153398
1,22,22,1,N7006,103.89252862153398
1,23,23,1,N7006,103.89252862153398
1,24,24,1,N7006,103.89252862153398
1,25,1,2,N7006,103.89252862153398
1,26,2,2,N7006,103.89252862153398
1,27,3,2,N7006,103.89252862153398
1,28,4,2,N7006,103.89252862153398
1,29,5,2,N7006,103.89252862153398
1,30,6,2,N7006,103.89252862153398
1,31,7,2,N7006,103.89252862153398
1,32,8,2,N7006,103.89252862153398
1,33,9,2,N7006,103.89252862153398
1,34,10,2,N7006,103.89252862153398
1,35,11,2,N7006,103.89252862153398
1,36,12,2,N7006,103.89252862153398
1,37,13,2,N7006,103.89252862153398
1,38,14,2,N7006,103.89252862153398
1,39,15,2,N7006,103.89252862153398
1,40,16,2,N7006,103.89252862153398
1,41,17,2,N7006,103.89252862153398
1,42,18,2,N7006,103.89252862153398
1,43,19,2,N7006,103.89252862153398
1,44,20,2,N7006,103.89252862153398
1,45,21,2,N7006,103.89252862153398
1,46,22,2,N7006,103.89252862153398
1,47,23,2,N7006,103.89252862153398
1,48,24,2,N7006,103.89252862153398
1,49,1,3,N7006,103.89252862153398
1,50,2,3,N7006,103.89252862153398
1,51,3,3,N7006,103.89252862153398
1,52,4,3,N7006,103.89252862153398
1,53,5,3,N7006,103.89252862153398
1,54,6,3,N7006,103.89252862153398
1,55,7,3,N7006,103.89252862153398
1,56,8,3,N7006,103.89252862153398
1,57,9,3,N7006,103.89252862153398
1,58,10,3,N7006,103.89252862153398
1,59,11,3,N7006,103.89252862153398
1,60,12,3,N7006,103.89252862153398
1,61,13,3,N7006,103.89252862153398
1,62,14,3,N7006,103.89252862153398
1,63,15,3,N7006,103.89252862153398
1,64,16,3,N7006,103.89252862153398
1,65,17,3,N7006,103.89252862153398
1,66,18,3,N7006,103.89252862153398
1,67,19,3,N7006,103.89252862153398
1,68,20,3,N7006,103.89252862153398
1,69,21,3,N7006,103.89252862153398
1,70,22,3,N7006,103.89252862153398
1,71,23,3,N7006,103.89252862153398
1,72,24,3,N7006,103.89252862153398
1,73,1,4,N7006,103.89252862153398
1,74,2,4,N7006,103.89252862153398
1,75,3,4,N7006,103.89252862153398
1,76,4,4,N7006,103.89252862153398
1,77,5,4,N7006,103.89252862153398
1,78,6,4,N7006,103.89252862153398
1,79,7,4,N7006,103.89252862153398
1,80,8,4,N7006,103.89252862153398
1,81,9,4,N7006,103.89252862153398
1,82,10,4,N7006,103.89252862153398
1,83,11,4,N7006,103.89252862153398
1,84,12,4,N7006,103.89252862153398
1,85,13,4,N7006,103.89252862153398
1,86,14,4,N7006,103.89252862153398
1,87,15,4,N7006,103.89252862153398
1,88,16,4,N7006,103.89252862153398
1,89,17,4,N7006,103.89252862153398
1,90,18,4,N7006,103.89252862153398
1,91,19,4,N7006,103.89252862153398
1,92,20,4,N7006,103.89252862153398
1,93,21,4,N7006,103.89252862153398
1,94,22,4,N7006,103.89252862153398
1,95,23,4,N7006,103.89252862153398
1,96,24,4,N7006,103.89252862153398
1,97,1,5,N7006,103.89252862153398
1,98,2,5,N7006,103.89252862153398
1,99,3,5,N7006,103.89252862153398
1,100,4,5,N7006,103.89252862153398
1,101,5,5,N7006,103.89252862153398
1,102,6,5,N7006,103.89252862153398
1,103,7,5,N7006,103.89252862153398
1,104,8,5,N7006,103.89252862153398
1,105,9,5,N7006,103.89252862153398
1,106,10,5,N7006,103.89252862153398
1,107,11,5,N7006,103.89252862153398
1,108,12,5,N7006,103.89252862153398
1,109,13,5,N7006,103.89252862153398
1,110,14,5,N7006,103.89252862153398
1,111,15,5,N7006,103.89252862153398
1,112,16,5,N7006,103.89252862153398
1,113,17,5,N7006,103.89252862153398
1,114,18,5,N7006,103.89252862153398
1,115,19,5,N7006,103.89252862153398
1,116,20,5,N7006,103.89252862153398
1,117,21,5,N7006,103.89252862153398
1,118,22,5,N7006,103.89252862153398
1,119,23,5,N7006,103.89252862153398
1,120,24,5,N7006,103.89252862153398
1,121,1,6,N7006,103.89252862153398
1,122,2,6,N7006,103.89252862153398
1,123,3,6,N7006,103.89252862153398
1,124,4,6,N7006,103.89252862153398
1,125,5,6,N7006,103.89252862153398
1,126,6,6,N7006,103.89252862153398
1,127,7,6,N7006,103.89252862153398
1,128,8,6,N7006,103.89252862153398
1,129,9,6,N7006,103.89252862153398
1,130,10,6,N7006,103.89252862153398
1,131,11,6,N7006,103.89252862153398
1,132,12,6,N7006,103.89252862153398
1,133,13,6,N7006,103.89252862153398
1,134,14,6,N7006,103.89252862153398
1,135,15,6,N7006,103.89252862153398
1,136,16,6,N7006,103.89252862153398
1,137,17,6,N7006,103.89252862153398
1,138,18,6,N7006,103.89252862153398
1,139,19,6,N7006,103.89252862153398
1,140,20,6,N7006,103.89252862153398
1,141,21,6,N7006,103.89252862153398
1,142,22,6,N7006,103.89252862153398
1,143,23,6,N7006,103.89252862153398
1,144,24,6,N7006,103.89252862153398
1,145,1,7,N7006,103.89252862153398
1,146,2,7,N7006,103.89252862153398
1,147,3,7,N7006,103.89252862153398
1,148,4,7,N7006,103.89252862153398
1,149,5,7,N7006,103.89252862153398
1,150,6,7,N7006,103.89252862153398
1,151,7,7,N7006,103.89252862153398
1,152,8,7,N7006,103.89252862153398
1,153,9,7,N7006,103.89252862153398
1,154,10,7,N7006,103.89252862153398
1,155,11,7,N7006,103.89252862153398
1,156,12,7,N7006,103.89252862153398
1,157,13,7,N7006,103.89252862153398
1,158,14,7,N7006,103.89252862153398
1,159,15,7,N7006,103.89252862153398
1,160,16,7,N7006,103.89252862153398
1,161,17,7,N7006,103.89252862153398
1,162,18,7,N7006,103.89252862153398
1,163,19,7,N7006,103.89252862153398
1,164,20,7,N7006,103.89252862153398
1,165,21,7,N7006,103.89252862153398
1,166,22,7,N7006,103.89252862153398
1,167,23,7,N7006,103.89252862153398
1,168,24,7,N7006,103.89252862153398
2,1,1,1,N7006,103.89252862153398
2,2,2,1,N7006,103.89252862153398
2,3,3,1,N7006,103.89252862153398
2,4,4,1,N7006,103.89252862153398
2,5,5,1,N7006,103.89252862153398
2,6,6,1,N7006,103.89252862153398
2,7,7,1,N7006,103.89252862153398
2,8,8,1,N7006,103.89252862153398
2,9,9,1,N7006,103.89252862153398
2,10,10,1,N7006,103.89252862153398
2,11,11,1,N7006,103.89252862153398
2,12,12,1,N7006,103.89252862153398
2,13,13,1,N7006,103.89252862153398
2,14,14,1,N7006,103.89252862153398
2,15,15,1,N7006,103.89252862153398
2,16,16,1,N7006,103.89252862153398
2,17,17,1,N7006,103.89252862153398
2,18,18,1,N7006,103.89252862153398
2,19,19,1,N7006,103.89252862153398
2,20,20,1,N7006,103.89252862153398
2,21,21,1,N7006,103.89252862153398
2,22,22,1,N7006,103.89252862153398
2,23,23,1,N7006,103.89252862153398
2,24,24,1,N7006,103.89252862153398
2,25,1,2,N7006,103.89252862153398
2,26,2,2,N7006,103.89252862153398
2,27,3,2,N7006,103.89252862153398
2,28,4,2,N7006,103.89252862153398
2,29,5,2,N7006,103.89252862153398
2,30,6,2,N7006,103.89252862153398
2,31,7,2,N7006,103.89252862153398
2,32,8,2,N7006,103.89252862153398
2,33,9,2,N7006,103.89252862153398
2,34,10,2,N7006,103.89252862153398
2,35,11,2,N7006,103.89252862153398
2,36,12,2,N7006,103.89252862153398
2,37,13,2,N7006,103.89252862153398
2,38,14,2,N7006,103.89252862153398
2,39,15,2,N7006,103.89252862153398
2,40,16,2,N7006,103.89252862153398
2,41,17,2,N7006,103.89252862153398
2,42,18,2,N7006,103.89252862153398
2,43,19,2,N7006,103.89252862153398
2,44,20,2,N7006,103.89252862153398
2,45,21,2,N7006,103.89252862153398
2,46,22,2,N7006,103.89252862153398
2,47,23,2,N7006,103.89252862153398
2,48,24,2,N7006,103.89252862153398
2,49,1,3,N7006,103.89252862153398
2,50,2,3,N7006,103.89252862153398
2,51,3,3,N7006,103.89252862153398
2,52,4,3,N7006,103.89252862153398
2,53,5,3,N7006,103.89252862153398
2,54,6,3,N7006,103.89252862153398
2,55,7,3,N7006,103.89252862153398
2,56,8,3,N7006,103.89252862153398
2,57,9,3,N7006,103.89252862153398
2,58,10,3,N7006,103.89252862153398
2,59,11,3,N7006,103.89252862153398
2,60,12,3,N7006,103.89252862153398
2,61,13,3,N7006,103.89252862153398
2,62,14,3,N7006,103.89252862153398
2,63,15,3,N7006,103.89252862153398
2,64,16,3,N7006,103.89252862153398
2,65,17,3,N7006,103.89252862153398
2,66,18,3,N7006,103.89252862153398
2,67,19,3,N7006,103.89252862153398
2,68,20,3,N7006,103.89252862153398
2,69,21,3,N7006,103.89252862153398
2,70,22,3,N7006,103.89252862153398
2,71,23,3,N7006,103.89252862153398
2,72,24,3,N7006,103.89252862153398
2,73,1,4,N7006,103.89252862153398
2,74,2,4,N7006,103.89252862153398
2,75,3,4,N7006,103.89252862153398
2,76,4,4,N7006,103.89252862153398
2,77,5,4,N7006,103.89252862153398
2,78,6,4,N7006,103.89252862153398
2,79,7,4,N7006,103.89252862153398
2,80,8,4,N7006,103.89252862153398
2,81,9,4,N7006,103.89252862153398
2,82,10,4,N7006,103.89252862153398
2,83,11,4,N7006,103.89252862153398
2,84,12,4,N7006,103.89252862153398
2,85,13,4,N7006,103.89252862153398
2,86,14,4,N7006,103.89252862153398
2,87,15,4,N7006,103.89252862153398
2,88,16,4,N7006,103.89252862153398
2,89,17,4,N7006,103.89252862153398
2,90,18,4,N7006,103.89252862153398
2,91,19,4,N7006,103.89252862153398
2,92,20,4,N7006,103.89252862153398
2,93,21,4,N7006,103.89252862153398
2,94,22,4,N7006,103.89252862153398
2,95,23,4,N7006,103.89252862153398
2,96,24,4,N7006,103.89252862153398
2,97,1,5,N7006,103.89252862153398
2,98,2,5,N7006,103.89252862153398
2,99,3,5,N7006,103.89252862153398
2,100,4,5,N7006,103.89252862153398
2,101,5,5,N7006,103.89252862153398
2,102,6,5,N7006,103.89252862153398
2,103,7,5,N7006,103.89252862153398
2,104,8,5,N7006,103.89252862153398
2,105,9,5,N7006,103.89252862153398
2,106,10,5,N7006,103.89252862153398
2,107,11,5,N7006,103.89252862153398
2,108,12,5,N7006,103.89252862153398
2,109,13,5,N7006,103.89252862153398
2,110,14,5,N7006,103.89252862153398
2,111,15,5,N7006,103.89252862153398
2,112,16,5,N7006,103.89252862153398
2,113,17,5,N7006,103.89252862153398
2,114,18,5,N7006,103.89252862153398
2,115,19,5,N7006,103.89252862153398
2,116,20,5,N7006,103.89252862153398
2,117,21,5,N7006,103.89252862153398
2,118,22,5,N7006,103.89252862153398
2,119,23,5,N7006,103.89252862153398
2,120,24,5,N7006,103.89252862153398
2,121,1,6,N7006,103.89252862153398
2,122,2,6,N7006,103.89252862153398
2,123,3,6,N7006,103.89252862153398
2,124,4,6,N7006,103.89252862153398
2,125,5,6,N7006,103.89252862153398
2,126,6,6,N7006,103.89252862153398
2,127,7,6,N7006,103.89252862153398
2,128,8,6,N7006,103.89252862153398
2,129,9,6,N7006,103.89252862153398
2,130,10,6,N7006,103.89252862153398
2,131,11,6,N7006,103.89252862153398
2,132,12,6,N7006,103.89252862153398
2,133,13,6,N7006,103.89252862153398
2,134,14,6,N7006,103.89252862153398
2,135,15,6,N7006,103.89252862153398
2,136,16,6,N7006,103.89252862153398
2,137,17,6,N7006,103.89252862153398
2,138,18,6,N7006,103.89252862153398
2,139,19,6,N7006,103.89252862153398
2,140,20,6,N7006,103.89252862153398
2,141,21,6,N7006,103.89252862153398
2,142,22,6,N7006,103.89252862153398
2,143,23,6,N7006,103.89252862153398
2,144,24,6,N7006,103.89252862153398
2,145,1,7,N7006,103.89252862153398
2,146,2,7,N7006,103.89252862153398
2,147,3,7,N7006,103.89252862153398
2,148,4,7,N7006,103.89252862153398
2,149,5,7,N7006,103.89252862153398
2,150,6,7,N7006,103.89252862153398
2,151,7,7,N7006,103.89252862153398
2,152,8,7,N7006,103.89252862153398
2,153,9,7,N7006,103.89252862153398
2,154,10,7,N7006,103.89252862153398
2,155,11,7,N7006,103.89252862153398
2,156,12,7,N7006,103.89252862153398
2,157,13,7,N7006,103.89252862153398
2,158,14,7,N7006,103.89252862153398
2,159,15,7,N7006,103.89252862153398
2,160,16,7,N7006,103.89252862153398
2,161,17,7,N7006,103.89252862153398
2,162,18,7,N7006,103.89252862153398
2,163,19,7,N7006,103.89252862153398
2,164,20,7,N7006,103.89252862153398
2,165,21,7,N7006,103.89252862153398
2,166,22,7,N7006,103.89252862153398
2,167,23,7,N7006,103.89252862153398
2,168,24,7,N7006,103.89252862153398
1,1,1,1,N7008,147.38872831444854
1,2,2,1,N7008,139.01138196129352
1,3,3,1,N7008,139.39588076231263
1,4,4,1,N7008,136.29308350751205
1,5,5,1,N7008,140.48823294137568
1,6,6,1,N7008,138.10745200883923
1,7,7,1,N7008,138.92315923751522
1,8,8,1,N7008,136.176263242157
1,9,9,1,N7008,143.24131044150334
1,10,10,1,N7008,145.8137124603451
1,11,11,1,N7008,144.95946553984933
1,12,12,1,N7008,144.47406315361607
1,13,13,1,N7008,146.06274484442753
1,14,14,1,N7008,142.99052432150017
1,15,15,1,N7008,148.74676135937494
1,16,16,1,N7008,146.49371857795654
1,17,17,1,N7008,144.84787876300004
1,18,18,1,N7008,150.75622145984033
1,19,19,1,N7008,153.96341129219223
1,20,20,1,N7008,149.4111132102298
1,21,21,1,N7008,144.87944047014545
1,22,22,1,N7008,151.23292908448704
1,23,23,1,N7008,155.66319189209295
1,24,24,1,N7008,156.46721247435738
1,25,1,2,N7008,151.8983820804379
1,26,2,2,N7008,144.01727794003529
1,27,3,2,N7008,142.0345027585363
1,28,4,2,N7008,139.22823538173168
1,29,5,2,N7008,141.84605782462643
1,30,6,2,N7008,139.36741753486
1,31,7,2,N7008,139.68815431470884
1,32,8,2,N7008,134.86744977998288
1,33,9,2,N7008,140.9435509671071
1,34,10,2,N7008,142.62611463060284
1,35,11,2,N7008,149.2693365782451
1,36,12,2,N7008,148.68533805641928
1,37,13,2,N7008,147.80733307220873
1,38,14,2,N7008,146.51293088907158
1,39,15,2,N7008,145.95452418601184
1,40,16,2,N7008,149.71871770349503
1,41,17,2,N7008,146.7913815400495
1,42,18,2,N7008,154.96904969791748
1,43,19,2,N7008,147.81623058086993
1,44,20,2,N7008,162.11000905733692
1,45,21,2,N7008,145.7369262775194
1,46,22,2,N7008,149.92094325178357
1,47,23,2,N7008,158.9886596026932
1,48,24,2,N7008,150.2189155638712
1,49,1,3,N7008,151.05385358316653
1,50,2,3,N7008,146.3259310798679
1,51,3,3,N7008,138.2242963655963
1,52,4,3,N7008,141.53487605996838
1,53,5,3,N7008,138.23032192385494
1,54,6,3,N7008,143.34815679857405
1,55,7,3,N7008,140.31647582828776
1,56,8,3,N7008,138.16244478383544
1,57,9,3,N7008,146.51131021233127
1,58,10,3,N7008,147.99920772767
1,59,11,3,N7008,144.58026406205292
1,60,12,3,N7008,142.12140053238005
1,61,13,3,N7008,144.89409098145663
1,62,14,3,N7008,139.74892571405013
1,63,15,3,N7008,145.60368021772027
1,64,16,3,N7008,149.27174604176832
1,65,17,3,N7008,146.63859276114425
1,66,18,3,N7008,146.23203237230402
1,67,19,3,N7008,144.90011653971527
1,68,20,3,N7008,145.87346881091025
1,69,21,3,N7008,142.7236154227068
1,70,22,3,N7008,145.42563546865858
1,71,23,3,N7008,153.01342325456272
1,72,24,3,N7008,145.8263738023624
1,73,1,4,N7008,143.75362283618
1,74,2,4,N7008,136.2530188440652
1,75,3,4,N7008,132.88474106349548
1,76,4,4,N7008,132.93740199656645
1,77,5,4,N7008,132.78548779502216
1,78,6,4,N7008,132.1776105316714
1,79,7,4,N7008,131.22355566160164
1,80,8,4,N7008,139.2385284776562
1,81,9,4,N7008,131.21562377662863
1,82,10,4,N7008,141.98477354508464
1,83,11,4,N7008,142.8139816944823
1,84,12,4,N7008,136.40801208300581
1,85,13,4,N7008,138.68702488767684
1,86,14,4,N7008,143.50170451751725
1,87,15,4,N7008,142.94175248540182
1,88,16,4,N7008,139.51134236809
1,89,17,4,N7008,144.86634586408303
1,90,18,4,N7008,144.0654864356742
1,91,19,4,N7008,142.43594924933922
1,92,20,4,N7008,138.87085941766998
1,93,21,4,N7008,136.41466272786218
1,94,22,4,N7008,143.84846417142404
1,95,23,4,N7008,149.66049151216652
1,96,24,4,N7008,149.38952707472876
1,97,1,5,N7008,143.08981854103735
1,98,2,5,N7008,134.30383250292823
1,99,3,5,N7008,135.96701823046976
1,100,4,5,N7008,135.7231904124954
1,101,5,5,N7008,133.20186688879105
1,102,6,5,N7008,136.04673518785523
1,103,7,5,N7008,128.68053666143436
1,104,8,5,N7008,132.05953850274062
1,105,9,5,N7008,133.60979809824437
1,106,10,5,N7008,137.76963020778143
1,107,11,5,N7008,135.73879388249043
1,108,12,5,N7008,135.05568600198367
1,109,13,5,N7008,134.47314700988545
1,110,14,5,N7008,137.01679052961475
1,111,15,5,N7008,135.963193019784
1,112,16,5,N7008,136.38253263930508
1,113,17,5,N7008,139.56563769571238
1,114,18,5,N7008,144.2904703146799
1,115,19,5,N7008,143.25252855861382
1,116,20,5,N7008,140.2795826669677
1,117,21,5,N7008,137.6268382258864
1,118,22,5,N7008,149.894337475493
1,119,23,5,N7008,147.31939738645423
1,120,24,5,N7008,148.13626092269197
1,121,1,6,N7008,146.1507743808626
1,122,2,6,N7008,130.34082976651953
1,123,3,6,N7008,131.1877456984273
1,124,4,6,N7008,124.70844531313534
1,125,5,6,N7008,128.45264720872302
1,126,6,6,N7008,132.4620172976566
1,127,7,6,N7008,130.3083304060837
1,128,8,6,N7008,119.02531508568514
1,129,9,6,N7008,124.08175717288722
1,130,10,6,N7008,131.33284649263732
1,131,11,6,N7008,135.30987523676515
1,132,12,6,N7008,140.38704792401347
1,133,13,6,N7008,133.90973756907704
1,134,14,6,N7008,137.5534429317105
1,135,15,6,N7008,138.36719392537836
1,136,16,6,N7008,136.21085142564587
1,137,17,6,N7008,147.20116756509483
1,138,18,6,N7008,139.96334288002936
1,139,19,6,N7008,142.0813739438895
1,140,20,6,N7008,139.25473405783086
1,141,21,6,N7008,137.64398931288707
1,142,22,6,N7008,150.24505019727982
1,143,23,6,N7008,152.14699824887822
1,144,24,6,N7008,146.4721575802238
1,145,1,7,N7008,142.65786669355603
1,146,2,7,N7008,135.04244140038855
1,147,3,7,N7008,129.97110236760514
1,148,4,7,N7008,129.80591168203247
1,149,5,7,N7008,127.92833507454267
1,150,6,7,N7008,122.27000806740119
1,151,7,7,N7008,130.17973159650575
1,152,8,7,N7008,125.40602155102428
1,153,9,7,N7008,126.31603548840809
1,154,10,7,N7008,136.72267556530727
1,155,11,7,N7008,139.2174762672857
1,156,12,7,N7008,135.2162023996295
1,157,13,7,N7008,142.15735538795707
1,158,14,7,N7008,140.96735361297877
1,159,15,7,N7008,140.10783331362
1,160,16,7,N7008,141.20400301171952
1,161,17,7,N7008,144.89313728478282
1,162,18,7,N7008,149.10072432657503
1,163,19,7,N7008,143.91640367416352
1,164,20,7,N7008,140.59685762394108
1,165,21,7,N7008,146.09130212960343
1,166,22,7,N7008,149.61423784642304
1,167,23,7,N7008,154.57279546852664
1,168,24,7,N7008,146.3305747224605
2,1,1,1,N7008,181.98040379330928
2,2,2,1,N7008,174.18531685647577
2,3,3,1,N7008,173.53868432295934
2,4,4,1,N7008,173.44497171535807
2,5,5,1,N7008,166.51156908919864
2,6,6,1,N7008,174.37713917768673
2,7,7,1,N7008,176.99238438893707
2,8,8,1,N7008,180.09233836030597
2,9,9,1,N7008,185.82616257187942
2,10,10,1,N7008,184.1221878081455
2,11,11,1,N7008,188.9911400288193
2,12,12,1,N7008,194.63346316337288
2,13,13,1,N7008,188.13370595844606
2,14,14,1,N7008,183.2975462343957
2,15,15,1,N7008,182.90548752180328
2,16,16,1,N7008,183.99603689061252
2,17,17,1,N7008,182.0401749337809
2,18,18,1,N7008,186.07527672671984
2,19,19,1,N7008,194.81882371370165
2,20,20,1,N7008,194.31944643351454
2,21,21,1,N7008,190.9190816922807
2,22,22,1,N7008,188.48028190878924
2,23,23,1,N7008,182.19076473304338
2,24,24,1,N7008,179.52805850510097
2,25,1,2,N7008,181.54805864342458
2,26,2,2,N7008,171.97893603770981
2,27,3,2,N7008,168.66966107642497
2,28,4,2,N7008,169.46404089378598
2,29,5,2,N7008,167.26760634733682
2,30,6,2,N7008,163.58732832009562
2,31,7,2,N7008,180.11470874630845
2,32,8,2,N7008,181.53563180395992
2,33,9,2,N7008,184.70104684204148
2,34,10,2,N7008,188.91706981940825
2,35,11,2,N7008,190.2321644456646
2,36,12,2,N7008,189.5597167824454
2,37,13,2,N7008,190.65879719402167
2,38,14,2,N7008,188.48777074346168
2,39,15,2,N7008,187.0113793074607
2,40,16,2,N7008,186.4235480275861
2,41,17,2,N7008,186.04558430797442
2,42,18,2,N7008,187.51410281285484
2,43,19,2,N7008,201.9781375482542
2,44,20,2,N7008,201.08401292809128
2,45,21,2,N7008,201.23636322519891
2,46,22,2,N7008,196.5284155834264
2,47,23,2,N7008,191.52393511324067
2,48,24,2,N7008,183.43432640984906
2,49,1,3,N7008,176.82161502001244
2,50,2,3,N7008,178.5991517262397
2,51,3,3,N7008,176.27620469097843
2,52,4,3,N7008,174.40644818371533
2,53,5,3,N7008,179.70883192763733
2,54,6,3,N7008,177.8049772599271
2,55,7,3,N7008,182.09725783875098
2,56,8,3,N7008,185.7880395082843
2,57,9,3,N7008,186.19142797046916
2,58,10,3,N7008,187.94074193309814
2,59,11,3,N7008,185.1120848589836
2,60,12,3,N7008,189.6691632920652
2,61,13,3,N7008,185.43969833470626
2,62,14,3,N7008,182.3803686621082
2,63,15,3,N7008,181.49573183413332
2,64,16,3,N7008,185.24968603207168
2,65,17,3,N7008,188.32543342391628
2,66,18,3,N7008,185.35404066907233
2,67,19,3,N7008,192.5170391502931
2,68,20,3,N7008,194.8790810431634
2,69,21,3,N7008,189.60437113476598
2,70,22,3,N7008,188.05382724246863
2,71,23,3,N7008,186.99559583110573
2,72,24,3,N7008,186.30632490986756
2,73,1,4,N7008,179.76037112147273
2,74,2,4,N7008,174.33070899469442
2,75,3,4,N7008,171.51136730596377
2,76,4,4,N7008,173.88436775651303
2,77,5,4,N7008,169.7127761339558
2,78,6,4,N7008,174.02790766242245
2,79,7,4,N7008,172.20361301656015
2,80,8,4,N7008,177.0817744016821
2,81,9,4,N7008,185.68094378483045
2,82,10,4,N7008,183.18796071860373
2,83,11,4,N7008,183.52025858216768
2,84,12,4,N7008,179.88724111778322
2,85,13,4,N7008,182.56239414725735
2,86,14,4,N7008,175.45547095173794
2,87,15,4,N7008,178.41685536567562
2,88,16,4,N7008,177.53525267540002
2,89,17,4,N7008,181.5007676773567
2,90,18,4,N7008,177.84099863775435
2,91,19,4,N7008,188.0678189584363
2,92,20,4,N7008,193.09411200293835
2,93,21,4,N7008,187.12757257269786
2,94,22,4,N7008,191.2006926479778
2,95,23,4,N7008,190.43373235434433
2,96,24,4,N7008,180.27199403041936
2,97,1,5,N7008,177.05478718680712
2,98,2,5,N7008,171.72068769526803
2,99,3,5,N7008,166.23497391122368
2,100,4,5,N7008,169.1999235562641
2,101,5,5,N7008,168.08600128089506
2,102,6,5,N7008,173.78452788546429
2,103,7,5,N7008,175.7105098187832
2,104,8,5,N7008,171.71072248470006
2,105,9,5,N7008,180.90641185582598
2,106,10,5,N7008,176.4404229347207
2,107,11,5,N7008,180.6234712438016
2,108,12,5,N7008,181.72638777295674
2,109,13,5,N7008,171.57252961876156
2,110,14,5,N7008,171.76574203865377
2,111,15,5,N7008,169.69329801692305
2,112,16,5,N7008,175.7201541859635
2,113,17,5,N7008,173.47066028320575
2,114,18,5,N7008,177.3116229921875
2,115,19,5,N7008,185.37138777263226
2,116,20,5,N7008,185.7602282927696
2,117,21,5,N7008,189.46263140684698
2,118,22,5,N7008,184.45755822924826
2,119,23,5,N7008,196.41567506740319
2,120,24,5,N7008,181.0243396915674
2,121,1,6,N7008,178.9470818535383
2,122,2,6,N7008,175.28831091489866
2,123,3,6,N7008,177.30336537228382
2,124,4,6,N7008,175.70838159654383
2,125,5,6,N7008,175.9618445402989
2,126,6,6,N7008,176.9393713862267
2,127,7,6,N7008,175.88204820267788
2,128,8,6,N7008,174.69582324297198
2,129,9,6,N7008,169.85396214292896
2,130,10,6,N7008,182.63345269855643
2,131,11,6,N7008,180.82450951205234
2,132,12,6,N7008,181.03149766576442
2,133,13,6,N7008,177.81305332507492
2,134,14,6,N7008,182.63169893289444
2,135,15,6,N7008,176.426811468709
2,136,16,6,N7008,171.30684709445092
2,137,17,6,N7008,177.24820936512276
2,138,18,6,N7008,179.61460871590947
2,139,19,6,N7008,197.88239824041113
2,140,20,6,N7008,192.13011373380982
2,141,21,6,N7008,193.44173293834876
2,142,22,6,N7008,193.2005463542277
2,143,23,6,N7008,187.69817345446148
2,144,24,6,N7008,187.7700778466035
2,145,1,7,N7008,179.5095838345026
2,146,2,7,N7008,176.93266046141957
2,147,3,7,N7008,174.7022332416126
2,148,4,7,N7008,176.75654589581262
2,149,5,7,N7008,173.06211232338077
2,150,6,7,N7008,176.7057756247395
2,151,7,7,N7008,175.3519149449512
2,152,8,7,N7008,176.0423257122963
2,153,9,7,N7008,174.26308662664235
2,154,10,7,N7008,175.79679170596734
2,155,11,7,N7008,178.8251938267489
2,156,12,7,N7008,181.20276878136104
2,157,13,7,N7008,176.20753855776752
2,158,14,7,N7008,175.99241312240034
2,159,15,7,N7008,178.37170910315052
2,160,16,7,N7008,185.9782860544804
2,161,17,7,N7008,175.64218713519446
2,162,18,7,N7008,185.41264401836185
2,163,19,7,N7008,189.17735188080104
2,164,20,7,N7008,190.8277989558613
2,165,21,7,N7008,170.62486852156778
2,166,22,7,N7008,170.2858292042594
2,167,23,7,N7008,173.95760448713452
2,168,24,7,N7008,164.95041420052667
1,1,1,1,N7010,250.2954320069574
1,2,2,1,N7010,240.907289374857
1,3,3,1,N7010,245.16011081050522
1,4,4,1,N7010,239.50009813944922
1,5,5,1,N7010,255.4873503422936
1,6,6,1,N7010,252.78634761365748
1,7,7,1,N7010,248.4350367684213
1,8,8,1,N7010,234.85507519504498
1,9,9,1,N7010,243.56320253918705
1,10,10,1,N7010,242.8477973314337
1,11,11,1,N7010,234.63101673704983
1,12,12,1,N7010,233.7231675667868
1,13,13,1,N7010,238.03562803350763
1,14,14,1,N7010,237.26996847360337
1,15,15,1,N7010,252.7939243625123
1,16,16,1,N7010,240.4578348958027
1,17,17,1,N7010,241.2297595417333
1,18,18,1,N7010,255.4446468387619
1,19,19,1,N7010,265.2555310771579
1,20,20,1,N7010,253.46007191535386
1,21,21,1,N7010,238.806163315903
1,22,22,1,N7010,259.68533076865356
1,23,23,1,N7010,270.30696413125986
1,24,24,1,N7010,261.81241026800967
1,25,1,2,N7010,260.395262199409
1,26,2,2,N7010,252.34598336283133
1,27,3,2,N7010,250.75631018733247
1,28,4,2,N7010,245.85128692256563
1,29,5,2,N7010,257.9775657455853
1,30,6,2,N7010,255.06402325330123
1,31,7,2,N7010,249.42441665905832
1,32,8,2,N7010,230.63510141449572
1,33,9,2,N7010,236.8061960276405
1,34,10,2,N7010,233.8159329092657
1,35,11,2,N7010,244.14417357090338
1,36,12,2,N7010,242.99448875764546
1,37,13,2,N7010,241.19015092559783
1,38,14,2,N7010,244.90031439571743
1,39,15,2,N7010,244.7682148875095
1,40,16,2,N7010,247.29829759355204
1,41,17,2,N7010,244.93643517026112
1,42,18,2,N7010,264.77773195359407
1,43,19,2,N7010,248.90104890448436
1,44,20,2,N7010,283.86140276834067
1,45,21,2,N7010,239.7946149066664
1,46,22,2,N7010,255.33921676875065
1,47,23,2,N7010,277.4637150570959
1,48,24,2,N7010,245.11588934909733
1,49,1,3,N7010,259.92202089807023
1,50,2,3,N7010,259.53614524983277
1,51,3,3,N7010,242.71810037381158
1,52,4,3,N7010,252.96142904365158
1,53,5,3,N7010,250.3148034784229
1,54,6,3,N7010,266.2044267517042
1,55,7,3,N7010,252.3364781715323
1,56,8,3,N7010,240.2587495449658
1,57,9,3,N7010,252.192986886286
1,58,10,3,N7010,248.81949652208874
1,59,11,3,N7010,234.26738520011094
1,60,12,3,N7010,228.46165184828223
1,61,13,3,N7010,235.71014186976902
1,62,14,3,N7010,229.76947496604328
1,63,15,3,N7010,245.53213841899813
1,64,16,3,N7010,247.91853600775588
1,65,17,3,N7010,246.21834145614517
1,66,18,3,N7010,244.76686125573943
1,67,19,3,N7010,243.30684497438034
1,68,20,3,N7010,245.223837298518
1,69,21,3,N7010,234.014215358635
1,70,22,3,N7010,245.80981345696432
1,71,23,3,N7010,264.26755051874557
1,72,24,3,N7010,235.99412524355313
1,73,1,4,N7010,245.541051047954
1,74,2,4,N7010,237.90704165729713
1,75,3,4,N7010,232.72662805708336
1,76,4,4,N7010,234.82053908908512
1,77,5,4,N7010,239.81577746388484
1,78,6,4,N7010,241.39517997836066
1,79,7,4,N7010,232.88837943211138
1,80,8,4,N7010,246.26056237313043
1,81,9,4,N7010,217.85876265598353
1,82,10,4,N7010,237.74329949881925
1,83,11,4,N7010,233.92881406081875
1,84,12,4,N7010,218.3200042676063
1,85,13,4,N7010,224.3316032016212
1,86,14,4,N7010,242.88135537597302
1,87,15,4,N7010,242.68781028810946
1,88,16,4,N7010,227.67976838721162
1,89,17,4,N7010,245.64260790113548
1,90,18,4,N7010,243.22718490252765
1,91,19,4,N7010,240.96877981077938
1,92,20,4,N7010,231.64125625879092
1,93,21,4,N7010,222.26300512129296
1,94,22,4,N7010,245.63358781957976
1,95,23,4,N7010,259.69732813154565
1,96,24,4,N7010,248.92320409415484
1,97,1,5,N7010,244.89667547823942
1,98,2,5,N7010,233.97437539681692
1,99,3,5,N7010,241.2492752914072
1,100,4,5,N7010,242.58983221240783
1,101,5,5,N7010,241.65767031691936
1,102,6,5,N7010,251.77610561931394
1,103,7,5,N7010,227.41500208553765
1,104,8,5,N7010,229.34327018910608
1,105,9,5,N7010,224.77087213182077
1,106,10,5,N7010,228.3181611003319
1,107,11,5,N7010,217.46036027165817
1,108,12,5,N7010,216.0484329706332
1,109,13,5,N7010,214.9567821727233
1,110,14,5,N7010,227.81210580416297
1,111,15,5,N7010,226.38294864504795
1,112,16,5,N7010,220.9854442623108
1,113,17,5,N7010,233.51722346041632
1,114,18,5,N7010,244.81590979883526
1,115,19,5,N7010,244.00925880530556
1,116,20,5,N7010,236.15529926941238
1,117,21,5,N7010,226.3190043324564
1,118,22,5,N7010,261.63842840450485
1,119,23,5,N7010,254.89580047227594
1,120,24,5,N7010,246.91190985481276
1,121,1,6,N7010,248.89298423631408
1,122,2,6,N7010,223.53921405855687
1,123,3,6,N7010,231.46449890866262
1,124,4,6,N7010,212.93990112379677
1,125,5,6,N7010,229.38930240814796
1,126,6,6,N7010,245.34668561826163
1,127,7,6,N7010,236.96119827175573
1,128,8,6,N7010,200.3228279643725
1,129,9,6,N7010,206.4142289917223
1,130,10,6,N7010,218.84123086941395
1,131,11,6,N7010,222.47698213912133
1,132,12,6,N7010,233.07123307301129
1,133,13,6,N7010,214.62576314009306
1,134,14,6,N7010,227.07920790108966
1,135,15,6,N7010,241.0428981162401
1,136,16,6,N7010,225.1947040696324
1,137,17,6,N7010,253.87328760180623
1,138,18,6,N7010,234.61660183959373
1,139,19,6,N7010,237.9057803899523
1,140,20,6,N7010,232.1907026998473
1,141,21,6,N7010,230.67952516470618
1,142,22,6,N7010,260.86928623202107
1,143,23,6,N7010,259.24510030715345
1,144,24,6,N7010,239.60052363333926
1,145,1,7,N7010,238.757019691301
1,146,2,7,N7010,233.9145844958647
1,147,3,7,N7010,227.23084913494318
1,148,4,7,N7010,224.34107212929206
1,149,5,7,N7010,226.93431865960088
1,150,6,7,N7010,218.98203147581881
1,151,7,7,N7010,235.52639231121893
1,152,8,7,N7010,214.92712117735812
1,153,9,7,N7010,210.64708921223482
1,154,10,7,N7010,230.83169554492224
1,155,11,7,N7010,230.7092534717169
1,156,12,7,N7010,218.7523503174062
1,157,13,7,N7010,233.56985063018362
1,158,14,7,N7010,234.07408297440952
1,159,15,7,N7010,244.0404067248141
1,160,16,7,N7010,236.1266538195589
1,161,17,7,N7010,246.70789193798956
1,162,18,7,N7010,255.83257590833028
1,163,19,7,N7010,240.97789331802562
1,164,20,7,N7010,234.05660024053645
1,165,21,7,N7010,250.20679769110495
1,166,22,7,N7010,257.8581837160764
1,167,23,7,N7010,263.7360466373677
1,168,24,7,N7010,237.64944422017265
2,1,1,1,N7010,316.167936134674
2,2,2,1,N7010,304.18177074378104
2,3,3,1,N7010,307.89873807353126
2,4,4,1,N7010,307.8510819207131
2,5,5,1,N7010,293.341752540342
2,6,6,1,N7010,308.1304783913955
2,7,7,1,N7010,312.79716693174834
2,8,8,1,N7010,314.66556756099396
2,9,9,1,N7010,318.2626705841441
2,10,10,1,N7010,313.0444686293003
2,11,11,1,N7010,319.03798667639364
2,12,12,1,N7010,333.7110398024846
2,13,13,1,N7010,321.7301492865851
2,14,14,1,N7010,313.36197382875395
2,15,15,1,N7010,316.165668237501
2,16,16,1,N7010,315.3855531056127
2,17,17,1,N7010,307.50889309764926
2,18,18,1,N7010,313.4537526659844
2,19,19,1,N7010,326.36714257362695
2,20,20,1,N7010,324.9036218093657
2,21,21,1,N7010,318.4473622071913
2,22,22,1,N7010,313.4394062022989
2,23,23,1,N7010,306.1395506904377
2,24,24,1,N7010,299.58571088545415
2,25,1,2,N7010,313.69119883265546
2,26,2,2,N7010,297.3796174760417
2,27,3,2,N7010,294.5452818318205
2,28,4,2,N7010,296.70306167325384
2,29,5,2,N7010,293.9749504370611
2,30,6,2,N7010,280.0672985166753
2,31,7,2,N7010,319.2336188550461
2,32,8,2,N7010,316.8756382148082
2,33,9,2,N7010,313.9897964392254
2,34,10,2,N7010,323.4499112030353
2,35,11,2,N7010,320.56252341119676
2,36,12,2,N7010,319.57446908925255
2,37,13,2,N7010,326.49068047057625
2,38,14,2,N7010,324.7728493259409
2,39,15,2,N7010,324.92528892122954
2,40,16,2,N7010,319.9446484446995
2,41,17,2,N7010,315.9516757860497
2,42,18,2,N7010,315.48619165534893
2,43,19,2,N7010,342.50206944487223
2,44,20,2,N7010,340.05678050192944
2,45,21,2,N7010,342.4359962718746
2,46,22,2,N7010,331.8086926447373
2,47,23,2,N7010,327.7833963513197
2,48,24,2,N7010,307.76497429359574
2,49,1,3,N7010,302.3284555210225
2,50,2,3,N7010,314.1501942547129
2,51,3,3,N7010,313.74879064949266
2,52,4,3,N7010,309.2958669912836
2,53,5,3,N7010,325.1664329176069
2,54,6,3,N7010,315.6791366364526
2,55,7,3,N7010,324.49285927482856
2,56,8,3,N7010,327.78248733614055
2,57,9,3,N7010,318.0721738842293
2,58,10,3,N7010,321.41460207451667
2,59,11,3,N7010,308.26220262947317
2,60,12,3,N7010,320.2477387489305
2,61,13,3,N7010,313.93169921446355
2,62,14,3,N7010,310.00005033418245
2,63,15,3,N7010,311.61057327486617
2,64,16,3,N7010,317.4120758213594
2,65,17,3,N7010,321.99652824016215
2,66,18,3,N7010,310.5257677091331
2,67,19,3,N7010,319.4500899368763
2,68,20,3,N7010,325.08454550285285
2,69,21,3,N7010,313.99290733657506
2,70,22,3,N7010,311.19688709201023
2,71,23,3,N7010,316.9405901781115
2,72,24,3,N7010,315.2836072309825
2,73,1,4,N7010,312.5015130949919
2,74,2,4,N7010,306.28431527357736
2,75,3,4,N7010,304.53798650475096
2,76,4,4,N7010,310.60817770017024
2,77,5,4,N7010,302.9147483818525
2,78,6,4,N7010,308.95851649483734
2,79,7,4,N7010,302.63469639495645
2,80,8,4,N7010,308.9943904649382
2,81,9,4,N7010,319.84557589408297
2,82,10,4,N7010,312.6831769871523
2,83,11,4,N7010,307.5032637428236
2,84,12,4,N7010,299.1533496424272
2,85,13,4,N7010,309.88065785451886
2,86,14,4,N7010,295.8288945477585
2,87,15,4,N7010,306.90170209517044
2,88,16,4,N7010,301.27575476812166
2,89,17,4,N7010,308.13225211613576
2,90,18,4,N7010,295.04008129279646
2,91,19,4,N7010,311.7532275651621
2,92,20,4,N7010,324.0029523975453
2,93,21,4,N7010,311.15259586623756
2,94,22,4,N7010,322.2877004661848
2,95,23,4,N7010,328.57729343271103
2,96,24,4,N7010,303.41627509802385
2,97,1,5,N7010,307.92132123402206
2,98,2,5,N7010,301.8253406106777
2,99,3,5,N7010,293.3794093303784
2,100,4,5,N7010,300.9154210441234
2,101,5,5,N7010,300.76617955353015
2,102,6,5,N7010,310.3168884823768
2,103,7,5,N7010,313.3268979897782
2,104,8,5,N7010,297.75054555386714
2,105,9,5,N7010,310.2492960004939
2,106,10,5,N7010,298.20711615638004
2,107,11,5,N7010,302.6775307421383
2,108,12,5,N7010,306.0677173139257
2,109,13,5,N7010,284.89858836463907
2,110,14,5,N7010,288.9025693010952
2,111,15,5,N7010,287.42602878930967
2,112,16,5,N7010,298.9961504918599
2,113,17,5,N7010,290.47972903839525
2,114,18,5,N7010,296.06231855779276
2,115,19,5,N7010,307.5369685230157
2,116,20,5,N7010,308.28386894484896
2,117,21,5,N7010,319.39270448628434
2,118,22,5,N7010,307.98672682690744
2,119,23,5,N7010,345.7186743736718
2,120,24,5,N7010,307.5812442511706
2,121,1,6,N7010,305.9132961348206
2,122,2,6,N7010,303.8964830171876
2,123,3,6,N7010,314.12676311300294
2,124,4,6,N7010,313.24227533374653
2,125,5,6,N7010,315.9633885942983
2,126,6,6,N7010,314.36781388731583
2,127,7,6,N7010,312.7905159937897
2,128,8,6,N7010,306.0878085148265
2,129,9,6,N7010,286.4572631033581
2,130,10,6,N7010,312.7060974319525
2,131,11,6,N7010,303.3141270755081
2,132,12,6,N7010,304.18730354675273
2,133,13,6,N7010,297.6074730768671
2,134,14,6,N7010,312.63636396820505
2,135,15,6,N7010,297.6658952326026
2,136,16,6,N7010,289.0487125700254
2,137,17,6,N7010,297.2194145030514
2,138,18,6,N7010,295.67001783595447
2,139,19,6,N7010,337.8246899631355
2,140,20,6,N7010,318.7793381215124
2,141,21,6,N7010,330.46798825841773
2,142,22,6,N7010,328.23500924409797
2,143,23,6,N7010,319.1266759864854
2,144,24,6,N7010,321.9857480001305
2,145,1,7,N7010,309.88678965575787
2,146,2,7,N7010,310.4224161742
2,147,3,7,N7010,310.02124076164307
2,148,4,7,N7010,318.13395347857
2,149,5,7,N7010,311.02056094054905
2,150,6,7,N7010,316.1152192006464
2,151,7,7,N7010,313.7826289832201
2,152,8,7,N7010,311.80637761556466
2,153,9,7,N7010,299.9169486444578
2,154,10,7,N7010,298.3648647382636
2,155,11,7,N7010,301.0667681855457
2,156,12,7,N7010,307.3188514205593
2,157,13,7,N7010,296.3042506088195
2,158,14,7,N7010,298.7860754884592
2,159,15,7,N7010,305.1065903939109
2,160,16,7,N7010,327.9899817803712
2,161,17,7,N7010,295.89601423870886
2,162,18,7,N7010,312.8559618859864
2,163,19,7,N7010,319.0850530720958
2,164,20,7,N7010,318.49632291581827
2,165,21,7,N7010,276.6460178667463
2,166,22,7,N7010,274.20076247484354
2,167,23,7,N7010,287.77032714169695
2,168,24,7,N7010,268.05247428050944
1,1,1,1,N7012,188.42711275797743
1,2,2,1,N7012,169.8174011237786
1,3,3,1,N7012,164.4311756426609
1,4,4,1,N7012,161.10260933410498
1,5,5,1,N7012,151.99444152614754
1,6,6,1,N7012,146.75951451360052
1,7,7,1,N7012,157.16884915126622
1,8,8,1,N7012,168.21363735692896
1,9,9,1,N7012,182.6172515648617
1,10,10,1,N7012,194.206714257379
1,11,11,1,N7012,204.16215348933255
1,12,12,1,N7012,203.67799838990624
1,13,13,1,N7012,203.07280451562335
1,14,14,1,N7012,191.8767178413899
1,15,15,1,N7012,189.84931836254222
1,16,16,1,N7012,200.86384687449078
1,17,17,1,N7012,192.93580712138495
1,18,18,1,N7012,193.66203977052442
1,19,19,1,N7012,190.63607039910997
1,20,20,1,N7012,191.4530821293919
1,21,21,1,N7012,197.02086577279445
1,22,22,1,N7012,188.66919030769057
1,23,23,1,N7012,189.2743841819735
1,24,24,1,N7012,206.40137082417922
1,25,1,2,N7012,190.20592569028474
1,26,2,2,N7012,171.42053235488646
1,27,3,2,N7012,165.98345916187685
1,28,4,2,N7012,162.623470110017
1,29,5,2,N7012,153.42931824992777
1,30,6,2,N7012,148.1449718320027
1,31,7,2,N7012,158.652573957819
1,32,8,2,N7012,169.80162853899031
1,33,9,2,N7012,184.34121752703845
1,34,10,2,N7012,196.0400884985141
1,35,11,2,N7012,206.08951029907678
1,36,12,2,N7012,205.60078461880627
1,37,13,2,N7012,204.9898775184681
1,38,14,2,N7012,193.68809616221225
1,39,15,2,N7012,191.6415573760794
1,40,16,2,N7012,202.76006660223382
1,41,17,2,N7012,194.75718358780398
1,42,18,2,N7012,195.49027210820978
1,43,19,2,N7012,192.435736606519
1,44,20,2,N7012,193.2604611919755
1,45,21,2,N7012,198.88080651508656
1,46,22,2,N7012,190.45028853041998
1,47,23,2,N7012,191.06119563075816
1,48,24,2,N7012,208.34986657032798
1,49,1,3,N7012,187.55725368668433
1,50,2,3,N7012,169.03345233494016
1,51,3,3,N7012,163.67209194370363
1,52,4,3,N7012,160.35889170192826
1,53,5,3,N7012,151.2927710403429
1,54,6,3,N7012,146.0820106600962
1,55,7,3,N7012,156.44329141619372
1,56,8,3,N7012,167.43709221844838
1,57,9,3,N7012,181.77421326467638
1,58,10,3,N7012,193.31017410649426
1,59,11,3,N7012,203.21965482962247
1,60,12,3,N7012,202.73773479445512
1,61,13,3,N7012,202.13533475049599
1,62,14,3,N7012,190.99093393725153
1,63,15,3,N7012,188.97289378998832
1,64,16,3,N7012,199.936574590045
1,65,17,3,N7012,192.04513401418006
1,66,18,3,N7012,192.76801406693104
1,67,19,3,N7012,189.75601384713522
1,68,20,3,N7012,190.5692539064801
1,69,21,3,N7012,196.11133431090437
1,70,22,3,N7012,187.79821370426797
1,71,23,3,N7012,188.40061374822713
1,72,24,3,N7012,205.44853499227136
1,73,1,4,N7012,181.46335333891741
1,74,2,4,N7012,163.54140660639226
1,75,3,4,N7012,158.35424153584023
1,76,4,4,N7012,155.1486900877463
1,77,5,4,N7012,146.37713567068928
1,78,6,4,N7012,141.33567748414154
1,79,7,4,N7012,151.3603111036353
1,80,8,4,N7012,161.99691363594695
1,81,9,4,N7012,175.86820899315344
1,82,10,4,N7012,187.0293563078805
1,83,11,4,N7012,196.61686927536147
1,84,12,4,N7012,196.1506072465478
1,85,13,4,N7012,195.56777971053071
1,86,14,4,N7012,184.78547029421478
1,87,15,4,N7012,182.83299804855753
1,88,16,4,N7012,193.44045920406836
1,89,17,4,N7012,185.80541848224465
1,90,18,4,N7012,186.50481152546513
1,91,19,4,N7012,183.59067384537974
1,92,20,4,N7012,184.3774910190028
1,93,21,4,N7012,189.73950435035994
1,94,22,4,N7012,181.69648435332425
1,95,23,4,N7012,182.27931188934133
1,96,24,4,N7012,198.77333115862461
1,97,1,5,N7012,179.8262590193489
1,98,2,5,N7012,162.06599736897158
1,99,3,5,N7012,156.92562895634202
1,100,4,5,N7012,153.74899679123388
1,101,5,5,N7012,145.0565760485289
1,102,6,5,N7012,140.06060000704065
1,103,7,5,N7012,149.99479514156064
1,104,8,5,N7012,160.535438234874
1,105,9,5,N7012,174.28159196752375
1,106,10,5,N7012,185.34204759694572
1,107,11,5,N7012,194.84306561804192
1,108,12,5,N7012,194.3810100303898
1,109,13,5,N7012,193.80344054582469
1,110,14,5,N7012,183.11840508137004
1,111,15,5,N7012,181.1835473080769
1,112,16,5,N7012,191.69531192716198
1,113,17,5,N7012,184.12915167935898
1,114,18,5,N7012,184.82223506083713
1,115,19,5,N7012,181.93438763801154
1,116,20,5,N7012,182.71410644217448
1,117,21,5,N7012,188.02774570017354
1,118,22,5,N7012,180.05728681317493
1,119,23,5,N7012,180.63485629774004
1,120,24,5,N7012,196.98007271093283
1,121,1,6,N7012,185.70177618013773
1,122,2,6,N7012,163.0493090270485
1,123,3,6,N7012,153.54011827027043
1,124,4,6,N7012,157.53761247375678
1,125,5,6,N7012,145.84797033325884
1,126,6,6,N7012,136.0359391065197
1,127,7,6,N7012,141.00252281388148
1,128,8,6,N7012,155.1148887140681
1,129,9,6,N7012,165.65373706871384
1,130,10,6,N7012,174.73895116754642
1,131,11,6,N7012,184.9143909582389
1,132,12,6,N7012,188.18506803381862
1,133,13,6,N7012,192.06142604932054
1,134,14,6,N7012,186.48916140203653
1,135,15,6,N7012,166.9862351365426
1,136,16,6,N7012,184.1270057363401
1,137,17,6,N7012,181.8254181646358
1,138,18,6,N7012,183.9453014543634
1,139,19,6,N7012,187.15541043595093
1,140,20,6,N7012,185.03552714622333
1,141,21,6,N7012,180.97746484874477
1,142,22,6,N7012,182.73393957451907
1,143,23,6,N7012,193.0910836471882
1,144,24,6,N7012,202.1762977460208
1,145,1,7,N7012,188.1010239344031
1,146,2,7,N7012,165.15588924703624
1,147,3,7,N7012,155.52384072854267
1,148,4,7,N7012,159.57298214396036
1,149,5,7,N7012,147.73231103523895
1,150,6,7,N7012,137.79350937921373
1,151,7,7,N7012,142.82426083473268
1,152,8,7,N7012,157.11895704370724
1,153,9,7,N7012,167.79396622980835
1,154,10,7,N7012,176.99656035575762
1,155,11,7,N7012,187.30346577682081
1,156,12,7,N7012,190.61639966216254
1,157,13,7,N7012,194.5428398225676
1,158,14,7,N7012,188.89858209198536
1,159,15,7,N7012,169.14368003494758
1,160,16,7,N7012,186.50590761923854
1,161,17,7,N7012,184.17458377399805
1,162,18,7,N7012,186.32185573671956
1,163,19,7,N7012,189.57343899455498
1,164,20,7,N7012,187.42616703183347
1,165,21,7,N7012,183.31567498890945
1,166,22,7,N7012,185.09484318659298
1,167,23,7,N7012,195.58580049017516
1,168,24,7,N7012,204.78839461612444
2,1,1,1,N7012,221.01038144130362
2,2,2,1,N7012,209.00152547966027
2,3,3,1,N7012,200.3128918126185
2,4,4,1,N7012,200.01105342220015
2,5,5,1,N7012,195.61283687610458
2,6,6,1,N7012,203.33127571680174
2,7,7,1,N7012,206.30653985092522
2,8,8,1,N7012,215.81444914910247
2,9,9,1,N7012,233.17015659815615
2,10,10,1,N7012,234.7871479753972
2,11,11,1,N7012,244.7262549741721
2,12,12,1,N7012,243.62670083764814
2,13,13,1,N7012,236.8568969382657
2,14,14,1,N7012,230.92792855504862
2,15,15,1,N7012,224.7618014365028
2,16,16,1,N7012,230.45361108439124
2,17,17,1,N7012,235.39082475623383
2,18,18,1,N7012,242.031269345437
2,19,19,1,N7012,256.3685928903074
2,20,20,1,N7012,256.73511093581544
2,21,21,1,N7012,253.50112818133337
2,22,22,1,N7012,251.7978972639728
2,23,23,1,N7012,238.23672958017804
2,24,24,1,N7012,238.15049004005854
2,25,1,2,N7012,223.3028192911696
2,26,2,2,N7012,211.16940105439454
2,27,3,2,N7012,202.39064423317305
2,28,4,2,N7012,202.08567501357726
2,29,5,2,N7012,197.641837813753
2,30,6,2,N7012,205.44033642913087
2,31,7,2,N7012,208.44646159371786
2,32,8,2,N7012,218.05299201098507
2,33,9,2,N7012,235.58872213774256
2,34,10,2,N7012,237.2224858141486
2,35,11,2,N7012,247.26468654512405
2,36,12,2,N7012,246.15372724516794
2,37,13,2,N7012,239.31370331994825
2,38,14,2,N7012,233.32323650645964
2,39,15,2,N7012,227.0931510204315
2,40,16,2,N7012,232.84399916138057
2,41,17,2,N7012,237.83242425334012
2,42,18,2,N7012,244.54174708444734
2,43,19,2,N7012,259.02778501524705
2,44,20,2,N7012,259.3981047818991
2,45,21,2,N7012,256.13057742908717
2,46,22,2,N7012,254.40967968993954
2,47,23,2,N7012,240.7078483238147
2,48,24,2,N7012,240.620714261073
2,49,1,3,N7012,222.70780021142573
2,50,2,3,N7012,210.60671302795447
2,51,3,3,N7012,201.85134833327055
2,52,4,3,N7012,201.5471917433808
2,53,5,3,N7012,197.11519571927286
2,54,6,3,N7012,204.8929142321682
2,55,7,3,N7012,207.891029189653
2,56,8,3,N7012,217.47196177118053
2,57,9,3,N7012,234.9609656898419
2,58,10,3,N7012,236.59037599282274
2,59,11,3,N7012,246.60581798847855
2,60,12,3,N7012,245.49781898245158
2,61,13,3,N7012,238.6760211806383
2,62,14,3,N7012,232.7015167363751
2,63,15,3,N7012,226.48803211434137
2,64,16,3,N7012,232.22355638083405
2,65,17,3,N7012,237.19868917260231
2,66,18,3,N7012,243.8901341501771
2,67,19,3,N7012,258.3375721699408
2,68,20,3,N7012,258.7069051719498
2,69,21,3,N7012,255.4480845659881
2,70,22,3,N7012,253.73177238018155
2,71,23,3,N7012,240.06645130584863
2,72,24,3,N7012,239.97954942302297
2,73,1,4,N7012,218.00299818554385
2,74,2,4,N7012,206.15755188866083
2,75,3,4,N7012,197.58714819450668
2,76,4,4,N7012,197.28941704880407
2,77,5,4,N7012,192.95104892570868
2,78,6,4,N7012,200.56445965153296
2,79,7,4,N7012,203.49923808774452
2,80,8,4,N7012,212.87776917737725
2,81,9,4,N7012,229.9973100552782
2,82,10,4,N7012,231.592298335828
2,83,11,4,N7012,241.39615963360734
2,84,12,4,N7012,240.31156760283343
2,85,13,4,N7012,233.6338833349317
2,86,14,4,N7012,227.78559297291588
2,87,15,4,N7012,221.70337099641938
2,88,16,4,N7012,227.3177297439546
2,89,17,4,N7012,232.18776062723322
2,90,18,4,N7012,238.737845832691
2,91,19,4,N7012,252.88007525356574
2,92,20,4,N7012,253.24160593049032
2,93,21,4,N7012,250.05162936939078
2,94,22,4,N7012,248.3715750472117
2,95,23,4,N7012,234.99494000100083
2,96,24,4,N7012,234.90987395937154
2,97,1,5,N7012,214.52052217619013
2,98,2,5,N7012,202.86430026104642
2,99,3,5,N7012,194.43080397414715
2,100,4,5,N7012,194.13782891703403
2,101,5,5,N7012,189.86876379909992
2,102,6,5,N7012,197.3605545452784
2,103,7,5,N7012,200.24845153682207
2,104,8,5,N7012,209.4771658358856
2,105,9,5,N7012,226.32323161989035
2,106,10,5,N7012,227.89274085442497
2,107,11,5,N7012,237.53999094936435
2,108,12,5,N7012,236.47272466988082
2,109,13,5,N7012,229.90171267462927
2,110,14,5,N7012,224.14684548133573
2,111,15,5,N7012,218.16178360031043
2,112,16,5,N7012,223.68645610587222
2,113,17,5,N7012,228.47869096865125
2,114,18,5,N7012,234.92414222513997
2,115,19,5,N7012,248.84045743801354
2,116,20,5,N7012,249.19621286450803
2,117,21,5,N7012,246.05719439543887
2,118,22,5,N7012,244.4039780017291
2,119,23,5,N7012,231.24102722143212
2,120,24,5,N7012,231.15732006225696
2,121,1,6,N7012,225.4652825335611
2,122,2,6,N7012,213.93580785854945
2,123,3,6,N7012,205.3954562474297
2,124,4,6,N7012,200.37799967589686
2,125,5,6,N7012,196.96185903144897
2,126,6,6,N7012,203.52725433249728
2,127,7,6,N7012,201.81918401027332
2,128,8,6,N7012,207.95756173076563
2,129,9,6,N7012,220.39444876445876
2,130,10,6,N7012,229.308440758565
2,131,11,6,N7012,237.31502039398976
2,132,12,6,N7012,236.72787122072523
2,133,13,6,N7012,234.4326517252368
2,134,14,6,N7012,229.415195153704
2,135,15,6,N7012,228.72129158530046
2,136,16,6,N7012,222.04914188911323
2,137,17,6,N7012,232.7779586005824
2,138,18,6,N7012,244.89458244885853
2,139,19,6,N7012,250.07217061309987
2,140,20,6,N7012,257.8652414582466
2,141,21,6,N7012,244.093924485316
2,142,22,6,N7012,246.76278436379096
2,143,23,6,N7012,239.34335390163068
2,144,24,6,N7012,234.9664237009318
2,145,1,7,N7012,221.25626751379178
2,146,2,7,N7012,209.942026561382
2,147,3,7,N7012,201.56110733737472
2,148,4,7,N7012,196.63731729327048
2,149,5,7,N7012,193.28494960366754
2,150,6,7,N7012,199.72778125712316
2,151,7,7,N7012,198.05159741232168
2,152,8,7,N7012,204.07538310457693
2,153,9,7,N7012,216.2800967245375
2,154,10,7,N7012,225.02768116459507
2,155,11,7,N7012,232.88479293710188
2,156,12,7,N7012,232.3086047404514
2,157,13,7,N7012,230.05623269899942
2,158,14,7,N7012,225.1324426548952
2,159,15,7,N7012,224.45149296794455
2,160,16,7,N7012,217.9038998241889
2,161,17,7,N7012,228.43242959934804
2,162,18,7,N7012,240.32285874840832
2,163,19,7,N7012,245.40379102796274
2,164,20,7,N7012,253.0513798198694
2,165,21,7,N7012,239.53714757115762
2,166,22,7,N7012,242.1561848286599
2,167,23,7,N7012,234.8752612528036
2,168,24,7,N7012,230.58004015049988
1,1,1,1,N8000,380.11044934153927
1,2,2,1,N8000,408.1104493415392
1,3,3,1,N8000,349.11044934153927
1,4,4,1,N8000,364.11044934153927
1,5,5,1,N8000,357.11044934153927
1,6,6,1,N8000,347.11044934153927
1,7,7,1,N8000,331.11044934153927
1,8,8,1,N8000,389.11044934153927
1,9,9,1,N8000,363.11044934153927
1,10,10,1,N8000,368.11044934153927
1,11,11,1,N8000,341.11044934153927
1,12,12,1,N8000,377.11044934153927
1,13,13,1,N8000,337.11044934153927
1,14,14,1,N8000,372.11044934153927
1,15,15,1,N8000,314.11044934153927
1,16,16,1,N8000,405.11044934153927
1,17,17,1,N8000,407.11044934153927
1,18,18,1,N8000,390.11044934153927
1,19,19,1,N8000,363.11044934153927
1,20,20,1,N8000,355.11044934153927
1,21,21,1,N8000,370.11044934153927
1,22,22,1,N8000,411.11044934153927
1,23,23,1,N8000,389.11044934153927
1,24,24,1,N8000,435.11044934153927
1,25,1,2,N8000,395.1104493415392
1,26,2,2,N8000,383.11044934153927
1,27,3,2,N8000,405.1104493415392
1,28,4,2,N8000,335.11044934153927
1,29,5,2,N8000,389.11044934153927
1,30,6,2,N8000,419.11044934153927
1,31,7,2,N8000,369.11044934153927
1,32,8,2,N8000,381.11044934153927
1,33,9,2,N8000,340.11044934153927
1,34,10,2,N8000,353.11044934153927
1,35,11,2,N8000,344.11044934153927
1,36,12,2,N8000,325.11044934153927
1,37,13,2,N8000,243.11044934153927
1,38,14,2,N8000,164.1104493415393
1,39,15,2,N8000,175.11044934153927
1,40,16,2,N8000,191.11044934153927
1,41,17,2,N8000,218.11044934153927
1,42,18,2,N8000,261.11044934153927
1,43,19,2,N8000,181.11044934153927
1,44,20,2,N8000,231.11044934153927
1,45,21,2,N8000,192.11044934153927
1,46,22,2,N8000,221.11044934153927
1,47,23,2,N8000,237.11044934153927
1,48,24,2,N8000,213.11044934153927
1,49,1,3,N8000,186.11044934153927
1,50,2,3,N8000,178.11044934153927
1,51,3,3,N8000,186.11044934153927
1,52,4,3,N8000,169.11044934153927
1,53,5,3,N8000,176.11044934153927
1,54,6,3,N8000,162.11044934153927
1,55,7,3,N8000,159.11044934153927
1,56,8,3,N8000,156.11044934153927
1,57,9,3,N8000,168.11044934153927
1,58,10,3,N8000,171.11044934153927
1,59,11,3,N8000,189.11044934153927
1,60,12,3,N8000,200.11044934153927
1,61,13,3,N8000,224.11044934153927
1,62,14,3,N8000,227.11044934153927
1,63,15,3,N8000,229.11044934153927
1,64,16,3,N8000,210.11044934153927
1,65,17,3,N8000,234.11044934153927
1,66,18,3,N8000,242.11044934153927
1,67,19,3,N8000,254.11044934153924
1,68,20,3,N8000,242.11044934153927
1,69,21,3,N8000,265.11044934153927
1,70,22,3,N8000,291.11044934153927
1,71,23,3,N8000,309.11044934153927
1,72,24,3,N8000,320.11044934153927
1,73,1,4,N8000,315.11044934153927
1,74,2,4,N8000,280.11044934153927
1,75,3,4,N8000,293.11044934153927
1,76,4,4,N8000,261.11044934153927
1,77,5,4,N8000,281.11044934153927
1,78,6,4,N8000,302.11044934153927
1,79,7,4,N8000,347.11044934153927
1,80,8,4,N8000,369.11044934153927
1,81,9,4,N8000,302.11044934153927
1,82,10,4,N8000,298.11044934153927
1,83,11,4,N8000,355.11044934153927
1,84,12,4,N8000,368.11044934153927
1,85,13,4,N8000,355.11044934153927
1,86,14,4,N8000,341.11044934153927
1,87,15,4,N8000,348.11044934153927
1,88,16,4,N8000,366.11044934153927
1,89,17,4,N8000,338.11044934153927
1,90,18,4,N8000,353.11044934153927
1,91,19,4,N8000,324.11044934153927
1,92,20,4,N8000,334.11044934153927
1,93,21,4,N8000,346.11044934153927
1,94,22,4,N8000,360.11044934153927
1,95,23,4,N8000,362.11044934153927
1,96,24,4,N8000,376.11044934153927
1,97,1,5,N8000,325.11044934153927
1,98,2,5,N8000,349.11044934153927
1,99,3,5,N8000,328.11044934153927
1,100,4,5,N8000,341.11044934153927
1,101,5,5,N8000,328.11044934153927
1,102,6,5,N8000,349.11044934153927
1,103,7,5,N8000,287.11044934153927
1,104,8,5,N8000,309.11044934153927
1,105,9,5,N8000,314.11044934153927
1,106,10,5,N8000,353.11044934153927
1,107,11,5,N8000,283.11044934153927
1,108,12,5,N8000,315.11044934153927
1,109,13,5,N8000,326.11044934153927
1,110,14,5,N8000,348.11044934153927
1,111,15,5,N8000,296.11044934153927
1,112,16,5,N8000,306.11044934153927
1,113,17,5,N8000,301.11044934153927
1,114,18,5,N8000,316.11044934153927
1,115,19,5,N8000,286.11044934153927
1,116,20,5,N8000,283.11044934153927
1,117,21,5,N8000,284.11044934153927
1,118,22,5,N8000,312.11044934153927
1,119,23,5,N8000,346.11044934153927
1,120,24,5,N8000,350.11044934153927
1,121,1,6,N8000,315.11044934153927
1,122,2,6,N8000,299.11044934153927
1,123,3,6,N8000,384.11044934153927
1,124,4,6,N8000,351.11044934153927
1,125,5,6,N8000,308.11044934153927
1,126,6,6,N8000,298.11044934153927
1,127,7,6,N8000,233.11044934153927
1,128,8,6,N8000,273.11044934153927
1,129,9,6,N8000,378.11044934153927
1,130,10,6,N8000,285.11044934153927
1,131,11,6,N8000,223.11044934153927
1,132,12,6,N8000,212.11044934153927
1,133,13,6,N8000,233.11044934153927
1,134,14,6,N8000,270.11044934153927
1,135,15,6,N8000,263.11044934153927
1,136,16,6,N8000,302.11044934153927
1,137,17,6,N8000,292.11044934153927
1,138,18,6,N8000,277.11044934153927
1,139,19,6,N8000,280.11044934153927
1,140,20,6,N8000,302.11044934153927
1,141,21,6,N8000,275.11044934153927
1,142,22,6,N8000,301.11044934153927
1,143,23,6,N8000,396.11044934153927
1,144,24,6,N8000,356.11044934153927
1,145,1,7,N8000,321.11044934153927
1,146,2,7,N8000,278.11044934153927
1,147,3,7,N8000,282.11044934153927
1,148,4,7,N8000,253.11044934153927
1,149,5,7,N8000,222.11044934153927
1,150,6,7,N8000,232.11044934153927
1,151,7,7,N8000,242.11044934153927
1,152,8,7,N8000,301.11044934153927
1,153,9,7,N8000,289.11044934153927
1,154,10,7,N8000,262.11044934153927
1,155,11,7,N8000,286.11044934153927
1,156,12,7,N8000,230.11044934153927
1,157,13,7,N8000,293.11044934153927
1,158,14,7,N8000,289.11044934153927
1,159,15,7,N8000,262.11044934153927
1,160,16,7,N8000,278.11044934153927
1,161,17,7,N8000,280.11044934153927
1,162,18,7,N8000,340.11044934153927
1,163,19,7,N8000,277.11044934153927
1,164,20,7,N8000,283.11044934153927
1,165,21,7,N8000,290.11044934153927
1,166,22,7,N8000,387.11044934153927
1,167,23,7,N8000,326.11044934153927
1,168,24,7,N8000,381.11044934153927
2,1,1,1,N8000,464.11044934153927
2,2,2,1,N8000,452.11044934153927
2,3,3,1,N8000,451.11044934153927
2,4,4,1,N8000,448.11044934153927
2,5,5,1,N8000,372.11044934153927
2,6,6,1,N8000,363.11044934153927
2,7,7,1,N8000,426.11044934153927
2,8,8,1,N8000,453.1104493415392
2,9,9,1,N8000,453.11044934153927
2,10,10,1,N8000,429.11044934153927
2,11,11,1,N8000,446.11044934153927
2,12,12,1,N8000,448.11044934153927
2,13,13,1,N8000,413.11044934153927
2,14,14,1,N8000,418.11044934153927
2,15,15,1,N8000,484.11044934153927
2,16,16,1,N8000,452.11044934153927
2,17,17,1,N8000,470.11044934153927
2,18,18,1,N8000,502.11044934153927
2,19,19,1,N8000,479.11044934153927
2,20,20,1,N8000,490.11044934153927
2,21,21,1,N8000,500.11044934153927
2,22,22,1,N8000,451.11044934153927
2,23,23,1,N8000,495.1104493415392
2,24,24,1,N8000,460.11044934153927
2,25,1,2,N8000,455.11044934153927
2,26,2,2,N8000,391.11044934153927
2,27,3,2,N8000,429.11044934153927
2,28,4,2,N8000,437.1104493415392
2,29,5,2,N8000,440.11044934153927
2,30,6,2,N8000,385.11044934153927
2,31,7,2,N8000,420.11044934153927
2,32,8,2,N8000,429.11044934153927
2,33,9,2,N8000,455.11044934153927
2,34,10,2,N8000,483.11044934153927
2,35,11,2,N8000,488.11044934153927
2,36,12,2,N8000,438.11044934153927
2,37,13,2,N8000,462.11044934153927
2,38,14,2,N8000,442.11044934153927
2,39,15,2,N8000,492.11044934153927
2,40,16,2,N8000,447.11044934153927
2,41,17,2,N8000,482.11044934153927
2,42,18,2,N8000,451.11044934153927
2,43,19,2,N8000,499.11044934153927
2,44,20,2,N8000,491.11044934153927
2,45,21,2,N8000,451.11044934153927
2,46,22,2,N8000,518.1104493415393
2,47,23,2,N8000,479.1104493415392
2,48,24,2,N8000,440.11044934153927
2,49,1,3,N8000,446.11044934153927
2,50,2,3,N8000,489.11044934153927
2,51,3,3,N8000,419.11044934153927
2,52,4,3,N8000,438.11044934153927
2,53,5,3,N8000,443.11044934153927
2,54,6,3,N8000,412.11044934153927
2,55,7,3,N8000,459.11044934153927
2,56,8,3,N8000,421.11044934153927
2,57,9,3,N8000,472.11044934153927
2,58,10,3,N8000,427.11044934153927
2,59,11,3,N8000,399.11044934153927
2,60,12,3,N8000,427.11044934153927
2,61,13,3,N8000,367.11044934153927
2,62,14,3,N8000,453.11044934153927
2,63,15,3,N8000,429.11044934153927
2,64,16,3,N8000,391.11044934153927
2,65,17,3,N8000,374.11044934153927
2,66,18,3,N8000,471.11044934153927
2,67,19,3,N8000,472.11044934153927
2,68,20,3,N8000,527.1104493415393
2,69,21,3,N8000,466.11044934153927
2,70,22,3,N8000,481.11044934153927
2,71,23,3,N8000,506.11044934153927
2,72,24,3,N8000,459.11044934153927
2,73,1,4,N8000,432.11044934153927
2,74,2,4,N8000,403.11044934153927
2,75,3,4,N8000,388.11044934153927
2,76,4,4,N8000,431.1104493415392
2,77,5,4,N8000,442.11044934153927
2,78,6,4,N8000,415.11044934153927
2,79,7,4,N8000,425.11044934153927
2,80,8,4,N8000,385.11044934153927
2,81,9,4,N8000,360.11044934153927
2,82,10,4,N8000,416.11044934153927
2,83,11,4,N8000,398.11044934153927
2,84,12,4,N8000,381.11044934153927
2,85,13,4,N8000,367.11044934153927
2,86,14,4,N8000,369.11044934153927
2,87,15,4,N8000,340.11044934153927
2,88,16,4,N8000,344.11044934153927
2,89,17,4,N8000,382.11044934153927
2,90,18,4,N8000,388.11044934153927
2,91,19,4,N8000,391.11044934153927
2,92,20,4,N8000,401.11044934153927
2,93,21,4,N8000,462.11044934153927
2,94,22,4,N8000,521.1104493415393
2,95,23,4,N8000,508.11044934153927
2,96,24,4,N8000,471.11044934153927
2,97,1,5,N8000,523.1104493415393
2,98,2,5,N8000,455.11044934153927
2,99,3,5,N8000,435.11044934153927
2,100,4,5,N8000,404.11044934153927
2,101,5,5,N8000,408.11044934153927
2,102,6,5,N8000,420.11044934153927
2,103,7,5,N8000,431.11044934153927
2,104,8,5,N8000,400.11044934153927
2,105,9,5,N8000,376.11044934153927
2,106,10,5,N8000,444.11044934153927
2,107,11,5,N8000,456.11044934153927
2,108,12,5,N8000,427.11044934153927
2,109,13,5,N8000,437.11044934153927
2,110,14,5,N8000,417.11044934153927
2,111,15,5,N8000,466.11044934153927
2,112,16,5,N8000,440.11044934153927
2,113,17,5,N8000,432.11044934153927
2,114,18,5,N8000,473.1104493415392
2,115,19,5,N8000,452.11044934153927
2,116,20,5,N8000,547.1104493415393
2,117,21,5,N8000,555.1104493415393
2,118,22,5,N8000,523.1104493415393
2,119,23,5,N8000,527.1104493415393
2,120,24,5,N8000,474.11044934153927
2,121,1,6,N8000,442.11044934153927
2,122,2,6,N8000,381.11044934153927
2,123,3,6,N8000,414.11044934153927
2,124,4,6,N8000,472.11044934153927
2,125,5,6,N8000,481.1104493415392
2,126,6,6,N8000,462.11044934153927
2,127,7,6,N8000,431.11044934153927
2,128,8,6,N8000,421.11044934153927
2,129,9,6,N8000,468.11044934153927
2,130,10,6,N8000,470.11044934153927
2,131,11,6,N8000,413.11044934153927
2,132,12,6,N8000,429.11044934153927
2,133,13,6,N8000,489.1104493415392
2,134,14,6,N8000,423.11044934153927
2,135,15,6,N8000,444.11044934153927
2,136,16,6,N8000,472.11044934153927
2,137,17,6,N8000,482.1104493415392
2,138,18,6,N8000,420.11044934153927
2,139,19,6,N8000,546.1104493415393
2,140,20,6,N8000,513.1104493415393
2,141,21,6,N8000,540.1104493415393
2,142,22,6,N8000,508.1104493415392
2,143,23,6,N8000,483.11044934153927
2,144,24,6,N8000,492.1104493415392
2,145,1,7,N8000,461.11044934153927
2,146,2,7,N8000,422.11044934153927
2,147,3,7,N8000,406.11044934153927
2,148,4,7,N8000,449.11044934153927
2,149,5,7,N8000,428.11044934153927
2,150,6,7,N8000,383.11044934153927
2,151,7,7,N8000,404.11044934153927
2,152,8,7,N8000,413.11044934153927
2,153,9,7,N8000,431.11044934153927
2,154,10,7,N8000,424.11044934153927
2,155,11,7,N8000,449.11044934153927
2,156,12,7,N8000,459.11044934153927
2,157,13,7,N8000,410.11044934153927
2,158,14,7,N8000,433.11044934153927
2,159,15,7,N8000,424.11044934153927
2,160,16,7,N8000,494.11044934153927
2,161,17,7,N8000,434.11044934153927
2,162,18,7,N8000,423.11044934153927
2,163,19,7,N8000,423.11044934153927
2,164,20,7,N8000,515.1104493415393
2,165,21,7,N8000,502.11044934153927
2,166,22,7,N8000,474.11044934153927
2,167,23,7,N8000,503.1104493415392
2,168,24,7,N8000,493.11044934153927
1,1,1,1,N8005,70.54658856957663
1,2,2,1,N8005,61.73238867567438
1,3,3,1,N8005,54.20359293296621
1,4,4,1,N8005,53.28544711068473
1,5,5,1,N8005,50.71463880829657
1,6,6,1,N8005,49.0619763281899
1,7,7,1,N8005,51.44915546612176
1,8,8,1,N8005,51.26552630166546
1,9,9,1,N8005,60.6306136889366
1,10,10,1,N8005,71.09747606294552
1,11,11,1,N8005,76.05546350326553
1,12,12,1,N8005,75.87183433880924
1,13,13,1,N8005,75.32094684544035
1,14,14,1,N8005,75.32094684544035
1,15,15,1,N8005,76.05546350326553
1,16,16,1,N8005,71.46473439185812
1,17,17,1,N8005,75.50457600989664
1,18,18,1,N8005,71.64836355631441
1,19,19,1,N8005,69.81207191175145
1,20,20,1,N8005,64.48682614251884
1,21,21,1,N8005,70.91384689848923
1,22,22,1,N8005,73.48465520087738
1,23,23,1,N8005,85.97143838390556
1,24,24,1,N8005,82.11522593032333
1,25,1,2,N8005,73.11739687196479
1,26,2,2,N8005,65.77223029371291
1,27,3,2,N8005,58.97795120882993
1,28,4,2,N8005,51.63278463057806
1,29,5,2,N8005,50.71463880829657
1,30,6,2,N8005,50.53100964384028
1,31,7,2,N8005,52.55093045285954
1,32,8,2,N8005,58.24343455100474
1,33,9,2,N8005,62.65053449795587
1,34,10,2,N8005,72.5665093785959
1,35,11,2,N8005,71.46473439185812
1,36,12,2,N8005,72.75013854305219
1,37,13,2,N8005,75.87183433880924
1,38,14,2,N8005,83.4006300815174
1,39,15,2,N8005,78.0753843122848
1,40,16,2,N8005,76.23909266772183
1,41,17,2,N8005,72.015621885227
1,42,18,2,N8005,74.21917185870257
1,43,19,2,N8005,76.78998016109072
1,44,20,2,N8005,68.89392608946996
1,45,21,2,N8005,66.6903761159944
1,46,22,2,N8005,69.26118441838256
1,47,23,2,N8005,83.76788841043
1,48,24,2,N8005,78.99353013456629
1,49,1,3,N8005,71.09747606294552
1,50,2,3,N8005,60.4469845244803
1,51,3,3,N8005,54.7544804263351
1,52,4,3,N8005,50.16375131492768
1,53,5,3,N8005,51.81641379503435
1,54,6,3,N8005,47.77657217699582
1,55,7,3,N8005,49.98012215047139
1,56,8,3,N8005,52.00004295949065
1,57,9,3,N8005,63.01779282686846
1,58,10,3,N8005,70.91384689848923
1,59,11,3,N8005,72.1992510496833
1,60,12,3,N8005,72.75013854305219
1,61,13,3,N8005,78.25901347674109
1,62,14,3,N8005,72.5665093785959
1,63,15,3,N8005,71.46473439185812
1,64,16,3,N8005,74.40280102315886
1,65,17,3,N8005,73.30102603642108
1,66,18,3,N8005,71.46473439185812
1,67,19,3,N8005,69.81207191175145
1,68,20,3,N8005,64.11956781360624
1,69,21,3,N8005,62.65053449795587
1,70,22,3,N8005,66.6903761159944
1,71,23,3,N8005,80.82982177912925
1,72,24,3,N8005,75.32094684544035
1,73,1,4,N8005,65.03771363588773
1,74,2,4,N8005,59.71246786665512
1,75,3,4,N8005,54.57085126187881
1,76,4,4,N8005,52.00004295949065
1,77,5,4,N8005,50.71463880829657
1,78,6,4,N8005,49.79649298601509
1,79,7,4,N8005,49.98012215047139
1,80,8,4,N8005,51.63278463057806
1,81,9,4,N8005,54.57085126187881
1,82,10,4,N8005,63.38505115578105
1,83,11,4,N8005,69.62844274729514
1,84,12,4,N8005,68.34303859610107
1,85,13,4,N8005,70.73021773403292
1,86,14,4,N8005,72.38288021413959
1,87,15,4,N8005,69.62844274729514
1,88,16,4,N8005,69.26118441838256
1,89,17,4,N8005,76.05546350326553
1,90,18,4,N8005,71.28110522740181
1,91,19,4,N8005,72.015621885227
1,92,20,4,N8005,67.60852193827589
1,93,21,4,N8005,69.62844274729514
1,94,22,4,N8005,76.05546350326553
1,95,23,4,N8005,90.92942582422558
1,96,24,4,N8005,81.56433843695444
1,97,1,5,N8005,72.5665093785959
1,98,2,5,N8005,64.85408447143142
1,99,3,5,N8005,56.22351374198548
1,100,4,5,N8005,55.30536791970399
1,101,5,5,N8005,51.44915546612176
1,102,6,5,N8005,52.91818878177213
1,103,7,5,N8005,51.63278463057806
1,104,8,5,N8005,60.9978720178492
1,105,9,5,N8005,65.9558594581692
1,106,10,5,N8005,67.79215110273218
1,107,11,5,N8005,83.5842592459737
1,108,12,5,N8005,69.99570107620774
1,109,13,5,N8005,74.58643018761516
1,110,14,5,N8005,66.6903761159944
1,111,15,5,N8005,73.48465520087738
1,112,16,5,N8005,73.30102603642108
1,113,17,5,N8005,72.5665093785959
1,114,18,5,N8005,74.77005935207146
1,115,19,5,N8005,73.30102603642108
1,116,20,5,N8005,69.99570107620774
1,117,21,5,N8005,70.73021773403292
1,118,22,5,N8005,70.91384689848923
1,119,23,5,N8005,86.70595504173075
1,120,24,5,N8005,82.84974258814852
1,121,1,6,N8005,76.23909266772183
1,122,2,6,N8005,60.6306136889366
1,123,3,6,N8005,54.9381095907914
1,124,4,6,N8005,52.55093045285954
1,125,5,6,N8005,47.59294301253953
1,126,6,6,N8005,49.0619763281899
1,127,7,6,N8005,50.71463880829657
1,128,8,6,N8005,56.22351374198548
1,129,9,6,N8005,54.9381095907914
1,130,10,6,N8005,64.85408447143142
1,131,11,6,N8005,73.85191352978997
1,132,12,6,N8005,69.62844274729514
1,133,13,6,N8005,75.13731768098405
1,134,14,6,N8005,72.75013854305219
1,135,15,6,N8005,73.30102603642108
1,136,16,6,N8005,73.30102603642108
1,137,17,6,N8005,73.66828436533368
1,138,18,6,N8005,68.52666776055736
1,139,19,6,N8005,75.68820517435294
1,140,20,6,N8005,74.40280102315886
1,141,21,6,N8005,64.30319697806253
1,142,22,6,N8005,74.21917185870257
1,143,23,6,N8005,86.70595504173075
1,144,24,6,N8005,85.23692172608037
1,145,1,7,N8005,74.77005935207146
1,146,2,7,N8005,66.1394886226255
1,147,3,7,N8005,52.73455961731584
1,148,4,7,N8005,56.95803039981066
1,149,5,7,N8005,51.81641379503435
1,150,6,7,N8005,50.89826797275287
1,151,7,7,N8005,51.26552630166546
1,152,8,7,N8005,51.08189713720917
1,153,9,7,N8005,56.40714290644177
1,154,10,7,N8005,63.56868032023735
1,155,11,7,N8005,67.24126360936329
1,156,12,7,N8005,81.74796760141074
1,157,13,7,N8005,74.40280102315886
1,158,14,7,N8005,72.015621885227
1,159,15,7,N8005,75.13731768098405
1,160,16,7,N8005,74.77005935207146
1,161,17,7,N8005,72.015621885227
1,162,18,7,N8005,69.26118441838256
1,163,19,7,N8005,74.40280102315886
1,164,20,7,N8005,72.93376770750848
1,165,21,7,N8005,72.1992510496833
1,166,22,7,N8005,49.79649298601509
1,167,23,7,N8005,93.50023412661373
1,168,24,7,N8005,91.29668415313817
2,1,1,1,N8005,88.35861752183742
2,2,2,1,N8005,80.09530512130407
2,3,3,1,N8005,71.46473439185812
2,4,4,1,N8005,74.77005935207146
2,5,5,1,N8005,74.03554269424627
2,6,6,1,N8005,74.95368851652775
2,7,7,1,N8005,70.73021773403292
2,8,8,1,N8005,75.50457600989664
2,9,9,1,N8005,96.07104242900189
2,10,10,1,N8005,97.17281741573967
2,11,11,1,N8005,97.72370490910856
2,12,12,1,N8005,100.11088404704041
2,13,13,1,N8005,95.1528966067204
2,14,14,1,N8005,96.80555908682707
2,15,15,1,N8005,93.31660496215743
2,16,16,1,N8005,93.68386329107003
2,17,17,1,N8005,93.86749245552632
2,18,18,1,N8005,94.41837994889521
2,19,19,1,N8005,103.59983817171006
2,20,20,1,N8005,116.82113801256342
2,21,21,1,N8005,111.31226307887452
2,22,22,1,N8005,112.5976672300686
2,23,23,1,N8005,101.2126590337782
2,24,24,1,N8005,92.03120081096336
2,25,1,2,N8005,92.03120081096336
2,26,2,2,N8005,81.74796760141074
2,27,3,2,N8005,76.60635099663442
2,28,4,2,N8005,67.79215110273218
2,29,5,2,N8005,72.93376770750848
2,30,6,2,N8005,85.78780921944926
2,31,7,2,N8005,70.36295940512034
2,32,8,2,N8005,81.93159676586703
2,33,9,2,N8005,91.84757164650706
2,34,10,2,N8005,97.35644658019596
2,35,11,2,N8005,106.1706464740982
2,36,12,2,N8005,100.47814237595301
2,37,13,2,N8005,96.98918825128337
2,38,14,2,N8005,99.74362571812782
2,39,15,2,N8005,93.31660496215743
2,40,16,2,N8005,96.43830075791448
2,41,17,2,N8005,96.43830075791448
2,42,18,2,N8005,100.47814237595301
2,43,19,2,N8005,104.88524232290413
2,44,20,2,N8005,112.0467797366997
2,45,21,2,N8005,113.14855472343748
2,46,22,2,N8005,109.84322976322414
2,47,23,2,N8005,110.94500474996192
2,48,24,2,N8005,101.0290298693219
2,49,1,3,N8005,89.09313417966261
2,50,2,3,N8005,77.5244968189159
2,51,3,3,N8005,76.42272183217813
2,52,4,3,N8005,76.42272183217813
2,53,5,3,N8005,70.91384689848923
2,54,6,3,N8005,70.36295940512034
2,55,7,3,N8005,71.28110522740181
2,56,8,3,N8005,79.17715929902258
2,57,9,3,N8005,92.03120081096336
2,58,10,3,N8005,95.88741326454559
2,59,11,3,N8005,94.7856382778078
2,60,12,3,N8005,91.29668415313817
2,61,13,3,N8005,93.31660496215743
2,62,14,3,N8005,89.4603925085752
2,63,15,3,N8005,88.9095050152063
2,64,16,3,N8005,93.31660496215743
2,65,17,3,N8005,94.41837994889521
2,66,18,3,N8005,92.94934663324484
2,67,19,3,N8005,105.43612981627302
2,68,20,3,N8005,110.76137558550563
2,69,21,3,N8005,112.4140380656123
2,70,22,3,N8005,106.1706464740982
2,71,23,3,N8005,103.23257984279746
2,72,24,3,N8005,96.62192992237078
2,73,1,4,N8005,90.37853833085668
2,74,2,4,N8005,75.68820517435294
2,75,3,4,N8005,74.03554269424627
2,76,4,4,N8005,72.5665093785959
2,77,5,4,N8005,72.75013854305219
2,78,6,4,N8005,68.52666776055736
2,79,7,4,N8005,68.52666776055736
2,80,8,4,N8005,75.13731768098405
2,81,9,4,N8005,92.39845913987595
2,82,10,4,N8005,91.66394248205076
2,83,11,4,N8005,96.62192992237078
2,84,12,4,N8005,94.23475078443892
2,85,13,4,N8005,93.50023412661373
2,86,14,4,N8005,90.56216749531298
2,87,15,4,N8005,93.50023412661373
2,88,16,4,N8005,94.9692674422641
2,89,17,4,N8005,92.76571746878854
2,90,18,4,N8005,100.11088404704041
2,91,19,4,N8005,104.88524232290413
2,92,20,4,N8005,121.96275461733974
2,93,21,4,N8005,108.92508394094266
2,94,22,4,N8005,110.94500474996192
2,95,23,4,N8005,102.68169234942857
2,96,24,4,N8005,96.62192992237078
2,97,1,5,N8005,79.91167595684776
2,98,2,5,N8005,77.5244968189159
2,99,3,5,N8005,76.60635099663442
2,100,4,5,N8005,68.34303859610107
2,101,5,5,N8005,67.42489277381958
2,102,6,5,N8005,69.62844274729514
2,103,7,5,N8005,71.64836355631441
2,104,8,5,N8005,77.7081259833722
2,105,9,5,N8005,93.86749245552632
2,106,10,5,N8005,95.3365257711767
2,107,11,5,N8005,99.92725488258412
2,108,12,5,N8005,96.80555908682707
2,109,13,5,N8005,92.03120081096336
2,110,14,5,N8005,91.11305498868187
2,111,15,5,N8005,94.41837994889521
2,112,16,5,N8005,92.39845913987595
2,113,17,5,N8005,92.21482997541965
2,114,18,5,N8005,92.03120081096336
2,115,19,5,N8005,100.2945132114967
2,116,20,5,N8005,115.90299219028194
2,117,21,5,N8005,108.00693811866118
2,118,22,5,N8005,105.43612981627302
2,119,23,5,N8005,105.25250065181673
2,120,24,5,N8005,97.54007574465226
2,121,1,6,N8005,97.17281741573967
2,122,2,6,N8005,81.38070927249814
2,123,3,6,N8005,76.42272183217813
2,124,4,6,N8005,73.30102603642108
2,125,5,6,N8005,69.07755525392625
2,126,6,6,N8005,68.52666776055736
2,127,7,6,N8005,72.015621885227
2,128,8,6,N8005,71.46473439185812
2,129,9,6,N8005,81.56433843695444
2,130,10,6,N8005,98.45822156693374
2,131,11,6,N8005,108.19056728311747
2,132,12,6,N8005,102.13080485605968
2,133,13,6,N8005,101.39628819823449
2,134,14,6,N8005,104.33435482953524
2,135,15,6,N8005,97.90733407356485
2,136,16,6,N8005,100.2945132114967
2,137,17,6,N8005,95.1528966067204
2,138,18,6,N8005,96.80555908682707
2,139,19,6,N8005,97.17281741573967
2,140,20,6,N8005,118.4738004926701
2,141,21,6,N8005,109.10871310539896
2,142,22,6,N8005,107.82330895420488
2,143,23,6,N8005,99.74362571812782
2,144,24,6,N8005,106.9051631319234
2,145,1,7,N8005,84.68603423271148
2,146,2,7,N8005,77.7081259833722
2,147,3,7,N8005,76.97360932554702
2,148,4,7,N8005,77.34086765445961
2,149,5,7,N8005,78.80990097010998
2,150,6,7,N8005,76.05546350326553
2,151,7,7,N8005,70.36295940512034
2,152,8,7,N8005,77.5244968189159
2,153,9,7,N8005,76.42272183217813
2,154,10,7,N8005,86.70595504173075
2,155,11,7,N8005,88.54224668629372
2,156,12,7,N8005,89.8276508374878
2,157,13,7,N8005,97.35644658019596
2,158,14,7,N8005,82.84974258814852
2,159,15,7,N8005,89.4603925085752
2,160,16,7,N8005,88.72587585075001
2,161,17,7,N8005,89.09313417966261
2,162,18,7,N8005,95.1528966067204
2,163,19,7,N8005,100.11088404704041
2,164,20,7,N8005,111.86315057224341
2,165,21,7,N8005,115.16847553245675
2,166,22,7,N8005,114.43395887463157
2,167,23,7,N8005,110.76137558550563
2,168,24,7,N8005,95.7037841000893
1,1,1,1,N8008,375.4534114304234
1,2,2,1,N8008,336.2676113243256
1,3,3,1,N8008,302.7964070670338
1,4,4,1,N8008,298.71455288931526
1,5,5,1,N8008,287.28536119170343
1,6,6,1,N8008,279.9380236718101
1,7,7,1,N8008,290.5508445338782
1,8,8,1,N8008,289.7344736983345
1,9,9,1,N8008,331.3693863110634
1,10,10,1,N8008,377.90252393705447
1,11,11,1,N8008,399.94453649673443
1,12,12,1,N8008,399.12816566119074
1,13,13,1,N8008,396.67905315455965
1,14,14,1,N8008,396.67905315455965
1,15,15,1,N8008,399.94453649673443
1,16,16,1,N8008,379.53526560814186
1,17,17,1,N8008,397.49542399010335
1,18,18,1,N8008,380.3516364436856
1,19,19,1,N8008,372.18792808824855
1,20,20,1,N8008,348.51317385748115
1,21,21,1,N8008,377.0861531015108
1,22,22,1,N8008,388.5153447991226
1,23,23,1,N8008,444.0285616160944
1,24,24,1,N8008,426.88477406967667
1,25,1,2,N8008,386.8826031280352
1,26,2,2,N8008,354.22776970628706
1,27,3,2,N8008,324.02204879117005
1,28,4,2,N8008,291.3672153694219
1,29,5,2,N8008,287.28536119170343
1,30,6,2,N8008,286.4689903561597
1,31,7,2,N8008,295.4490695471404
1,32,8,2,N8008,320.7565654489953
1,33,9,2,N8008,340.3494655020441
1,34,10,2,N8008,384.4334906214041
1,35,11,2,N8008,379.53526560814186
1,36,12,2,N8008,385.2498614569478
1,37,13,2,N8008,399.12816566119074
1,38,14,2,N8008,432.5993699184826
1,39,15,2,N8008,408.9246156877152
1,40,16,2,N8008,400.7609073322782
1,41,17,2,N8008,381.984378114773
1,42,18,2,N8008,391.78082814129743
1,43,19,2,N8008,403.21001983890926
1,44,20,2,N8008,368.10607391053003
1,45,21,2,N8008,358.3096238840056
1,46,22,2,N8008,369.7388155816174
1,47,23,2,N8008,434.23211158956997
1,48,24,2,N8008,413.0064698654337
1,49,1,3,N8008,377.90252393705447
1,50,2,3,N8008,330.5530154755197
1,51,3,3,N8008,305.24551957366486
1,52,4,3,N8008,284.8362486850723
1,53,5,3,N8008,292.18358620496565
1,54,6,3,N8008,274.22342782300416
1,55,7,3,N8008,284.0198778495286
1,56,8,3,N8008,292.99995704050934
1,57,9,3,N8008,341.98220717313154
1,58,10,3,N8008,377.0861531015108
1,59,11,3,N8008,382.8007489503167
1,60,12,3,N8008,385.2498614569478
1,61,13,3,N8008,409.74098652325887
1,62,14,3,N8008,384.4334906214041
1,63,15,3,N8008,379.53526560814186
1,64,16,3,N8008,392.5971989768411
1,65,17,3,N8008,387.6989739635789
1,66,18,3,N8008,379.53526560814186
1,67,19,3,N8008,372.18792808824855
1,68,20,3,N8008,346.88043218639376
1,69,21,3,N8008,340.3494655020441
1,70,22,3,N8008,358.3096238840056
1,71,23,3,N8008,421.17017822087075
1,72,24,3,N8008,396.67905315455965
1,73,1,4,N8008,350.9622863641123
1,74,2,4,N8008,327.2875321333449
1,75,3,4,N8008,304.42914873812117
1,76,4,4,N8008,292.99995704050934
1,77,5,4,N8008,287.28536119170343
1,78,6,4,N8008,283.2035070139849
1,79,7,4,N8008,284.0198778495286
1,80,8,4,N8008,291.3672153694219
1,81,9,4,N8008,304.42914873812117
1,82,10,4,N8008,343.61494884421893
1,83,11,4,N8008,371.37155725270486
1,84,12,4,N8008,365.65696140389895
1,85,13,4,N8008,376.2697822659671
1,86,14,4,N8008,383.6171197858604
1,87,15,4,N8008,371.37155725270486
1,88,16,4,N8008,369.7388155816174
1,89,17,4,N8008,399.94453649673443
1,90,18,4,N8008,378.71889477259816
1,91,19,4,N8008,381.984378114773
1,92,20,4,N8008,362.3914780617241
1,93,21,4,N8008,371.37155725270486
1,94,22,4,N8008,399.94453649673443
1,95,23,4,N8008,466.0705741757744
1,96,24,4,N8008,424.4356615630455
1,97,1,5,N8008,384.4334906214041
1,98,2,5,N8008,350.14591552856854
1,99,3,5,N8008,311.77648625801453
1,100,4,5,N8008,307.694632080296
1,101,5,5,N8008,290.5508445338782
1,102,6,5,N8008,297.08181121822787
1,103,7,5,N8008,291.3672153694219
1,104,8,5,N8008,333.0021279821508
1,105,9,5,N8008,355.04414054183076
1,106,10,5,N8008,363.2078488972678
1,107,11,5,N8008,433.4157407540263
1,108,12,5,N8008,373.00429892379225
1,109,13,5,N8008,393.4135698123848
1,110,14,5,N8008,358.3096238840056
1,111,15,5,N8008,388.5153447991226
1,112,16,5,N8008,387.6989739635789
1,113,17,5,N8008,384.4334906214041
1,114,18,5,N8008,394.2299406479285
1,115,19,5,N8008,387.6989739635789
1,116,20,5,N8008,373.00429892379225
1,117,21,5,N8008,376.2697822659671
1,118,22,5,N8008,377.0861531015108
1,119,23,5,N8008,447.29404495826924
1,120,24,5,N8008,430.1502574118515
1,121,1,6,N8008,400.7609073322782
1,122,2,6,N8008,331.3693863110634
1,123,3,6,N8008,306.06189040920856
1,124,4,6,N8008,295.4490695471404
1,125,5,6,N8008,273.40705698746046
1,126,6,6,N8008,279.9380236718101
1,127,7,6,N8008,287.28536119170343
1,128,8,6,N8008,311.77648625801453
1,129,9,6,N8008,306.06189040920856
1,130,10,6,N8008,350.14591552856854
1,131,11,6,N8008,390.14808647021005
1,132,12,6,N8008,371.37155725270486
1,133,13,6,N8008,395.86268231901596
1,134,14,6,N8008,385.2498614569478
1,135,15,6,N8008,387.6989739635789
1,136,16,6,N8008,387.6989739635789
1,137,17,6,N8008,389.3317156346663
1,138,18,6,N8008,366.47333223944264
1,139,19,6,N8008,398.31179482564704
1,140,20,6,N8008,392.5971989768411
1,141,21,6,N8008,347.69680302193746
1,142,22,6,N8008,391.78082814129743
1,143,23,6,N8008,447.29404495826924
1,144,24,6,N8008,440.76307827391963
1,145,1,7,N8008,394.2299406479285
1,146,2,7,N8008,355.8605113773745
1,147,3,7,N8008,296.2654403826841
1,148,4,7,N8008,315.0419696001893
1,149,5,7,N8008,292.18358620496565
1,150,6,7,N8008,288.1017320272471
1,151,7,7,N8008,289.7344736983345
1,152,8,7,N8008,288.9181028627908
1,153,9,7,N8008,312.5928570935582
1,154,10,7,N8008,344.4313196797626
1,155,11,7,N8008,360.7587363906367
1,156,12,7,N8008,425.2520323985893
1,157,13,7,N8008,392.5971989768411
1,158,14,7,N8008,381.984378114773
1,159,15,7,N8008,395.86268231901596
1,160,16,7,N8008,394.2299406479285
1,161,17,7,N8008,381.984378114773
1,162,18,7,N8008,369.7388155816174
1,163,19,7,N8008,392.5971989768411
1,164,20,7,N8008,386.0662322924915
1,165,21,7,N8008,382.8007489503167
1,166,22,7,N8008,283.2035070139849
1,167,23,7,N8008,477.49976587338625
1,168,24,7,N8008,467.7033158468618
2,1,1,1,N8008,454.64138247816254
2,2,2,1,N8008,417.9046948786959
2,3,3,1,N8008,379.53526560814186
2,4,4,1,N8008,394.2299406479285
2,5,5,1,N8008,390.96445730575374
2,6,6,1,N8008,395.0463114834722
2,7,7,1,N8008,376.2697822659671
2,8,8,1,N8008,397.49542399010335
2,9,9,1,N8008,488.9289575709981
2,10,10,1,N8008,493.8271825842603
2,11,11,1,N8008,496.27629509089144
2,12,12,1,N8008,506.88911595295957
2,13,13,1,N8008,484.8471033932796
2,14,14,1,N8008,492.1944409131729
2,15,15,1,N8008,476.68339503784256
2,16,16,1,N8008,478.31613670892995
2,17,17,1,N8008,479.13250754447364
2,18,18,1,N8008,481.5816200511048
2,19,19,1,N8008,522.4001618282899
2,20,20,1,N8008,581.1788619874366
2,21,21,1,N8008,556.6877369211254
2,22,22,1,N8008,562.4023327699314
2,23,23,1,N8008,511.7873409662218
2,24,24,1,N8008,470.96879918903664
2,25,1,2,N8008,470.96879918903664
2,26,2,2,N8008,425.2520323985893
2,27,3,2,N8008,402.39364900336557
2,28,4,2,N8008,363.2078488972678
2,29,5,2,N8008,386.0662322924915
2,30,6,2,N8008,443.2121907805507
2,31,7,2,N8008,374.63704059487964
2,32,8,2,N8008,426.068403234133
2,33,9,2,N8008,470.15242835349295
2,34,10,2,N8008,494.64355341980405
2,35,11,2,N8008,533.8293535259018
2,36,12,2,N8008,508.52185762404696
2,37,13,2,N8008,493.0108117487166
2,38,14,2,N8008,505.2563742818722
2,39,15,2,N8008,476.68339503784256
2,40,16,2,N8008,490.5616992420855
2,41,17,2,N8008,490.5616992420855
2,42,18,2,N8008,508.52185762404696
2,43,19,2,N8008,528.1147576770958
2,44,20,2,N8008,559.9532202633003
2,45,21,2,N8008,564.8514452765625
2,46,22,2,N8008,550.1567702367759
2,47,23,2,N8008,555.054995250038
2,48,24,2,N8008,510.9709701306781
2,49,1,3,N8008,457.9068658203374
2,50,2,3,N8008,406.4755031810841
2,51,3,3,N8008,401.5772781678219
2,52,4,3,N8008,401.5772781678219
2,53,5,3,N8008,377.0861531015108
2,54,6,3,N8008,374.63704059487964
2,55,7,3,N8008,378.71889477259816
2,56,8,3,N8008,413.8228407009774
2,57,9,3,N8008,470.96879918903664
2,58,10,3,N8008,488.1125867354544
2,59,11,3,N8008,483.21436172219217
2,60,12,3,N8008,467.7033158468618
2,61,13,3,N8008,476.68339503784256
2,62,14,3,N8008,459.53960749142476
2,63,15,3,N8008,457.0904949847937
2,64,16,3,N8008,476.68339503784256
2,65,17,3,N8008,481.5816200511048
2,66,18,3,N8008,475.05065336675517
2,67,19,3,N8008,530.563870183727
2,68,20,3,N8008,554.2386244144943
2,69,21,3,N8008,561.5859619343877
2,70,22,3,N8008,533.8293535259018
2,71,23,3,N8008,520.7674201572025
2,72,24,3,N8008,491.3780700776292
2,73,1,4,N8008,463.6214616691433
2,74,2,4,N8008,398.31179482564704
2,75,3,4,N8008,390.96445730575374
2,76,4,4,N8008,384.4334906214041
2,77,5,4,N8008,385.2498614569478
2,78,6,4,N8008,366.47333223944264
2,79,7,4,N8008,366.47333223944264
2,80,8,4,N8008,395.86268231901596
2,81,9,4,N8008,472.60154086012403
2,82,10,4,N8008,469.3360575179492
2,83,11,4,N8008,491.3780700776292
2,84,12,4,N8008,480.7652492155611
2,85,13,4,N8008,477.49976587338625
2,86,14,4,N8008,464.437832504687
2,87,15,4,N8008,477.49976587338625
2,88,16,4,N8008,484.03073255773586
2,89,17,4,N8008,474.2342825312114
2,90,18,4,N8008,506.88911595295957
2,91,19,4,N8008,528.1147576770958
2,92,20,4,N8008,604.0372453826602
2,93,21,4,N8008,546.0749160590573
2,94,22,4,N8008,555.054995250038
2,95,23,4,N8008,518.3183076505713
2,96,24,4,N8008,491.3780700776292
2,97,1,5,N8008,417.0883240431522
2,98,2,5,N8008,406.4755031810841
2,99,3,5,N8008,402.39364900336557
2,100,4,5,N8008,365.65696140389895
2,101,5,5,N8008,361.5751072261804
2,102,6,5,N8008,371.37155725270486
2,103,7,5,N8008,380.3516364436856
2,104,8,5,N8008,407.2918740166278
2,105,9,5,N8008,479.13250754447364
2,106,10,5,N8008,485.6634742288233
2,107,11,5,N8008,506.0727451174159
2,108,12,5,N8008,492.1944409131729
2,109,13,5,N8008,470.96879918903664
2,110,14,5,N8008,466.8869450113181
2,111,15,5,N8008,481.5816200511048
2,112,16,5,N8008,472.60154086012403
2,113,17,5,N8008,471.78517002458034
2,114,18,5,N8008,470.96879918903664
2,115,19,5,N8008,507.70548678850326
2,116,20,5,N8008,577.0970078097181
2,117,21,5,N8008,541.9930618813388
2,118,22,5,N8008,530.563870183727
2,119,23,5,N8008,529.7474993481833
2,120,24,5,N8008,495.45992425534774
2,121,1,6,N8008,493.8271825842603
2,122,2,6,N8008,423.61929072750183
2,123,3,6,N8008,401.5772781678219
2,124,4,6,N8008,387.6989739635789
2,125,5,6,N8008,368.9224447460737
2,126,6,6,N8008,366.47333223944264
2,127,7,6,N8008,381.984378114773
2,128,8,6,N8008,379.53526560814186
2,129,9,6,N8008,424.4356615630455
2,130,10,6,N8008,499.5417784330662
2,131,11,6,N8008,542.8094327168825
2,132,12,6,N8008,515.8691951439403
2,133,13,6,N8008,512.6037118017655
2,134,14,6,N8008,525.6656451704647
2,135,15,6,N8008,497.09266592643513
2,136,16,6,N8008,507.70548678850326
2,137,17,6,N8008,484.8471033932796
2,138,18,6,N8008,492.1944409131729
2,139,19,6,N8008,493.8271825842603
2,140,20,6,N8008,588.5261995073299
2,141,21,6,N8008,546.891286894601
2,142,22,6,N8008,541.1766910457951
2,143,23,6,N8008,505.2563742818722
2,144,24,6,N8008,537.0948368680765
2,145,1,7,N8008,438.3139657672885
2,146,2,7,N8008,407.2918740166278
2,147,3,7,N8008,404.02639067445295
2,148,4,7,N8008,405.6591323455404
2,149,5,7,N8008,412.19009902989
2,150,6,7,N8008,399.94453649673443
2,151,7,7,N8008,374.63704059487964
2,152,8,7,N8008,406.4755031810841
2,153,9,7,N8008,401.5772781678219
2,154,10,7,N8008,447.29404495826924
2,155,11,7,N8008,455.4577533137063
2,156,12,7,N8008,461.1723491625122
2,157,13,7,N8008,494.64355341980405
2,158,14,7,N8008,430.1502574118515
2,159,15,7,N8008,459.53960749142476
2,160,16,7,N8008,456.27412414925
2,161,17,7,N8008,457.9068658203374
2,162,18,7,N8008,484.8471033932796
2,163,19,7,N8008,506.88911595295957
2,164,20,7,N8008,559.1368494277565
2,165,21,7,N8008,573.8315244675432
2,166,22,7,N8008,570.5660411253684
2,167,23,7,N8008,554.2386244144943
2,168,24,7,N8008,487.2962158999107
1,1,1,1,N8010,138.30399734347137
1,2,2,1,N8010,120.5105006092236
1,3,3,1,N8010,111.61375224209971
1,4,4,1,N8010,109.18736632379319
1,5,5,1,N8010,104.33459448718015
1,6,6,1,N8010,101.90820856887365
1,7,7,1,N8010,101.09941326277146
1,8,8,1,N8010,109.18736632379319
1,9,9,1,N8010,108.37857101769102
1,10,10,1,N8010,119.70170530312141
1,11,11,1,N8010,126.98086305804097
1,12,12,1,N8010,128.5984536702453
1,13,13,1,N8010,133.45122550685835
1,14,14,1,N8010,132.64243020075617
1,15,15,1,N8010,135.87761142516484
1,16,16,1,N8010,135.87761142516484
1,17,17,1,N8010,143.96556448618657
1,18,18,1,N8010,147.20074571059527
1,19,19,1,N8010,142.34797387398223
1,20,20,1,N8010,137.4952020373692
1,21,21,1,N8010,134.2600208129605
1,22,22,1,N8010,135.0688161190627
1,23,23,1,N8010,128.5984536702453
1,24,24,1,N8010,124.55447713973444
1,25,1,2,N8010,117.2753193848149
1,26,2,2,N8010,105.95218509938451
1,27,3,2,N8010,99.48182265056712
1,28,4,2,N8010,94.6290508139541
1,29,5,2,N8010,97.05543673226062
1,30,6,2,N8010,93.82025550785193
1,31,7,2,N8010,94.6290508139541
1,32,8,2,N8010,92.20266489564759
1,33,9,2,N8010,102.71700387497582
1,34,10,2,N8010,112.42254754820188
1,35,11,2,N8010,122.12809122142794
1,36,12,2,N8010,125.36327244583663
1,37,13,2,N8010,125.36327244583663
1,38,14,2,N8010,126.98086305804097
1,39,15,2,N8010,129.4072489763475
1,40,16,2,N8010,130.21604428244964
1,41,17,2,N8010,131.833634894654
1,42,18,2,N8010,128.5984536702453
1,43,19,2,N8010,128.5984536702453
1,44,20,2,N8010,126.1720677519388
1,45,21,2,N8010,122.12809122142794
1,46,22,2,N8010,124.55447713973444
1,47,23,2,N8010,139.9215879556757
1,48,24,2,N8010,143.1567691800844
1,49,1,3,N8010,128.5984536702453
1,50,2,3,N8010,109.99616162989535
1,51,3,3,N8010,104.33459448718015
1,52,4,3,N8010,101.09941326277146
1,53,5,3,N8010,98.67302734446496
1,54,6,3,N8010,96.24664142615843
1,55,7,3,N8010,93.01146020174976
1,56,8,3,N8010,95.43784612005626
1,57,9,3,N8010,104.33459448718015
1,58,10,3,N8010,115.65772877261057
1,59,11,3,N8010,125.36327244583663
1,60,12,3,N8010,125.36327244583663
1,61,13,3,N8010,127.78965836414314
1,62,14,3,N8010,122.12809122142794
1,63,15,3,N8010,118.89290999701925
1,64,16,3,N8010,119.70170530312141
1,65,17,3,N8010,120.5105006092236
1,66,18,3,N8010,119.70170530312141
1,67,19,3,N8010,116.46652407871274
1,68,20,3,N8010,119.70170530312141
1,69,21,3,N8010,115.65772877261057
1,70,22,3,N8010,117.2753193848149
1,71,23,3,N8010,135.87761142516484
1,72,24,3,N8010,139.11279264957355
1,73,1,4,N8010,124.55447713973444
1,74,2,4,N8010,107.56977571158885
1,75,3,4,N8010,98.67302734446496
1,76,4,4,N8010,95.43784612005626
1,77,5,4,N8010,94.6290508139541
1,78,6,4,N8010,93.01146020174976
1,79,7,4,N8010,89.77627897734106
1,80,8,4,N8010,93.82025550785193
1,81,9,4,N8010,102.71700387497582
1,82,10,4,N8010,115.65772877261057
1,83,11,4,N8010,125.36327244583663
1,84,12,4,N8010,130.21604428244964
1,85,13,4,N8010,131.02483958855183
1,86,14,4,N8010,127.78965836414314
1,87,15,4,N8010,126.98086305804097
1,88,16,4,N8010,126.1720677519388
1,89,17,4,N8010,129.4072489763475
1,90,18,4,N8010,126.98086305804097
1,91,19,4,N8010,125.36327244583663
1,92,20,4,N8010,124.55447713973444
1,93,21,4,N8010,124.55447713973444
1,94,22,4,N8010,122.12809122142794
1,95,23,4,N8010,139.9215879556757
1,96,24,4,N8010,144.77435979228875
1,97,1,5,N8010,126.98086305804097
1,98,2,5,N8010,109.99616162989535
1,99,3,5,N8010,101.90820856887365
1,100,4,5,N8010,97.86423203836279
1,101,5,5,N8010,94.6290508139541
1,102,6,5,N8010,93.01146020174976
1,103,7,5,N8010,89.77627897734106
1,104,8,5,N8010,95.43784612005626
1,105,9,5,N8010,106.76098040548668
1,106,10,5,N8010,118.08411469091708
1,107,11,5,N8010,126.98086305804097
1,108,12,5,N8010,132.64243020075617
1,109,13,5,N8010,134.2600208129605
1,110,14,5,N8010,131.833634894654
1,111,15,5,N8010,130.21604428244964
1,112,16,5,N8010,132.64243020075617
1,113,17,5,N8010,135.87761142516484
1,114,18,5,N8010,133.45122550685835
1,115,19,5,N8010,127.78965836414314
1,116,20,5,N8010,122.12809122142794
1,117,21,5,N8010,118.89290999701925
1,118,22,5,N8010,118.08411469091708
1,119,23,5,N8010,132.64243020075617
1,120,24,5,N8010,135.87761142516484
1,121,1,6,N8010,124.55447713973444
1,122,2,6,N8010,106.76098040548668
1,123,3,6,N8010,97.86423203836279
1,124,4,6,N8010,93.82025550785193
1,125,5,6,N8010,92.20266489564759
1,126,6,6,N8010,89.77627897734106
1,127,7,6,N8010,96.24664142615843
1,128,8,6,N8010,98.67302734446496
1,129,9,6,N8010,109.18736632379319
1,130,10,6,N8010,119.70170530312141
1,131,11,6,N8010,125.36327244583663
1,132,12,6,N8010,127.78965836414314
1,133,13,6,N8010,131.833634894654
1,134,14,6,N8010,134.2600208129605
1,135,15,6,N8010,131.02483958855183
1,136,16,6,N8010,131.02483958855183
1,137,17,6,N8010,131.833634894654
1,138,18,6,N8010,134.2600208129605
1,139,19,6,N8010,135.0688161190627
1,140,20,6,N8010,131.833634894654
1,141,21,6,N8010,131.02483958855183
1,142,22,6,N8010,134.2600208129605
1,143,23,6,N8010,148.00954101669743
1,144,24,6,N8010,152.0535175472083
1,145,1,7,N8010,139.11279264957355
1,146,2,7,N8010,121.31929591532577
1,147,3,7,N8010,114.04013816040622
1,148,4,7,N8010,110.80495693599754
1,149,5,7,N8010,105.95218509938451
1,150,6,7,N8010,103.52579918107799
1,151,7,7,N8010,99.48182265056712
1,152,8,7,N8010,101.90820856887365
1,153,9,7,N8010,106.76098040548668
1,154,10,7,N8010,116.46652407871274
1,155,11,7,N8010,122.12809122142794
1,156,12,7,N8010,127.78965836414314
1,157,13,7,N8010,131.833634894654
1,158,14,7,N8010,133.45122550685835
1,159,15,7,N8010,131.833634894654
1,160,16,7,N8010,134.2600208129605
1,161,17,7,N8010,135.0688161190627
1,162,18,7,N8010,134.2600208129605
1,163,19,7,N8010,137.4952020373692
1,164,20,7,N8010,135.0688161190627
1,165,21,7,N8010,134.2600208129605
1,166,22,7,N8010,134.2600208129605
1,167,23,7,N8010,147.20074571059527
1,168,24,7,N8010,155.28869877161696
2,1,1,1,N8010,179.55255795468213
2,2,2,1,N8010,162.56785652653653
2,3,3,1,N8010,153.67110815941263
2,4,4,1,N8010,151.24472224110613
2,5,5,1,N8010,148.8183363227996
2,6,6,1,N8010,147.20074571059527
2,7,7,1,N8010,153.67110815941263
2,8,8,1,N8010,165.8030377509452
2,9,9,1,N8010,184.40532979129517
2,10,10,1,N8010,191.6844875462147
2,11,11,1,N8010,191.6844875462147
2,12,12,1,N8010,189.2581016279082
2,13,13,1,N8010,174.6997861180691
2,14,14,1,N8010,164.99424244484305
2,15,15,1,N8010,162.56785652653653
2,16,16,1,N8010,164.99424244484305
2,17,17,1,N8010,164.99424244484305
2,18,18,1,N8010,165.8030377509452
2,19,19,1,N8010,179.55255795468213
2,20,20,1,N8010,198.1548499950321
2,21,21,1,N8010,194.9196687706234
2,22,22,1,N8010,194.11087346452123
2,23,23,1,N8010,197.3460546889299
2,24,24,1,N8010,190.87569224011253
2,25,1,2,N8010,176.31737673027345
2,26,2,2,N8010,160.9502659143322
2,27,3,2,N8010,152.0535175472083
2,28,4,2,N8010,148.00954101669743
2,29,5,2,N8010,145.5831550983909
2,30,6,2,N8010,137.4952020373692
2,31,7,2,N8010,150.43592693500395
2,32,8,2,N8010,162.56785652653653
2,33,9,2,N8010,178.74376264857995
2,34,10,2,N8010,190.87569224011253
2,35,11,2,N8010,188.44930632180603
2,36,12,2,N8010,184.40532979129517
2,37,13,2,N8010,179.55255795468213
2,38,14,2,N8010,173.89099081196693
2,39,15,2,N8010,169.03821897535389
2,40,16,2,N8010,169.03821897535389
2,41,17,2,N8010,172.2734001997626
2,42,18,2,N8010,171.4646048936604
2,43,19,2,N8010,177.9349673424778
2,44,20,2,N8010,203.0076218316451
2,45,21,2,N8010,201.39003121944077
2,46,22,2,N8010,201.39003121944077
2,47,23,2,N8010,196.53725938282773
2,48,24,2,N8010,185.21412509739733
2,49,1,3,N8010,171.4646048936604
2,50,2,3,N8010,152.86231285331047
2,51,3,3,N8010,144.77435979228875
2,52,4,3,N8010,141.53917856788007
2,53,5,3,N8010,142.34797387398223
2,54,6,3,N8010,142.34797387398223
2,55,7,3,N8010,146.3919504044931
2,56,8,3,N8010,156.09749407771915
2,57,9,3,N8010,174.6997861180691
2,58,10,3,N8010,183.596534485193
2,59,11,3,N8010,181.17014856688647
2,60,12,3,N8010,178.74376264857995
2,61,13,3,N8010,177.1261720363756
2,62,14,3,N8010,173.08219550586475
2,63,15,3,N8010,169.84701428145607
2,64,16,3,N8010,168.22942366925173
2,65,17,3,N8010,168.22942366925173
2,66,18,3,N8010,173.08219550586475
2,67,19,3,N8010,184.40532979129517
2,68,20,3,N8010,198.1548499950321
2,69,21,3,N8010,195.72846407672557
2,70,22,3,N8010,195.72846407672557
2,71,23,3,N8010,190.87569224011253
2,72,24,3,N8010,180.3613532607843
2,73,1,4,N8010,168.22942366925173
2,74,2,4,N8010,153.67110815941263
2,75,3,4,N8010,146.3919504044931
2,76,4,4,N8010,141.53917856788007
2,77,5,4,N8010,141.53917856788007
2,78,6,4,N8010,139.11279264957355
2,79,7,4,N8010,143.1567691800844
2,80,8,4,N8010,153.67110815941263
2,81,9,4,N8010,174.6997861180691
2,82,10,4,N8010,180.3613532607843
2,83,11,4,N8010,175.50858142417127
2,84,12,4,N8010,169.84701428145607
2,85,13,4,N8010,165.8030377509452
2,86,14,4,N8010,160.14147060823
2,87,15,4,N8010,161.75906122043435
2,88,16,4,N8010,159.33267530212783
2,89,17,4,N8010,163.3766518326387
2,90,18,4,N8010,166.6118330570474
2,91,19,4,N8010,177.9349673424778
2,92,20,4,N8010,194.9196687706234
2,93,21,4,N8010,193.30207815841905
2,94,22,4,N8010,194.11087346452123
2,95,23,4,N8010,189.2581016279082
2,96,24,4,N8010,180.3613532607843
2,97,1,5,N8010,169.84701428145607
2,98,2,5,N8010,152.0535175472083
2,99,3,5,N8010,144.77435979228875
2,100,4,5,N8010,141.53917856788007
2,101,5,5,N8010,137.4952020373692
2,102,6,5,N8010,140.7303832617779
2,103,7,5,N8010,143.1567691800844
2,104,8,5,N8010,153.67110815941263
2,105,9,5,N8010,174.6997861180691
2,106,10,5,N8010,183.596534485193
2,107,11,5,N8010,179.55255795468213
2,108,12,5,N8010,172.2734001997626
2,109,13,5,N8010,171.4646048936604
2,110,14,5,N8010,164.99424244484305
2,111,15,5,N8010,159.33267530212783
2,112,16,5,N8010,160.14147060823
2,113,17,5,N8010,159.33267530212783
2,114,18,5,N8010,160.14147060823
2,115,19,5,N8010,174.6997861180691
2,116,20,5,N8010,194.11087346452123
2,117,21,5,N8010,194.11087346452123
2,118,22,5,N8010,192.49328285231687
2,119,23,5,N8010,188.44930632180603
2,120,24,5,N8010,178.74376264857995
2,121,1,6,N8010,171.4646048936604
2,122,2,6,N8010,152.86231285331047
2,123,3,6,N8010,144.77435979228875
2,124,4,6,N8010,135.87761142516484
2,125,5,6,N8010,136.68640673126703
2,126,6,6,N8010,137.4952020373692
2,127,7,6,N8010,137.4952020373692
2,128,8,6,N8010,146.3919504044931
2,129,9,6,N8010,164.18544713874087
2,130,10,6,N8010,169.84701428145607
2,131,11,6,N8010,169.03821897535389
2,132,12,6,N8010,171.4646048936604
2,133,13,6,N8010,165.8030377509452
2,134,14,6,N8010,163.3766518326387
2,135,15,6,N8010,158.52387999602567
2,136,16,6,N8010,154.4799034655148
2,137,17,6,N8010,156.90628938382133
2,138,18,6,N8010,160.9502659143322
2,139,19,6,N8010,172.2734001997626
2,140,20,6,N8010,192.49328285231687
2,141,21,6,N8010,190.87569224011253
2,142,22,6,N8010,191.6844875462147
2,143,23,6,N8010,188.44930632180603
2,144,24,6,N8010,181.17014856688647
2,145,1,7,N8010,175.50858142417127
2,146,2,7,N8010,149.62713162890176
2,147,3,7,N8010,168.22942366925173
2,148,4,7,N8010,147.20074571059527
2,149,5,7,N8010,147.20074571059527
2,150,6,7,N8010,147.20074571059527
2,151,7,7,N8010,148.8183363227996
2,152,8,7,N8010,152.86231285331047
2,153,9,7,N8010,161.75906122043435
2,154,10,7,N8010,168.22942366925173
2,155,11,7,N8010,173.89099081196693
2,156,12,7,N8010,171.4646048936604
2,157,13,7,N8010,169.84701428145607
2,158,14,7,N8010,168.22942366925173
2,159,15,7,N8010,164.18544713874087
2,160,16,7,N8010,159.33267530212783
2,161,17,7,N8010,160.14147060823
2,162,18,7,N8010,163.3766518326387
2,163,19,7,N8010,179.55255795468213
2,164,20,7,N8010,202.19882652554293
2,165,21,7,N8010,198.1548499950321
2,166,22,7,N8010,196.53725938282773
2,167,23,7,N8010,198.1548499950321
2,168,24,7,N8010,185.21412509739733
1,1,1,1,N8012,32.69600265652863
1,2,2,1,N8012,28.48949939077641
1,3,3,1,N8012,26.386247757900296
1,4,4,1,N8012,25.81263367620681
1,5,5,1,N8012,24.66540551281984
1,6,6,1,N8012,24.091791431126357
1,7,7,1,N8012,23.90058673722853
1,8,8,1,N8012,25.81263367620681
1,9,9,1,N8012,25.621428982308984
1,10,10,1,N8012,28.29829469687858
1,11,11,1,N8012,30.019136941959033
1,12,12,1,N8012,30.40154632975469
1,13,13,1,N8012,31.54877449314166
1,14,14,1,N8012,31.35756979924383
1,15,15,1,N8012,32.12238857483514
1,16,16,1,N8012,32.12238857483514
1,17,17,1,N8012,34.03443551381343
1,18,18,1,N8012,34.799254289404736
1,19,19,1,N8012,33.65202612601777
1,20,20,1,N8012,32.5047979626308
1,21,21,1,N8012,31.739979187039488
1,22,22,1,N8012,31.931183880937315
1,23,23,1,N8012,30.40154632975469
1,24,24,1,N8012,29.445522860265548
1,25,1,2,N8012,27.724680615185093
1,26,2,2,N8012,25.0478149006155
1,27,3,2,N8012,23.51817734943287
1,28,4,2,N8012,22.370949186045905
1,29,5,2,N8012,22.94456326773939
1,30,6,2,N8012,22.179744492148075
1,31,7,2,N8012,22.370949186045905
1,32,8,2,N8012,21.79733510435242
1,33,9,2,N8012,24.282996125024187
1,34,10,2,N8012,26.577452451798123
1,35,11,2,N8012,28.871908778572063
1,36,12,2,N8012,29.636727554163375
1,37,13,2,N8012,29.636727554163375
1,38,14,2,N8012,30.019136941959033
1,39,15,2,N8012,30.592751023652518
1,40,16,2,N8012,30.783955717550345
1,41,17,2,N8012,31.166365105346003
1,42,18,2,N8012,30.40154632975469
1,43,19,2,N8012,30.40154632975469
1,44,20,2,N8012,29.827932248061206
1,45,21,2,N8012,28.871908778572063
1,46,22,2,N8012,29.445522860265548
1,47,23,2,N8012,33.07841204432429
1,48,24,2,N8012,33.8432308199156
1,49,1,3,N8012,30.40154632975469
1,50,2,3,N8012,26.00383837010464
1,51,3,3,N8012,24.66540551281984
1,52,4,3,N8012,23.90058673722853
1,53,5,3,N8012,23.326972655535045
1,54,6,3,N8012,22.75335857384156
1,55,7,3,N8012,21.988539798250248
1,56,8,3,N8012,22.562153879943732
1,57,9,3,N8012,24.66540551281984
1,58,10,3,N8012,27.34227122738944
1,59,11,3,N8012,29.636727554163375
1,60,12,3,N8012,29.636727554163375
1,61,13,3,N8012,30.21034163585686
1,62,14,3,N8012,28.871908778572063
1,63,15,3,N8012,28.10709000298075
1,64,16,3,N8012,28.29829469687858
1,65,17,3,N8012,28.48949939077641
1,66,18,3,N8012,28.29829469687858
1,67,19,3,N8012,27.533475921287266
1,68,20,3,N8012,28.29829469687858
1,69,21,3,N8012,27.34227122738944
1,70,22,3,N8012,27.724680615185093
1,71,23,3,N8012,32.12238857483514
1,72,24,3,N8012,32.88720735042646
1,73,1,4,N8012,29.445522860265548
1,74,2,4,N8012,25.430224288411157
1,75,3,4,N8012,23.326972655535045
1,76,4,4,N8012,22.562153879943732
1,77,5,4,N8012,22.370949186045905
1,78,6,4,N8012,21.988539798250248
1,79,7,4,N8012,21.223721022658935
1,80,8,4,N8012,22.179744492148075
1,81,9,4,N8012,24.282996125024187
1,82,10,4,N8012,27.34227122738944
1,83,11,4,N8012,29.636727554163375
1,84,12,4,N8012,30.783955717550345
1,85,13,4,N8012,30.975160411448176
1,86,14,4,N8012,30.21034163585686
1,87,15,4,N8012,30.019136941959033
1,88,16,4,N8012,29.827932248061206
1,89,17,4,N8012,30.592751023652518
1,90,18,4,N8012,30.019136941959033
1,91,19,4,N8012,29.636727554163375
1,92,20,4,N8012,29.445522860265548
1,93,21,4,N8012,29.445522860265548
1,94,22,4,N8012,28.871908778572063
1,95,23,4,N8012,33.07841204432429
1,96,24,4,N8012,34.22564020771125
1,97,1,5,N8012,30.019136941959033
1,98,2,5,N8012,26.00383837010464
1,99,3,5,N8012,24.091791431126357
1,100,4,5,N8012,23.135767961637217
1,101,5,5,N8012,22.370949186045905
1,102,6,5,N8012,21.988539798250248
1,103,7,5,N8012,21.223721022658935
1,104,8,5,N8012,22.562153879943732
1,105,9,5,N8012,25.239019594513326
1,106,10,5,N8012,27.915885309082924
1,107,11,5,N8012,30.019136941959033
1,108,12,5,N8012,31.35756979924383
1,109,13,5,N8012,31.739979187039488
1,110,14,5,N8012,31.166365105346003
1,111,15,5,N8012,30.783955717550345
1,112,16,5,N8012,31.35756979924383
1,113,17,5,N8012,32.12238857483514
1,114,18,5,N8012,31.54877449314166
1,115,19,5,N8012,30.21034163585686
1,116,20,5,N8012,28.871908778572063
1,117,21,5,N8012,28.10709000298075
1,118,22,5,N8012,27.915885309082924
1,119,23,5,N8012,31.35756979924383
1,120,24,5,N8012,32.12238857483514
1,121,1,6,N8012,29.445522860265548
1,122,2,6,N8012,25.239019594513326
1,123,3,6,N8012,23.135767961637217
1,124,4,6,N8012,22.179744492148075
1,125,5,6,N8012,21.79733510435242
1,126,6,6,N8012,21.223721022658935
1,127,7,6,N8012,22.75335857384156
1,128,8,6,N8012,23.326972655535045
1,129,9,6,N8012,25.81263367620681
1,130,10,6,N8012,28.29829469687858
1,131,11,6,N8012,29.636727554163375
1,132,12,6,N8012,30.21034163585686
1,133,13,6,N8012,31.166365105346003
1,134,14,6,N8012,31.739979187039488
1,135,15,6,N8012,30.975160411448176
1,136,16,6,N8012,30.975160411448176
1,137,17,6,N8012,31.166365105346003
1,138,18,6,N8012,31.739979187039488
1,139,19,6,N8012,31.931183880937315
1,140,20,6,N8012,31.166365105346003
1,141,21,6,N8012,30.975160411448176
1,142,22,6,N8012,31.739979187039488
1,143,23,6,N8012,34.99045898330257
1,144,24,6,N8012,35.946482452791706
1,145,1,7,N8012,32.88720735042646
1,146,2,7,N8012,28.680704084674236
1,147,3,7,N8012,26.95986183959378
1,148,4,7,N8012,26.19504306400247
1,149,5,7,N8012,25.0478149006155
1,150,6,7,N8012,24.474200818922014
1,151,7,7,N8012,23.51817734943287
1,152,8,7,N8012,24.091791431126357
1,153,9,7,N8012,25.239019594513326
1,154,10,7,N8012,27.533475921287266
1,155,11,7,N8012,28.871908778572063
1,156,12,7,N8012,30.21034163585686
1,157,13,7,N8012,31.166365105346003
1,158,14,7,N8012,31.54877449314166
1,159,15,7,N8012,31.166365105346003
1,160,16,7,N8012,31.739979187039488
1,161,17,7,N8012,31.931183880937315
1,162,18,7,N8012,31.739979187039488
1,163,19,7,N8012,32.5047979626308
1,164,20,7,N8012,31.931183880937315
1,165,21,7,N8012,31.739979187039488
1,166,22,7,N8012,31.739979187039488
1,167,23,7,N8012,34.799254289404736
1,168,24,7,N8012,36.71130122838302
2,1,1,1,N8012,42.44744204531787
2,2,2,1,N8012,38.432143473463476
2,3,3,1,N8012,36.32889184058737
2,4,4,1,N8012,35.75527775889388
2,5,5,1,N8012,35.1816636772004
2,6,6,1,N8012,34.799254289404736
2,7,7,1,N8012,36.32889184058737
2,8,8,1,N8012,39.19696224905479
2,9,9,1,N8012,43.59467020870484
2,10,10,1,N8012,45.315512453785296
2,11,11,1,N8012,45.315512453785296
2,12,12,1,N8012,44.74189837209181
2,13,13,1,N8012,41.3002138819309
2,14,14,1,N8012,39.00575755515696
2,15,15,1,N8012,38.432143473463476
2,16,16,1,N8012,39.00575755515696
2,17,17,1,N8012,39.00575755515696
2,18,18,1,N8012,39.19696224905479
2,19,19,1,N8012,42.44744204531787
2,20,20,1,N8012,46.84515000496792
2,21,21,1,N8012,46.080331229376604
2,22,22,1,N8012,45.88912653547878
2,23,23,1,N8012,46.65394531107009
2,24,24,1,N8012,45.124307759887465
2,25,1,2,N8012,41.682623269726555
2,26,2,2,N8012,38.04973408566782
2,27,3,2,N8012,35.946482452791706
2,28,4,2,N8012,34.99045898330257
2,29,5,2,N8012,34.41684490160908
2,30,6,2,N8012,32.5047979626308
2,31,7,2,N8012,35.56407306499605
2,32,8,2,N8012,38.432143473463476
2,33,9,2,N8012,42.25623735142004
2,34,10,2,N8012,45.124307759887465
2,35,11,2,N8012,44.55069367819398
2,36,12,2,N8012,43.59467020870484
2,37,13,2,N8012,42.44744204531787
2,38,14,2,N8012,41.10900918803307
2,39,15,2,N8012,39.9617810246461
2,40,16,2,N8012,39.9617810246461
2,41,17,2,N8012,40.726599800237416
2,42,18,2,N8012,40.535395106339585
2,43,19,2,N8012,42.06503265752221
2,44,20,2,N8012,47.99237816835489
2,45,21,2,N8012,47.60996878055923
2,46,22,2,N8012,47.60996878055923
2,47,23,2,N8012,46.46274061717226
2,48,24,2,N8012,43.785874902602664
2,49,1,3,N8012,40.535395106339585
2,50,2,3,N8012,36.13768714668954
2,51,3,3,N8012,34.22564020771125
2,52,4,3,N8012,33.46082143211994
2,53,5,3,N8012,33.65202612601777
2,54,6,3,N8012,33.65202612601777
2,55,7,3,N8012,34.60804959550691
2,56,8,3,N8012,36.90250592228085
2,57,9,3,N8012,41.3002138819309
2,58,10,3,N8012,43.40346551480701
2,59,11,3,N8012,42.829851433113525
2,60,12,3,N8012,42.25623735142004
2,61,13,3,N8012,41.873827963624386
2,62,14,3,N8012,40.91780449413524
2,63,15,3,N8012,40.15298571854393
2,64,16,3,N8012,39.77057633074827
2,65,17,3,N8012,39.77057633074827
2,66,18,3,N8012,40.91780449413524
2,67,19,3,N8012,43.59467020870484
2,68,20,3,N8012,46.84515000496792
2,69,21,3,N8012,46.271535923274435
2,70,22,3,N8012,46.271535923274435
2,71,23,3,N8012,45.124307759887465
2,72,24,3,N8012,42.638646739215694
2,73,1,4,N8012,39.77057633074827
2,74,2,4,N8012,36.32889184058737
2,75,3,4,N8012,34.60804959550691
2,76,4,4,N8012,33.46082143211994
2,77,5,4,N8012,33.46082143211994
2,78,6,4,N8012,32.88720735042646
2,79,7,4,N8012,33.8432308199156
2,80,8,4,N8012,36.32889184058737
2,81,9,4,N8012,41.3002138819309
2,82,10,4,N8012,42.638646739215694
2,83,11,4,N8012,41.491418575828725
2,84,12,4,N8012,40.15298571854393
2,85,13,4,N8012,39.19696224905479
2,86,14,4,N8012,37.85852939176999
2,87,15,4,N8012,38.240938779565646
2,88,16,4,N8012,37.66732469787216
2,89,17,4,N8012,38.62334816736131
2,90,18,4,N8012,39.388166942952616
2,91,19,4,N8012,42.06503265752221
2,92,20,4,N8012,46.080331229376604
2,93,21,4,N8012,45.69792184158095
2,94,22,4,N8012,45.88912653547878
2,95,23,4,N8012,44.74189837209181
2,96,24,4,N8012,42.638646739215694
2,97,1,5,N8012,40.15298571854393
2,98,2,5,N8012,35.946482452791706
2,99,3,5,N8012,34.22564020771125
2,100,4,5,N8012,33.46082143211994
2,101,5,5,N8012,32.5047979626308
2,102,6,5,N8012,33.26961673822211
2,103,7,5,N8012,33.8432308199156
2,104,8,5,N8012,36.32889184058737
2,105,9,5,N8012,41.3002138819309
2,106,10,5,N8012,43.40346551480701
2,107,11,5,N8012,42.44744204531787
2,108,12,5,N8012,40.726599800237416
2,109,13,5,N8012,40.535395106339585
2,110,14,5,N8012,39.00575755515696
2,111,15,5,N8012,37.66732469787216
2,112,16,5,N8012,37.85852939176999
2,113,17,5,N8012,37.66732469787216
2,114,18,5,N8012,37.85852939176999
2,115,19,5,N8012,41.3002138819309
2,116,20,5,N8012,45.88912653547878
2,117,21,5,N8012,45.88912653547878
2,118,22,5,N8012,45.50671714768312
2,119,23,5,N8012,44.55069367819398
2,120,24,5,N8012,42.25623735142004
2,121,1,6,N8012,40.535395106339585
2,122,2,6,N8012,36.13768714668954
2,123,3,6,N8012,34.22564020771125
2,124,4,6,N8012,32.12238857483514
2,125,5,6,N8012,32.31359326873297
2,126,6,6,N8012,32.5047979626308
2,127,7,6,N8012,32.5047979626308
2,128,8,6,N8012,34.60804959550691
2,129,9,6,N8012,38.81455286125913
2,130,10,6,N8012,40.15298571854393
2,131,11,6,N8012,39.9617810246461
2,132,12,6,N8012,40.535395106339585
2,133,13,6,N8012,39.19696224905479
2,134,14,6,N8012,38.62334816736131
2,135,15,6,N8012,37.47612000397434
2,136,16,6,N8012,36.52009653448519
2,137,17,6,N8012,37.093710616178676
2,138,18,6,N8012,38.04973408566782
2,139,19,6,N8012,40.726599800237416
2,140,20,6,N8012,45.50671714768312
2,141,21,6,N8012,45.124307759887465
2,142,22,6,N8012,45.315512453785296
2,143,23,6,N8012,44.55069367819398
2,144,24,6,N8012,42.829851433113525
2,145,1,7,N8012,41.491418575828725
2,146,2,7,N8012,35.37286837109822
2,147,3,7,N8012,39.77057633074827
2,148,4,7,N8012,34.799254289404736
2,149,5,7,N8012,34.799254289404736
2,150,6,7,N8012,34.799254289404736
2,151,7,7,N8012,35.1816636772004
2,152,8,7,N8012,36.13768714668954
2,153,9,7,N8012,38.240938779565646
2,154,10,7,N8012,39.77057633074827
2,155,11,7,N8012,41.10900918803307
2,156,12,7,N8012,40.535395106339585
2,157,13,7,N8012,40.15298571854393
2,158,14,7,N8012,39.77057633074827
2,159,15,7,N8012,38.81455286125913
2,160,16,7,N8012,37.66732469787216
2,161,17,7,N8012,37.85852939176999
2,162,18,7,N8012,38.62334816736131
2,163,19,7,N8012,42.44744204531787
2,164,20,7,N8012,47.80117347445706
2,165,21,7,N8012,46.84515000496792
2,166,22,7,N8012,46.46274061717226
2,167,23,7,N8012,46.84515000496792
2,168,24,7,N8012,43.785874902602664
1,1,1,1,N8014,18.889550658460724
1,2,2,1,N8014,18.889550658460724
1,3,3,1,N8014,18.889550658460724
1,4,4,1,N8014,18.889550658460724
1,5,5,1,N8014,18.889550658460724
1,6,6,1,N8014,18.889550658460724
1,7,7,1,N8014,18.889550658460724
1,8,8,1,N8014,18.889550658460724
1,9,9,1,N8014,18.889550658460724
1,10,10,1,N8014,18.889550658460724
1,11,11,1,N8014,18.889550658460724
1,12,12,1,N8014,18.889550658460724
1,13,13,1,N8014,18.889550658460724
1,14,14,1,N8014,18.889550658460724
1,15,15,1,N8014,18.889550658460724
1,16,16,1,N8014,18.889550658460724
1,17,17,1,N8014,18.889550658460724
1,18,18,1,N8014,18.889550658460724
1,19,19,1,N8014,18.889550658460724
1,20,20,1,N8014,18.889550658460724
1,21,21,1,N8014,18.889550658460724
1,22,22,1,N8014,18.889550658460724
1,23,23,1,N8014,18.889550658460724
1,24,24,1,N8014,18.889550658460724
1,25,1,2,N8014,18.889550658460724
1,26,2,2,N8014,18.889550658460724
1,27,3,2,N8014,18.889550658460724
1,28,4,2,N8014,18.889550658460724
1,29,5,2,N8014,18.889550658460724
1,30,6,2,N8014,18.889550658460724
1,31,7,2,N8014,18.889550658460724
1,32,8,2,N8014,18.889550658460724
1,33,9,2,N8014,18.889550658460724
1,34,10,2,N8014,18.889550658460724
1,35,11,2,N8014,18.889550658460724
1,36,12,2,N8014,18.889550658460724
1,37,13,2,N8014,18.889550658460724
1,38,14,2,N8014,18.889550658460724
1,39,15,2,N8014,18.889550658460724
1,40,16,2,N8014,18.889550658460724
1,41,17,2,N8014,18.889550658460724
1,42,18,2,N8014,18.889550658460724
1,43,19,2,N8014,18.889550658460724
1,44,20,2,N8014,18.889550658460724
1,45,21,2,N8014,18.889550658460724
1,46,22,2,N8014,18.889550658460724
1,47,23,2,N8014,18.889550658460724
1,48,24,2,N8014,18.889550658460724
1,49,1,3,N8014,18.889550658460724
1,50,2,3,N8014,18.889550658460724
1,51,3,3,N8014,18.889550658460724
1,52,4,3,N8014,18.889550658460724
1,53,5,3,N8014,18.889550658460724
1,54,6,3,N8014,18.889550658460724
1,55,7,3,N8014,18.889550658460724
1,56,8,3,N8014,18.889550658460724
1,57,9,3,N8014,18.889550658460724
1,58,10,3,N8014,18.889550658460724
1,59,11,3,N8014,18.889550658460724
1,60,12,3,N8014,18.889550658460724
1,61,13,3,N8014,18.889550658460724
1,62,14,3,N8014,18.889550658460724
1,63,15,3,N8014,18.889550658460724
1,64,16,3,N8014,18.889550658460724
1,65,17,3,N8014,18.889550658460724
1,66,18,3,N8014,18.889550658460724
1,67,19,3,N8014,18.889550658460724
1,68,20,3,N8014,18.889550658460724
1,69,21,3,N8014,18.889550658460724
1,70,22,3,N8014,18.889550658460724
1,71,23,3,N8014,18.889550658460724
1,72,24,3,N8014,18.889550658460724
1,73,1,4,N8014,18.889550658460724
1,74,2,4,N8014,18.889550658460724
1,75,3,4,N8014,18.889550658460724
1,76,4,4,N8014,18.889550658460724
1,77,5,4,N8014,18.889550658460724
1,78,6,4,N8014,18.889550658460724
1,79,7,4,N8014,18.889550658460724
1,80,8,4,N8014,18.889550658460724
1,81,9,4,N8014,18.889550658460724
1,82,10,4,N8014,18.889550658460724
1,83,11,4,N8014,18.889550658460724
1,84,12,4,N8014,18.889550658460724
1,85,13,4,N8014,18.889550658460724
1,86,14,4,N8014,18.889550658460724
1,87,15,4,N8014,18.889550658460724
1,88,16,4,N8014,18.889550658460724
1,89,17,4,N8014,18.889550658460724
1,90,18,4,N8014,18.889550658460724
1,91,19,4,N8014,18.889550658460724
1,92,20,4,N8014,18.889550658460724
1,93,21,4,N8014,18.889550658460724
1,94,22,4,N8014,18.889550658460724
1,95,23,4,N8014,18.889550658460724
1,96,24,4,N8014,18.889550658460724
1,97,1,5,N8014,18.889550658460724
1,98,2,5,N8014,18.889550658460724
1,99,3,5,N8014,18.889550658460724
1,100,4,5,N8014,18.889550658460724
1,101,5,5,N8014,18.889550658460724
1,102,6,5,N8014,18.889550658460724
1,103,7,5,N8014,18.889550658460724
1,104,8,5,N8014,18.889550658460724
1,105,9,5,N8014,18.889550658460724
1,106,10,5,N8014,18.889550658460724
1,107,11,5,N8014,18.889550658460724
1,108,12,5,N8014,18.889550658460724
1,109,13,5,N8014,18.889550658460724
1,110,14,5,N8014,18.889550658460724
1,111,15,5,N8014,18.889550658460724
1,112,16,5,N8014,18.889550658460724
1,113,17,5,N8014,18.889550658460724
1,114,18,5,N8014,18.889550658460724
1,115,19,5,N8014,18.889550658460724
1,116,20,5,N8014,18.889550658460724
1,117,21,5,N8014,18.889550658460724
1,118,22,5,N8014,18.889550658460724
1,119,23,5,N8014,18.889550658460724
1,120,24,5,N8014,18.889550658460724
1,121,1,6,N8014,18.889550658460724
1,122,2,6,N8014,18.889550658460724
1,123,3,6,N8014,18.889550658460724
1,124,4,6,N8014,18.889550658460724
1,125,5,6,N8014,18.889550658460724
1,126,6,6,N8014,18.889550658460724
1,127,7,6,N8014,18.889550658460724
1,128,8,6,N8014,18.889550658460724
1,129,9,6,N8014,18.889550658460724
1,130,10,6,N8014,18.889550658460724
1,131,11,6,N8014,18.889550658460724
1,132,12,6,N8014,18.889550658460724
1,133,13,6,N8014,18.889550658460724
1,134,14,6,N8014,18.889550658460724
1,135,15,6,N8014,18.889550658460724
1,136,16,6,N8014,18.889550658460724
1,137,17,6,N8014,18.889550658460724
1,138,18,6,N8014,18.889550658460724
1,139,19,6,N8014,18.889550658460724
1,140,20,6,N8014,18.889550658460724
1,141,21,6,N8014,18.889550658460724
1,142,22,6,N8014,18.889550658460724
1,143,23,6,N8014,18.889550658460724
1,144,24,6,N8014,18.889550658460724
1,145,1,7,N8014,18.889550658460724
1,146,2,7,N8014,18.889550658460724
1,147,3,7,N8014,18.889550658460724
1,148,4,7,N8014,18.889550658460724
1,149,5,7,N8014,18.889550658460724
1,150,6,7,N8014,18.889550658460724
1,151,7,7,N8014,18.889550658460724
1,152,8,7,N8014,18.889550658460724
1,153,9,7,N8014,18.889550658460724
1,154,10,7,N8014,18.889550658460724
1,155,11,7,N8014,18.889550658460724
1,156,12,7,N8014,18.889550658460724
1,157,13,7,N8014,18.889550658460724
1,158,14,7,N8014,18.889550658460724
1,159,15,7,N8014,18.889550658460724
1,160,16,7,N8014,18.889550658460724
1,161,17,7,N8014,18.889550658460724
1,162,18,7,N8014,18.889550658460724
1,163,19,7,N8014,18.889550658460724
1,164,20,7,N8014,18.889550658460724
1,165,21,7,N8014,18.889550658460724
1,166,22,7,N8014,18.889550658460724
1,167,23,7,N8014,18.889550658460724
1,168,24,7,N8014,18.889550658460724
2,1,1,1,N8014,18.889550658460724
2,2,2,1,N8014,18.889550658460724
2,3,3,1,N8014,18.889550658460724
2,4,4,1,N8014,18.889550658460724
2,5,5,1,N8014,18.889550658460724
2,6,6,1,N8014,18.889550658460724
2,7,7,1,N8014,18.889550658460724
2,8,8,1,N8014,18.889550658460724
2,9,9,1,N8014,18.889550658460724
2,10,10,1,N8014,18.889550658460724
2,11,11,1,N8014,18.889550658460724
2,12,12,1,N8014,18.889550658460724
2,13,13,1,N8014,18.889550658460724
2,14,14,1,N8014,18.889550658460724
2,15,15,1,N8014,18.889550658460724
2,16,16,1,N8014,18.889550658460724
2,17,17,1,N8014,18.889550658460724
2,18,18,1,N8014,18.889550658460724
2,19,19,1,N8014,18.889550658460724
2,20,20,1,N8014,18.889550658460724
2,21,21,1,N8014,18.889550658460724
2,22,22,1,N8014,18.889550658460724
2,23,23,1,N8014,18.889550658460724
2,24,24,1,N8014,18.889550658460724
2,25,1,2,N8014,18.889550658460724
2,26,2,2,N8014,18.889550658460724
2,27,3,2,N8014,18.889550658460724
2,28,4,2,N8014,18.889550658460724
2,29,5,2,N8014,18.889550658460724
2,30,6,2,N8014,18.889550658460724
2,31,7,2,N8014,18.889550658460724
2,32,8,2,N8014,18.889550658460724
2,33,9,2,N8014,18.889550658460724
2,34,10,2,N8014,18.889550658460724
2,35,11,2,N8014,18.889550658460724
2,36,12,2,N8014,18.889550658460724
2,37,13,2,N8014,18.889550658460724
2,38,14,2,N8014,18.889550658460724
2,39,15,2,N8014,18.889550658460724
2,40,16,2,N8014,18.889550658460724
2,41,17,2,N8014,18.889550658460724
2,42,18,2,N8014,18.889550658460724
2,43,19,2,N8014,18.889550658460724
2,44,20,2,N8014,18.889550658460724
2,45,21,2,N8014,18.889550658460724
2,46,22,2,N8014,18.889550658460724
2,47,23,2,N8014,18.889550658460724
2,48,24,2,N8014,18.889550658460724
2,49,1,3,N8014,18.889550658460724
2,50,2,3,N8014,18.889550658460724
2,51,3,3,N8014,18.889550658460724
2,52,4,3,N8014,18.889550658460724
2,53,5,3,N8014,18.889550658460724
2,54,6,3,N8014,18.889550658460724
2,55,7,3,N8014,18.889550658460724
2,56,8,3,N8014,18.889550658460724
2,57,9,3,N8014,18.889550658460724
2,58,10,3,N8014,18.889550658460724
2,59,11,3,N8014,18.889550658460724
2,60,12,3,N8014,18.889550658460724
2,61,13,3,N8014,18.889550658460724
2,62,14,3,N8014,18.889550658460724
2,63,15,3,N8014,18.889550658460724
2,64,16,3,N8014,18.889550658460724
2,65,17,3,N8014,18.889550658460724
2,66,18,3,N8014,18.889550658460724
2,67,19,3,N8014,18.889550658460724
2,68,20,3,N8014,18.889550658460724
2,69,21,3,N8014,18.889550658460724
2,70,22,3,N8014,18.889550658460724
2,71,23,3,N8014,18.889550658460724
2,72,24,3,N8014,18.889550658460724
2,73,1,4,N8014,18.889550658460724
2,74,2,4,N8014,18.889550658460724
2,75,3,4,N8014,18.889550658460724
2,76,4,4,N8014,18.889550658460724
2,77,5,4,N8014,18.889550658460724
2,78,6,4,N8014,18.889550658460724
2,79,7,4,N8014,18.889550658460724
2,80,8,4,N8014,18.889550658460724
2,81,9,4,N8014,18.889550658460724
2,82,10,4,N8014,18.889550658460724
2,83,11,4,N8014,18.889550658460724
2,84,12,4,N8014,18.889550658460724
2,85,13,4,N8014,18.889550658460724
2,86,14,4,N8014,18.889550658460724
2,87,15,4,N8014,18.889550658460724
2,88,16,4,N8014,18.889550658460724
2,89,17,4,N8014,18.889550658460724
2,90,18,4,N8014,18.889550658460724
2,91,19,4,N8014,18.889550658460724
2,92,20,4,N8014,18.889550658460724
2,93,21,4,N8014,18.889550658460724
2,94,22,4,N8014,18.889550658460724
2,95,23,4,N8014,18.889550658460724
2,96,24,4,N8014,18.889550658460724
2,97,1,5,N8014,18.889550658460724
2,98,2,5,N8014,18.889550658460724
2,99,3,5,N8014,18.889550658460724
2,100,4,5,N8014,18.889550658460724
2,101,5,5,N8014,18.889550658460724
2,102,6,5,N8014,18.889550658460724
2,103,7,5,N8014,18.889550658460724
2,104,8,5,N8014,18.889550658460724
2,105,9,5,N8014,18.889550658460724
2,106,10,5,N8014,18.889550658460724
2,107,11,5,N8014,18.889550658460724
2,108,12,5,N8014,18.889550658460724
2,109,13,5,N8014,18.889550658460724
2,110,14,5,N8014,18.889550658460724
2,111,15,5,N8014,18.889550658460724
2,112,16,5,N8014,18.889550658460724
2,113,17,5,N8014,18.889550658460724
2,114,18,5,N8014,18.889550658460724
2,115,19,5,N8014,18.889550658460724
2,116,20,5,N8014,18.889550658460724
2,117,21,5,N8014,18.889550658460724
2,118,22,5,N8014,18.889550658460724
2,119,23,5,N8014,18.889550658460724
2,120,24,5,N8014,18.889550658460724
2,121,1,6,N8014,18.889550658460724
2,122,2,6,N8014,18.889550658460724
2,123,3,6,N8014,18.889550658460724
2,124,4,6,N8014,18.889550658460724
2,125,5,6,N8014,18.889550658460724
2,126,6,6,N8014,18.889550658460724
2,127,7,6,N8014,18.889550658460724
2,128,8,6,N8014,18.889550658460724
2,129,9,6,N8014,18.889550658460724
2,130,10,6,N8014,18.889550658460724
2,131,11,6,N8014,18.889550658460724
2,132,12,6,N8014,18.889550658460724
2,133,13,6,N8014,18.889550658460724
2,134,14,6,N8014,18.889550658460724
2,135,15,6,N8014,18.889550658460724
2,136,16,6,N8014,18.889550658460724
2,137,17,6,N8014,18.889550658460724
2,138,18,6,N8014,18.889550658460724
2,139,19,6,N8014,18.889550658460724
2,140,20,6,N8014,18.889550658460724
2,141,21,6,N8014,18.889550658460724
2,142,22,6,N8014,18.889550658460724
2,143,23,6,N8014,18.889550658460724
2,144,24,6,N8014,18.889550658460724
2,145,1,7,N8014,18.889550658460724
2,146,2,7,N8014,18.889550658460724
2,147,3,7,N8014,18.889550658460724
2,148,4,7,N8014,18.889550658460724
2,149,5,7,N8014,18.889550658460724
2,150,6,7,N8014,18.889550658460724
2,151,7,7,N8014,18.889550658460724
2,152,8,7,N8014,18.889550658460724
2,153,9,7,N8014,18.889550658460724
2,154,10,7,N8014,18.889550658460724
2,155,11,7,N8014,18.889550658460724
2,156,12,7,N8014,18.889550658460724
2,157,13,7,N8014,18.889550658460724
2,158,14,7,N8014,18.889550658460724
2,159,15,7,N8014,18.889550658460724
2,160,16,7,N8014,18.889550658460724
2,161,17,7,N8014,18.889550658460724
2,162,18,7,N8014,18.889550658460724
2,163,19,7,N8014,18.889550658460724
2,164,20,7,N8014,18.889550658460724
2,165,21,7,N8014,18.889550658460724
2,166,22,7,N8014,18.889550658460724
2,167,23,7,N8014,18.889550658460724
2,168,24,7,N8014,18.889550658460724
